2026-08-02 22:32:26+05:30 =============
2026-08-02 22:32:26+05:30 == PyTorch ==
2026-08-02 22:32:26+05:30 =============
2026-08-02 22:32:26+05:30 
2026-08-02 22:32:26+05:30 NVIDIA Release 26.05 (build 313520559)
2026-08-02 22:32:26+05:30 PyTorch Version 2.12.0a0+5aff392
2026-08-02 22:32:26+05:30 Container image Copyright (c) 2026, NVIDIA CORPORATION & AFFILIATES. All rights reserved.
2026-08-02 22:32:26+05:30 Copyright (c) 2014-2024 Facebook Inc.
2026-08-02 22:32:26+05:30 Copyright (c) 2011-2014 Idiap Research Institute (Ronan Collobert)
2026-08-02 22:32:26+05:30 Copyright (c) 2012-2014 Deepmind Technologies    (Koray Kavukcuoglu)
2026-08-02 22:32:26+05:30 Copyright (c) 2011-2012 NEC Laboratories America (Koray Kavukcuoglu)
2026-08-02 22:32:26+05:30 Copyright (c) 2011-2013 NYU                      (Clement Farabet)
2026-08-02 22:32:26+05:30 Copyright (c) 2006-2010 NEC Laboratories America (Ronan Collobert, Leon Bottou, Iain Melvin, Jason Weston)
2026-08-02 22:32:26+05:30 Copyright (c) 2006      Idiap Research Institute (Samy Bengio)
2026-08-02 22:32:26+05:30 Copyright (c) 2001-2004 Idiap Research Institute (Ronan Collobert, Samy Bengio, Johnny Mariethoz)
2026-08-02 22:32:26+05:30 Copyright (c) 2015      Google Inc.
2026-08-02 22:32:26+05:30 Copyright (c) 2015      Yangqing Jia
2026-08-02 22:32:26+05:30 Copyright (c) 2013-2016 The Caffe contributors
2026-08-02 22:32:26+05:30 All rights reserved.
2026-08-02 22:32:26+05:30 
2026-08-02 22:32:26+05:30 Various files include modifications (c) NVIDIA CORPORATION & AFFILIATES.  All rights reserved.
2026-08-02 22:32:26+05:30 
2026-08-02 22:32:26+05:30 GOVERNING TERMS: The software and materials are governed by the NVIDIA Software License Agreement
2026-08-02 22:32:26+05:30 (found at https://www.nvidia.com/en-us/agreements/enterprise-software/nvidia-software-license-agreement/)
2026-08-02 22:32:26+05:30 and the Product-Specific Terms for NVIDIA AI Products
2026-08-02 22:32:26+05:30 (found at https://www.nvidia.com/en-us/agreements/enterprise-software/product-specific-terms-for-ai-products/).
2026-08-02 22:32:26+05:30 
2026-08-02 22:32:26+05:30 WARNING: CUDA Minor Version Compatibility mode ENABLED.
2026-08-02 22:32:26+05:30   Using driver version 580.95.05 which has support for CUDA 13.0.  This container
2026-08-02 22:32:26+05:30   was built with CUDA 13.2 and will be run in Minor Version Compatibility mode.
2026-08-02 22:32:26+05:30   CUDA Forward Compatibility is preferred over Minor Version Compatibility for use
2026-08-02 22:32:26+05:30   with this container but was unavailable:
2026-08-02 22:32:26+05:30   [[]]
2026-08-02 22:32:26+05:30   See https://docs.nvidia.com/deploy/cuda-compatibility/ for details.
2026-08-02 22:32:26+05:30 
2026-08-02 22:32:27+05:30 [STRESS] Snapshot load with WORKER_CONCURRENCY=4
2026-08-02 22:32:29+05:30 [SNAP_CREATE_START] pid=2 cuda_available=True allocated=0 reserved=0 memory_snapshot_segments=0
2026-08-02 22:32:35+05:30 W0802 17:02:35.840000 2 torch/utils/_pytree.py:630] <enum 'KernelPreference'> is an Enum subclass and is now natively supported by torch.compile as an opaque value type. Calling register_constant() on Enum subclasses is deprecated and will be an error in a future release.
2026-08-02 22:32:35+05:30 W0802 17:02:35.888000 2 torch/utils/_pytree.py:630] <enum 'ScaleCalculationMode'> is an Enum subclass and is now natively supported by torch.compile as an opaque value type. Calling register_constant() on Enum subclasses is deprecated and will be an error in a future release.
2026-08-02 22:32:35+05:30 Unable to import `torchao` Tensor objects. This may affect loading checkpoints serialized with `torchao`
2026-08-02 22:32:39+05:30 [SNAP_CREATE] flash_attn version: 2.7.4.post1
2026-08-02 22:32:39+05:30 [SNAP_CREATE] flash_attn_interface (FA3) NOT available
2026-08-02 22:32:39+05:30 [SNAP_CREATE] sageattention available
2026-08-02 22:32:39+05:30 [SNAP_CREATE] Loading FlashHead pipeline on GPU...
2026-08-02 22:32:39+05:30 2026-08-02 17:02:39.078 | INFO     | flash_head.inference:get_pipeline:21 - ulysses_degree: 1, ring_degree: 1, device: cuda
2026-08-02 22:32:41+05:30 There are modules in CausalVideoAutoencoder that should be kept in float32: []. Casting directly with `to()` can lead to inconsistent results; set `torch_dtype` in `from_pretrained()` instead to keep these modules in float32.
2026-08-02 22:32:41+05:30 There are modules in WanModelAudioProject that should be kept in float32: []. Casting directly with `to()` can lead to inconsistent results; set `torch_dtype` in `from_pretrained()` instead to keep these modules in float32.
2026-08-02 22:32:43+05:30 Some weights of Wav2Vec2Model were not initialized from the model checkpoint at /app/models/wav2vec2-base-960h and are newly initialized: ['masked_spec_embed']
2026-08-02 22:32:43+05:30 You should probably TRAIN this model on a down-stream task to be able to use it for predictions and inference.
2026-08-02 22:32:43+05:30 [SNAP_CREATE] Pipeline loaded in 4372.4ms
2026-08-02 22:32:43+05:30 2026-08-02 17:02:43.450 | INFO     | flash_head.src.pipeline.flash_head_pipeline:get_cached_lite_components:102 - Cached Lite model components for reuse
2026-08-02 22:32:43+05:30 [SNAP_CREATE_POST_PIPELINE_LOAD] pid=2 cuda_available=True allocated=4294345216 reserved=4578082816 memory_snapshot_segments=0
2026-08-02 22:32:43+05:30 [SNAP_CREATE] Running warmup inference on GPU...
2026-08-02 22:32:46+05:30 2026-08-02 17:02:46.136 | INFO     | flash_head.src.pipeline.flash_head_pipeline:generate:392 - [generate] DENOISE_STEPS total=1933.9ms steps=[s0=1814.8 s1=39.7 s2=40.5 s3=39.0] n_steps=4
2026-08-02 22:32:46+05:30 [SNAP_CREATE] Warmup completed in 2687.6ms
2026-08-02 22:32:46+05:30 [SNAP_CREATE_POST_WARMUP] pid=2 cuda_available=True allocated=4306209792 reserved=5941231616 memory_snapshot_segments=0
2026-08-02 22:32:46+05:30 [SNAP_CREATE] torch.compile state after warmup: is_compiled=False
2026-08-02 22:32:46+05:30 [SNAP_CREATE_AFTER_CLEANUP] pid=2 cuda_available=True allocated=4303916032 reserved=4580179968 memory_snapshot_segments=0
2026-08-02 22:32:46+05:30 [SNAP_PRE_RESET] SIGSEGV handler: <function _crash_handler at 0x2aad0d5bab60>
2026-08-02 22:32:46+05:30 [SNAP_PRE_RESET] SIGABRT handler: <function _crash_handler at 0x2aad0d5bab60>
2026-08-02 22:32:46+05:30 [SNAP_PRE_RESET] SIGBUS handler: <function _crash_handler at 0x2aad0d5bab60>
2026-08-02 22:32:46+05:30 [SNAP_PRE_RESET] SIGFPE handler: <function _crash_handler at 0x2aad0d5bab60>
2026-08-02 22:32:46+05:30 [SNAP] Resetting signal 11 from <function _crash_handler at 0x2aad0d5bab60> to SIG_DFL
2026-08-02 22:32:46+05:30 [SNAP] Resetting signal 6 from <function _crash_handler at 0x2aad0d5bab60> to SIG_DFL
2026-08-02 22:32:46+05:30 [SNAP] Resetting signal 7 from <function _crash_handler at 0x2aad0d5bab60> to SIG_DFL
2026-08-02 22:32:46+05:30 [SNAP] Resetting signal 8 from <function _crash_handler at 0x2aad0d5bab60> to SIG_DFL
2026-08-02 22:32:46+05:30 [SNAP_POST_RESET] SIGSEGV handler: 0
2026-08-02 22:32:46+05:30 [SNAP_POST_RESET] SIGABRT handler: 0
2026-08-02 22:32:46+05:30 [SNAP_POST_RESET] SIGBUS handler: 0
2026-08-02 22:32:46+05:30 [SNAP_POST_RESET] SIGFPE handler: 0
2026-08-02 22:32:46+05:30 [SNAP_CREATE] Ready for GPU snapshot (memory optimized)
2026-08-02 22:32:46+05:30 [RESTORE] Starting GPU snapshot restore
2026-08-02 22:32:46+05:30 [RESTORE_START] pid=2 cuda_available=True allocated=4303916032 reserved=4580179968 memory_snapshot_segments=0
2026-08-02 22:32:46+05:30 [RESTORE] cuda.is_available=True dist.is_initialized=False
2026-08-02 22:32:46+05:30 [RESTORE] allocated=4303916032 reserved=4580179968 memory_snapshot_segments=0
2026-08-02 22:32:46+05:30 [RESTORE] snap_pipeline exists: device=cuda
2026-08-02 22:32:46+05:30 [RESTORE_POST] SIGSEGV handler: 0
2026-08-02 22:32:46+05:30 [RESTORE_POST] SIGABRT handler: 0
2026-08-02 22:32:46+05:30 [RESTORE_POST] SIGBUS handler: 0
2026-08-02 22:32:46+05:30 [RESTORE_POST] SIGFPE handler: 0
2026-08-02 22:32:46+05:30 [RESTORE] torch.compile state: is_compiled=False
2026-08-02 22:32:46+05:30 [RESTORE_FINAL] pid=2 cuda_available=True allocated=4303916032 reserved=4580179968 memory_snapshot_segments=0
2026-08-02 22:32:46+05:30 [RESTORE] GPU snapshot restore complete
2026-08-02 22:32:46+05:30 [SERVE] Starting serve() post-restore (STRESS TEST, concurrency=4)
2026-08-02 22:32:46+05:30 2026-08-02 17:02:46,771 [INFO] handler: Using baked FlashHead checkpoint directory: /app/models/SoulX-FlashHead-1_3B
2026-08-02 22:32:46+05:30 2026-08-02 17:02:46,772 [INFO] utils.model_pool: Initializing FlashHead pool: initial_size=4 max_size=4
2026-08-02 22:32:46+05:30 2026-08-02 17:02:46,772 [INFO] utils.model_pool: Loading pipeline 1/4...
2026-08-02 22:32:46+05:30 2026-08-02 17:02:46.772 | INFO     | flash_head.inference:get_pipeline:21 - ulysses_degree: 1, ring_degree: 1, device: cuda
2026-08-02 22:32:46+05:30 2026-08-02 17:02:46.772 | INFO     | flash_head.src.pipeline.flash_head_pipeline:get_cached_lite_components:68 - Reusing cached Lite model components
2026-08-02 22:32:46+05:30 2026-08-02 17:02:46,772 [INFO] utils.model_pool: Pipeline 1/4 loaded successfully.
2026-08-02 22:32:46+05:30 2026-08-02 17:02:46,772 [INFO] utils.model_pool: Loading pipeline 2/4...
2026-08-02 22:32:46+05:30 2026-08-02 17:02:46.772 | INFO     | flash_head.inference:get_pipeline:21 - ulysses_degree: 1, ring_degree: 1, device: cuda
2026-08-02 22:32:46+05:30 2026-08-02 17:02:46.772 | INFO     | flash_head.src.pipeline.flash_head_pipeline:get_cached_lite_components:68 - Reusing cached Lite model components
2026-08-02 22:32:46+05:30 2026-08-02 17:02:46,772 [INFO] utils.model_pool: Pipeline 2/4 loaded successfully.
2026-08-02 22:32:46+05:30 2026-08-02 17:02:46,772 [INFO] utils.model_pool: Loading pipeline 3/4...
2026-08-02 22:32:46+05:30 2026-08-02 17:02:46.772 | INFO     | flash_head.inference:get_pipeline:21 - ulysses_degree: 1, ring_degree: 1, device: cuda
2026-08-02 22:32:46+05:30 2026-08-02 17:02:46.772 | INFO     | flash_head.src.pipeline.flash_head_pipeline:get_cached_lite_components:68 - Reusing cached Lite model components
2026-08-02 22:32:46+05:30 2026-08-02 17:02:46,772 [INFO] utils.model_pool: Pipeline 3/4 loaded successfully.
2026-08-02 22:32:46+05:30 2026-08-02 17:02:46,772 [INFO] utils.model_pool: Loading pipeline 4/4...
2026-08-02 22:32:46+05:30 2026-08-02 17:02:46.772 | INFO     | flash_head.inference:get_pipeline:21 - ulysses_degree: 1, ring_degree: 1, device: cuda
2026-08-02 22:32:46+05:30 2026-08-02 17:02:46.772 | INFO     | flash_head.src.pipeline.flash_head_pipeline:get_cached_lite_components:68 - Reusing cached Lite model components
2026-08-02 22:32:46+05:30 2026-08-02 17:02:46,772 [INFO] utils.model_pool: Pipeline 4/4 loaded successfully.
2026-08-02 22:32:46+05:30 2026-08-02 17:02:46,773 [INFO] BatchedStreamingEngine: BatchedStreamingEngine background thread started
2026-08-02 22:32:46+05:30 [STRESS] BatchedStreamingEngine started (wait_window=20ms)
2026-08-02 22:32:46+05:30 [STRESS] /readyz patched: prewarm check relaxed
2026-08-02 22:32:46+05:30 [SERVE_POST_RESTORE] flash_attn version: 2.7.4.post1
2026-08-02 22:32:46+05:30 [SERVE_POST_RESTORE] flash_attn_interface (FA3) NOT available
2026-08-02 22:32:46+05:30 [SERVE_POST_RESTORE] sageattention available
2026-08-02 22:32:46+05:30 2026-08-02 17:02:46,775 [INFO] default_avatar_cache: [default-avatar-cache] Manifest not found at /app/config/default_avatars.manifest.json. Falling back to per-session URL fetch.
2026-08-02 22:32:46+05:30 [modal] Default avatar manifest not found at /app/config/default_avatars.manifest.json - falling back to per-session URL fetch
2026-08-02 22:32:46+05:30 [modal] Default idle cache: cachedIdleVideoCount=0 failed=0
2026-08-02 22:32:46+05:30 [SERVE] Snapshot pipeline in model_pool: current_size=4 available=4
2026-08-02 22:32:46+05:30 2026-08-02 17:02:46,776 [INFO] modal_app_stress: aiohttp background thread started ident=46930301269696
2026-08-02 22:32:46+05:30 2026-08-02 17:02:46,776 [INFO] streaming.websocket_server: Starting WebSocket ingestion server on ws://0.0.0.0:8765
2026-08-02 22:32:46+05:30 2026-08-02 17:02:46,780 [INFO] websockets.server: server listening on 0.0.0.0:8765
2026-08-02 22:32:46+05:30 [SERVE] Models already on GPU from snapshot - marking ready immediately
2026-08-02 22:32:46+05:30 [SERVE_START] pid=2 cuda_available=True allocated=4303916032 reserved=4580179968 memory_snapshot_segments=0
2026-08-02 22:32:47+05:30 [prewarm] Connecting to wss://ai-14ksodzi.livekit.cloud room=prewarm-f0ee12a0 slot=1/1 attempt=1/required...
2026-08-02 22:32:47+05:30 Nvidia Decoder is supported.
2026-08-02 22:32:47+05:30 2026-08-02 17:02:47,908 [INFO] livekit: livekit_api::signal_client::signal_stream:104:livekit_api::signal_client::signal_stream - connecting to wss://ai-14ksodzi.livekit.cloud/rtc/v1
2026-08-02 22:32:48+05:30 [prewarm] Connected slot=1/1 in 950.8 ms, adding to pool
2026-08-02 22:32:48+05:30 2026-08-02 17:02:48,239 [INFO] modal_app_stress: aiohttp site started thread=46930301269696 event_loop=46930294884112
2026-08-02 22:32:48+05:30 [STRESS] All 4 pool slots filled from snapshot pipeline. No additional pipelines to load.
2026-08-02 22:32:48+05:30 [STRESS] Prewarm pool size=1. Test script will mint rooms for sessions 2-N.
2026-08-02 22:32:48+05:30 2026-08-02 17:02:48,268 [INFO] aiohttp.access: 172.20.23.127 [02/Aug/2026:17:02:48 +0000] "GET /readyz HTTP/1.1" 200 398 "-" "Mozilla/5.0 (Windows NT; Windows NT 10.0; en-IN) WindowsPowerShell/5.1.26100.7705"
2026-08-02 22:32:48+05:30 [METRICS] GPU_util=0% GPU_temp=31C GPU_mem=4.0GB/44.4GB (reserved=4.3GB) RSS=11764MB CPU_user=15.9s CPU_sys=4.3s sessions=0 pool=4/4
2026-08-02 22:32:48+05:30     GET /readyz -> 200 OK  (duration: 40.5 s, execution: 18.4 ms)
2026-08-02 22:32:53+05:30 [METRICS] GPU_util=0% GPU_temp=31C GPU_mem=4.0GB/44.4GB (reserved=4.3GB) RSS=11764MB CPU_user=19.7s CPU_sys=4.4s sessions=0 pool=4/4
2026-08-02 22:32:58+05:30 [METRICS] GPU_util=0% GPU_temp=32C GPU_mem=4.0GB/44.4GB (reserved=4.3GB) RSS=11764MB CPU_user=23.7s CPU_sys=4.5s sessions=0 pool=4/4
2026-08-02 22:33:03+05:30 [METRICS] GPU_util=0% GPU_temp=32C GPU_mem=4.0GB/44.4GB (reserved=4.3GB) RSS=11764MB CPU_user=27.6s CPU_sys=4.6s sessions=0 pool=4/4
2026-08-02 22:33:07+05:30 2026-08-02 17:03:07,159 [INFO] aiohttp.access: 172.20.23.127 [02/Aug/2026:17:03:07 +0000] "GET /readyz HTTP/1.1" 200 398 "-" "Python/3.14 aiohttp/3.14.1"
2026-08-02 22:33:07+05:30     GET /readyz -> 200 OK  (duration: 43.2 ms, execution: 12.3 ms)
2026-08-02 22:33:08+05:30 2026-08-02 17:03:08,105 [INFO] handler: [claim_room] Claimed room prewarm-f0ee12a0 for new session
2026-08-02 22:33:08+05:30 2026-08-02 17:03:08,106 [INFO] aiohttp.access: 172.20.23.127 [02/Aug/2026:17:03:08 +0000] "POST /room/claim HTTP/1.1" 200 965 "-" "Python/3.14 aiohttp/3.14.1"
2026-08-02 22:33:08+05:30    POST /room/claim -> 200 OK  (duration: 62.2 ms, execution: 28.4 ms)
2026-08-02 22:33:08+05:30 [METRICS] GPU_util=0% GPU_temp=32C GPU_mem=4.0GB/44.4GB (reserved=4.3GB) RSS=11764MB CPU_user=31.6s CPU_sys=4.8s sessions=0 pool=4/4
2026-08-02 22:33:09+05:30 2026-08-02 17:03:09,292 [INFO] handler: [pod_session_start] Received session=conc-test-1-f7914f room=prewarm-f0ee12a0 ingestion=websocket hasIdleAsset=False
2026-08-02 22:33:09+05:30 2026-08-02 17:03:09,292 [INFO] streaming.websocket_server: Registered WebSocket session: conc-test-1-f7914f
2026-08-02 22:33:09+05:30 2026-08-02 17:03:09,293 [INFO] aiohttp.access: 172.20.23.127 [02/Aug/2026:17:03:09 +0000] "POST /sessions/start HTTP/1.1" 202 271 "-" "Python/3.14 aiohttp/3.14.1"
2026-08-02 22:33:09+05:30 2026-08-02 17:03:09,293 [INFO] handler: [handler] Reusing pre-warmed LiveKit room prewarm-f0ee12a0 connection_state=1 identity=prewarm-prewarm-f0ee12a0
2026-08-02 22:33:09+05:30 2026-08-02 17:03:09,294 [INFO] batched_stream_processor: [BATCHED-DIAG] threading context: thread_id=46930301269696 thread_name=modal-aiohttp-server event_loop_id=46930294884112
2026-08-02 22:33:09+05:30 2026-08-02 17:03:09,294 [INFO] batched_stream_processor: Connecting to LiveKit room=prewarm-f0ee12a0 url=wss://ai-14ksodzi.livekit.cloud session=conc-test-1-f7914f
2026-08-02 22:33:09+05:30 2026-08-02 17:03:09,294 [INFO] batched_stream_processor: Reusing pre-connected LiveKit room=prewarm-f0ee12a0 session=conc-test-1-f7914f connection_state=1
2026-08-02 22:33:09+05:30    POST /sessions/start -> 202 Accepted  (duration: 59.5 ms, execution: 25.9 ms)
2026-08-02 22:33:09+05:30 2026-08-02 17:03:09,536 [INFO] batched_stream_processor: IDLE_FALLBACK_PUBLISHED session=conc-test-1-f7914f
2026-08-02 22:33:09+05:30 2026-08-02 17:03:09,536 [INFO] batched_stream_processor: Registering session conc-test-1-f7914f with BatchedStreamingEngine
2026-08-02 22:33:09+05:30 2026-08-02 17:03:09,538 [INFO] BatchedStreamingEngine: Session conc-test-1-f7914f added (total=1)
2026-08-02 22:33:09+05:30 2026-08-02 17:03:09,693 [INFO] batched_stream_processor: Session conc-test-1-f7914f registered with engine in 156.7 ms (avatar prepared)
2026-08-02 22:33:09+05:30 2026-08-02 17:03:09,693 [INFO] streaming.state_manager: [SM] Adaptive caps: p95_ms=350 buffer=9 peak=33 MAX=42 TARGET=33
2026-08-02 22:33:09+05:30 2026-08-02 17:03:09,693 [INFO] streaming.state_manager: [SM] Adaptive caps: p95_ms=350 buffer=9 peak=33 MAX=42 TARGET=33
2026-08-02 22:33:09+05:30 2026-08-02 17:03:09,693 [INFO] VideoPublisher: [VP-DIAG] First non-None frame received after 0 None ticks (~0.0s). Creating track...
2026-08-02 22:33:09+05:30 2026-08-02 17:03:09,693 [INFO] VideoPublisher: [VP-DIAG] Creating video track 512x512
2026-08-02 22:33:09+05:30 2026-08-02 17:03:09,695 [INFO] VideoPublisher: [VP-DIAG] Calling publish_track()...
2026-08-02 22:33:09+05:30 2026-08-02 17:03:09,703 [INFO] VideoPublisher: [VP-DIAG] publish_track() completed in 7.1 ms
2026-08-02 22:33:09+05:30 2026-08-02 17:03:09,706 [INFO] livekit: livekit::room::e2ee::manager:179:livekit::room::e2ee::manager - packet_trailer not enabled for published track TR_VCEuNproPLMaxR from prewarm-prewarm-f0ee12a0
2026-08-02 22:33:09+05:30 2026-08-02 17:03:09,708 [INFO] batched_stream_processor: [BATCHED-DIAG] {'event': 'local_track_published', 't': 0.414, 'sid': 'TR_VCEuNproPLMaxR', 'kind': 2}
2026-08-02 22:33:09+05:30 2026-08-02 17:03:09,709 [INFO] batched_stream_processor: IDLE_TRACK_PUBLISHED session=conc-test-1-f7914f room=prewarm-f0ee12a0
2026-08-02 22:33:09+05:30 2026-08-02 17:03:09,724 [INFO] livekit: livekit::rtc_engine::peer_transport:447:livekit::rtc_engine::peer_transport - Applying x-google-start-bitrate=2700 kbps (ultimate_bps=Some(3000000))
2026-08-02 22:33:09+05:30 2026-08-02 17:03:09,724 [INFO] livekit: livekit::rtc_engine::peer_transport:455:livekit::rtc_engine::peer_transport - SDP munged successfully for video codec
2026-08-02 22:33:11+05:30 2026-08-02 17:03:11,103 [INFO] aiohttp.access: 172.20.23.127 [02/Aug/2026:17:03:11 +0000] "POST /room/claim HTTP/1.1" 200 238 "-" "Python/3.14 aiohttp/3.14.1"
2026-08-02 22:33:11+05:30    POST /room/claim -> 200 OK  (duration: 55.8 ms, execution: 19.1 ms)
2026-08-02 22:33:12+05:30 2026-08-02 17:03:12,058 [INFO] handler: [pod_session_start] Received session=conc-test-2-9b1329 room=conc-test-285ba2ed ingestion=websocket hasIdleAsset=False
2026-08-02 22:33:12+05:30 2026-08-02 17:03:12,058 [INFO] streaming.websocket_server: Registered WebSocket session: conc-test-2-9b1329
2026-08-02 22:33:12+05:30 2026-08-02 17:03:12,059 [INFO] aiohttp.access: 172.20.23.127 [02/Aug/2026:17:03:12 +0000] "POST /sessions/start HTTP/1.1" 202 271 "-" "Python/3.14 aiohttp/3.14.1"
2026-08-02 22:33:12+05:30 2026-08-02 17:03:12,059 [INFO] handler: [handler] prewarm_pool.release() took 0.0ms for room conc-test-285ba2ed
2026-08-02 22:33:12+05:30 2026-08-02 17:03:12,060 [INFO] batched_stream_processor: [BATCHED-DIAG] threading context: thread_id=46930301269696 thread_name=modal-aiohttp-server event_loop_id=46930294884112
2026-08-02 22:33:12+05:30 2026-08-02 17:03:12,060 [INFO] batched_stream_processor: Connecting to LiveKit room=conc-test-285ba2ed url=wss://ai-14ksodzi.livekit.cloud session=conc-test-2-9b1329
2026-08-02 22:33:12+05:30 2026-08-02 17:03:12,060 [INFO] batched_stream_processor: [BATCHED-DIAG] room.connect() attempt 1/3 | url=wss://ai-14ksodzi.livekit.cloud
2026-08-02 22:33:12+05:30 2026-08-02 17:03:12,071 [INFO] batched_stream_processor: [BATCHED-DIAG] {'event': 'participant_connected', 't': 2.777, 'identity': 'viewer-script-conc-test-1-f7914f'}
2026-08-02 22:33:12+05:30 2026-08-02 17:03:12,083 [INFO] livekit: livekit_api::signal_client::signal_stream:104:livekit_api::signal_client::signal_stream - connecting to wss://ai-14ksodzi.livekit.cloud/rtc/v1
2026-08-02 22:33:12+05:30    POST /sessions/start -> 202 Accepted  (duration: 48.2 ms, execution: 16.5 ms)
2026-08-02 22:33:12+05:30 2026-08-02 17:03:12,358 [INFO] batched_stream_processor: Connected to LiveKit room=conc-test-285ba2ed (attempt 1, 298.5 ms). events=0
2026-08-02 22:33:12+05:30 2026-08-02 17:03:12,361 [INFO] batched_stream_processor: [BATCHED-DIAG] {'event': 'connection_state_changed', 't': 0.301, 'state': '1'}
2026-08-02 22:33:12+05:30 2026-08-02 17:03:12,468 [INFO] batched_stream_processor: IDLE_FALLBACK_PUBLISHED session=conc-test-2-9b1329
2026-08-02 22:33:12+05:30 2026-08-02 17:03:12,468 [INFO] batched_stream_processor: Registering session conc-test-2-9b1329 with BatchedStreamingEngine
2026-08-02 22:33:12+05:30 2026-08-02 17:03:12,479 [INFO] BatchedStreamingEngine: Session conc-test-2-9b1329 added (total=2)
2026-08-02 22:33:12+05:30 2026-08-02 17:03:12,527 [INFO] batched_stream_processor: [BATCHED-DIAG] {'event': 'participant_connected', 't': 0.468, 'identity': 'viewer-script-conc-test-2-9b1329'}
2026-08-02 22:33:12+05:30 2026-08-02 17:03:12,658 [INFO] batched_stream_processor: Session conc-test-2-9b1329 registered with engine in 190.1 ms (avatar prepared)
2026-08-02 22:33:12+05:30 2026-08-02 17:03:12,658 [INFO] streaming.state_manager: [SM] Adaptive caps: p95_ms=700 buffer=18 peak=42 MAX=54 TARGET=43
2026-08-02 22:33:12+05:30 2026-08-02 17:03:12,658 [INFO] streaming.state_manager: [SM] Adaptive caps: p95_ms=700 buffer=18 peak=42 MAX=54 TARGET=43
2026-08-02 22:33:12+05:30 2026-08-02 17:03:12,659 [INFO] VideoPublisher: [VP-DIAG] First non-None frame received after 0 None ticks (~0.0s). Creating track...
2026-08-02 22:33:12+05:30 2026-08-02 17:03:12,659 [INFO] VideoPublisher: [VP-DIAG] Creating video track 512x512
2026-08-02 22:33:12+05:30 2026-08-02 17:03:12,659 [INFO] VideoPublisher: [VP-DIAG] Calling publish_track()...
2026-08-02 22:33:12+05:30 2026-08-02 17:03:12,665 [INFO] VideoPublisher: [VP-DIAG] publish_track() completed in 5.2 ms
2026-08-02 22:33:12+05:30 2026-08-02 17:03:12,667 [INFO] livekit: livekit::room::e2ee::manager:179:livekit::room::e2ee::manager - packet_trailer not enabled for published track TR_VCc37ASZGdkQAm from aivatar-worker-conc-test-2-9b1329
2026-08-02 22:33:12+05:30 2026-08-02 17:03:12,667 [INFO] batched_stream_processor: IDLE_TRACK_PUBLISHED session=conc-test-2-9b1329 room=conc-test-285ba2ed
2026-08-02 22:33:12+05:30 2026-08-02 17:03:12,668 [INFO] batched_stream_processor: [BATCHED-DIAG] {'event': 'local_track_published', 't': 0.609, 'sid': 'TR_VCc37ASZGdkQAm', 'kind': 2}
2026-08-02 22:33:12+05:30 2026-08-02 17:03:12,688 [INFO] livekit: livekit::rtc_engine::peer_transport:447:livekit::rtc_engine::peer_transport - Applying x-google-start-bitrate=2700 kbps (ultimate_bps=Some(3000000))
2026-08-02 22:33:12+05:30 2026-08-02 17:03:12,689 [INFO] livekit: livekit::rtc_engine::peer_transport:455:livekit::rtc_engine::peer_transport - SDP munged successfully for video codec
2026-08-02 22:33:13+05:30 [METRICS] GPU_util=0% GPU_temp=32C GPU_mem=4.0GB/44.4GB (reserved=5.5GB) RSS=11764MB CPU_user=36.5s CPU_sys=5.4s sessions=2 pool=4/4
2026-08-02 22:33:13+05:30 2026-08-02 17:03:13,823 [INFO] handler: WS_REQUEST_RECEIVED session=conc-test-1-f7914f origin= ip=172.20.23.127
2026-08-02 22:33:13+05:30 2026-08-02 17:03:13,824 [INFO] handler: WS_CONNECT session=conc-test-1-f7914f origin= ip=172.20.23.127 handlerMs=0.5
2026-08-02 22:33:14+05:30 2026-08-02 17:03:14,076 [INFO] aiohttp.access: 172.20.23.127 [02/Aug/2026:17:03:14 +0000] "POST /room/claim HTTP/1.1" 200 238 "-" "Python/3.14 aiohttp/3.14.1"
2026-08-02 22:33:14+05:30    POST /room/claim -> 200 OK  (duration: 50.6 ms, execution: 14.7 ms)
2026-08-02 22:33:14+05:30 2026-08-02 17:03:14,460 [INFO] handler: WS_REQUEST_RECEIVED session=conc-test-2-9b1329 origin= ip=172.20.23.127
2026-08-02 22:33:14+05:30 2026-08-02 17:03:14,460 [INFO] handler: WS_CONNECT session=conc-test-2-9b1329 origin= ip=172.20.23.127 handlerMs=0.6
2026-08-02 22:33:14+05:30 2026-08-02 17:03:14,697 [INFO] VideoPublisher: VIDEO_PUBLISH_METRICS windowMs=5004 frames=126 effectiveFps=25.2 liveFrames=0 repeatedLiveFrames=0 idleFrames=126 desyncPct=100.0 maxGapMs=42.9 maxCaptureMs=1.6
2026-08-02 22:33:14+05:30 2026-08-02 17:03:14.873 | INFO     | flash_head.src.pipeline.flash_head_pipeline:generate_batch:538 - [generate_batch] GPU_BREAKDOWN denoise=276.4ms decode=84.5ms color+encode=33.9ms total=395.5ms batch_size=1
2026-08-02 22:33:14+05:30 2026-08-02 17:03:14.874 | INFO     | flash_head.src.pipeline.flash_head_pipeline:generate_batch:545 - [generate_batch] DENOISE_STEPS total=276.4ms steps=[s0=66.2 s1=54.5 s2=58.6 s3=97.1] n_steps=4 batch_size=1
2026-08-02 22:33:14+05:30 2026-08-02 17:03:14,913 [INFO] AudioPublisher: [AP-DIAG] Calling publish_track()...
2026-08-02 22:33:14+05:30 2026-08-02 17:03:14,919 [INFO] AudioPublisher: [AP-DIAG] publish_track() completed in 5.4 ms (16000 Hz, 1 ch)
2026-08-02 22:33:14+05:30 2026-08-02 17:03:14,922 [INFO] batched_stream_processor: [BATCHED-DIAG] {'event': 'local_track_published', 't': 5.628, 'sid': 'TR_AMeXMZhDbj4T8k', 'kind': 1}
2026-08-02 22:33:14+05:30 2026-08-02 17:03:14,934 [INFO] streaming.state_manager: [SM] IDLE -> TRANSITION_TO_LIVE (crossfade 8 frames, queue=24)
2026-08-02 22:33:14+05:30 2026-08-02 17:03:14,947 [INFO] livekit: livekit::rtc_engine::peer_transport:447:livekit::rtc_engine::peer_transport - Applying x-google-start-bitrate=2700 kbps (ultimate_bps=Some(3000000))
2026-08-02 22:33:15+05:30 2026-08-02 17:03:15,019 [INFO] handler: [pod_session_start] Received session=conc-test-3-8f9535 room=conc-test-e84082f0 ingestion=websocket hasIdleAsset=False
2026-08-02 22:33:15+05:30 2026-08-02 17:03:15,019 [INFO] streaming.websocket_server: Registered WebSocket session: conc-test-3-8f9535
2026-08-02 22:33:15+05:30 2026-08-02 17:03:15,020 [INFO] aiohttp.access: 172.20.23.127 [02/Aug/2026:17:03:15 +0000] "POST /sessions/start HTTP/1.1" 202 271 "-" "Python/3.14 aiohttp/3.14.1"
2026-08-02 22:33:15+05:30 2026-08-02 17:03:15,020 [INFO] handler: [handler] prewarm_pool.release() took 0.0ms for room conc-test-e84082f0
2026-08-02 22:33:15+05:30 2026-08-02 17:03:15,021 [INFO] batched_stream_processor: [BATCHED-DIAG] threading context: thread_id=46930301269696 thread_name=modal-aiohttp-server event_loop_id=46930294884112
2026-08-02 22:33:15+05:30 2026-08-02 17:03:15,021 [INFO] batched_stream_processor: Connecting to LiveKit room=conc-test-e84082f0 url=wss://ai-14ksodzi.livekit.cloud session=conc-test-3-8f9535
2026-08-02 22:33:15+05:30 2026-08-02 17:03:15,021 [INFO] batched_stream_processor: [BATCHED-DIAG] room.connect() attempt 1/3 | url=wss://ai-14ksodzi.livekit.cloud
2026-08-02 22:33:15+05:30 2026-08-02 17:03:15,057 [INFO] livekit: livekit_api::signal_client::signal_stream:104:livekit_api::signal_client::signal_stream - connecting to wss://ai-14ksodzi.livekit.cloud/rtc/v1
2026-08-02 22:33:15+05:30    POST /sessions/start -> 202 Accepted  (duration: 82.7 ms, execution: 40.9 ms)
2026-08-02 22:33:15+05:30 2026-08-02 17:03:15,254 [INFO] streaming.state_manager: [SM] TRANSITION_TO_LIVE -> LIVE
2026-08-02 22:33:15+05:30 2026-08-02 17:03:15.913 | INFO     | flash_head.src.pipeline.flash_head_pipeline:generate_batch:538 - [generate_batch] GPU_BREAKDOWN denoise=714.9ms decode=74.6ms color+encode=24.4ms total=814.6ms batch_size=1
2026-08-02 22:33:15+05:30 2026-08-02 17:03:15.913 | INFO     | flash_head.src.pipeline.flash_head_pipeline:generate_batch:545 - [generate_batch] DENOISE_STEPS total=714.9ms steps=[s0=429.1 s1=102.7 s2=102.3 s3=80.8] n_steps=4 batch_size=1
2026-08-02 22:33:15+05:30 2026-08-02 17:03:15,957 [INFO] AudioPublisher: [AP-DIAG] Calling publish_track()...
2026-08-02 22:33:15+05:30 2026-08-02 17:03:15,963 [INFO] AudioPublisher: [AP-DIAG] publish_track() completed in 5.5 ms (16000 Hz, 1 ch)
2026-08-02 22:33:15+05:30 2026-08-02 17:03:15,969 [INFO] batched_stream_processor: [BATCHED-DIAG] {'event': 'local_track_published', 't': 3.909, 'sid': 'TR_AMxWBhH5eacDYT', 'kind': 1}
2026-08-02 22:33:15+05:30 2026-08-02 17:03:15,983 [INFO] streaming.state_manager: [SM] IDLE -> TRANSITION_TO_LIVE (crossfade 8 frames, queue=24)
2026-08-02 22:33:15+05:30 2026-08-02 17:03:15,996 [INFO] livekit: livekit::rtc_engine::peer_transport:447:livekit::rtc_engine::peer_transport - Applying x-google-start-bitrate=2700 kbps (ultimate_bps=Some(3000000))
2026-08-02 22:33:16+05:30 2026-08-02 17:03:16,300 [INFO] streaming.state_manager: [SM] TRANSITION_TO_LIVE -> LIVE
2026-08-02 22:33:16+05:30 2026-08-02 17:03:16,420 [INFO] streaming.state_manager: [SM] LIVE -> TRANSITION_TO_IDLE (crossfade 8 frames)
2026-08-02 22:33:16+05:30 2026-08-02 17:03:16.650 | INFO     | flash_head.src.pipeline.flash_head_pipeline:generate_batch:538 - [generate_batch] GPU_BREAKDOWN denoise=386.7ms decode=162.0ms color+encode=47.4ms total=597.1ms batch_size=2
2026-08-02 22:33:16+05:30 2026-08-02 17:03:16.650 | INFO     | flash_head.src.pipeline.flash_head_pipeline:generate_batch:545 - [generate_batch] DENOISE_STEPS total=386.7ms steps=[s0=142.9 s1=78.0 s2=80.9 s3=84.9] n_steps=4 batch_size=2
2026-08-02 22:33:16+05:30 2026-08-02 17:03:16,694 [INFO] streaming.state_manager: [SM] IDLE -> TRANSITION_TO_LIVE (crossfade 8 frames, queue=24)
2026-08-02 22:33:17+05:30 2026-08-02 17:03:17,016 [INFO] streaming.state_manager: [SM] TRANSITION_TO_LIVE -> LIVE
2026-08-02 22:33:17+05:30 2026-08-02 17:03:17,180 [INFO] batched_stream_processor: [BATCHED-DIAG] {'event': 'quality_changed', 't': 5.12, 'participant': 'aivatar-worker-conc-test-2-9b1329', 'quality': '2'}
2026-08-02 22:33:17+05:30 2026-08-02 17:03:17.220 | INFO     | flash_head.src.pipeline.flash_head_pipeline:generate_batch:538 - [generate_batch] GPU_BREAKDOWN denoise=269.8ms decode=152.5ms color+encode=52.4ms total=475.1ms batch_size=2
2026-08-02 22:33:17+05:30 2026-08-02 17:03:17.220 | INFO     | flash_head.src.pipeline.flash_head_pipeline:generate_batch:545 - [generate_batch] DENOISE_STEPS total=269.8ms steps=[s0=64.1 s1=68.5 s2=70.5 s3=66.7] n_steps=4 batch_size=2
2026-08-02 22:33:17+05:30 2026-08-02 17:03:17,599 [INFO] handler: UTTERANCE_END_RECEIVED session=conc-test-1-f7914f
2026-08-02 22:33:17+05:30 2026-08-02 17:03:17,599 [INFO] batched_stream_processor: BATCHED_DRAIN_STARTED session=conc-test-1-f7914f keep_alive=True
2026-08-02 22:33:17+05:30 2026-08-02 17:03:17,600 [INFO] BatchedStreamingEngine: Session conc-test-1-f7914f marked for drain (keep_alive=True)
2026-08-02 22:33:17+05:30 2026-08-02 17:03:17,661 [INFO] VideoPublisher: VIDEO_PUBLISH_METRICS windowMs=5003 frames=126 effectiveFps=25.2 liveFrames=35 repeatedLiveFrames=0 idleFrames=91 desyncPct=72.2 maxGapMs=51.2 maxCaptureMs=1.0
2026-08-02 22:33:18+05:30 2026-08-02 17:03:18.164 | INFO     | flash_head.src.pipeline.flash_head_pipeline:generate_batch:538 - [generate_batch] GPU_BREAKDOWN denoise=252.4ms decode=151.4ms color+encode=50.1ms total=454.2ms batch_size=2
2026-08-02 22:33:18+05:30 2026-08-02 17:03:18.164 | INFO     | flash_head.src.pipeline.flash_head_pipeline:generate_batch:545 - [generate_batch] DENOISE_STEPS total=252.4ms steps=[s0=60.4 s1=64.7 s2=59.3 s3=67.9] n_steps=4 batch_size=2
2026-08-02 22:33:18+05:30 2026-08-02 17:03:18,403 [INFO] handler: UTTERANCE_END_RECEIVED session=conc-test-2-9b1329
2026-08-02 22:33:18+05:30 2026-08-02 17:03:18,403 [INFO] batched_stream_processor: BATCHED_DRAIN_STARTED session=conc-test-2-9b1329 keep_alive=True
2026-08-02 22:33:18+05:30 2026-08-02 17:03:18,403 [INFO] BatchedStreamingEngine: Session conc-test-2-9b1329 marked for drain (keep_alive=True)
2026-08-02 22:33:18+05:30 [METRICS] GPU_util=29% GPU_temp=36C GPU_mem=4.0GB/44.4GB (reserved=7.2GB) RSS=11764MB CPU_user=43.5s CPU_sys=5.9s sessions=3 pool=4/4
2026-08-02 22:33:19+05:30 2026-08-02 17:03:19.116 | INFO     | flash_head.src.pipeline.flash_head_pipeline:generate_batch:538 - [generate_batch] GPU_BREAKDOWN denoise=252.0ms decode=151.6ms color+encode=47.7ms total=451.7ms batch_size=2
2026-08-02 22:33:19+05:30 2026-08-02 17:03:19.116 | INFO     | flash_head.src.pipeline.flash_head_pipeline:generate_batch:545 - [generate_batch] DENOISE_STEPS total=252.0ms steps=[s0=59.1 s1=64.8 s2=59.5 s3=68.6] n_steps=4 batch_size=2
2026-08-02 22:33:19+05:30 2026-08-02 17:03:19,737 [INFO] VideoPublisher: VIDEO_PUBLISH_METRICS windowMs=5040 frames=126 effectiveFps=25.0 liveFrames=86 repeatedLiveFrames=12 idleFrames=28 desyncPct=31.7 maxGapMs=47.5 maxCaptureMs=4.0
2026-08-02 22:33:20+05:30 2026-08-02 17:03:20.064 | INFO     | flash_head.src.pipeline.flash_head_pipeline:generate_batch:538 - [generate_batch] GPU_BREAKDOWN denoise=236.3ms decode=154.3ms color+encode=47.9ms total=438.7ms batch_size=2
2026-08-02 22:33:20+05:30 2026-08-02 17:03:20.064 | INFO     | flash_head.src.pipeline.flash_head_pipeline:generate_batch:545 - [generate_batch] DENOISE_STEPS total=236.3ms steps=[s0=55.2 s1=58.3 s2=64.2 s3=58.6] n_steps=4 batch_size=2
2026-08-02 22:33:21+05:30 2026-08-02 17:03:21.040 | INFO     | flash_head.src.pipeline.flash_head_pipeline:generate_batch:538 - [generate_batch] GPU_BREAKDOWN denoise=256.6ms decode=151.5ms color+encode=47.2ms total=455.6ms batch_size=2
2026-08-02 22:33:21+05:30 2026-08-02 17:03:21.040 | INFO     | flash_head.src.pipeline.flash_head_pipeline:generate_batch:545 - [generate_batch] DENOISE_STEPS total=256.6ms steps=[s0=62.1 s1=65.8 s2=61.0 s3=67.6] n_steps=4 batch_size=2
2026-08-02 22:33:22+05:30 2026-08-02 17:03:22.020 | INFO     | flash_head.src.pipeline.flash_head_pipeline:generate_batch:538 - [generate_batch] GPU_BREAKDOWN denoise=274.1ms decode=152.2ms color+encode=47.6ms total=474.5ms batch_size=2
2026-08-02 22:33:22+05:30 2026-08-02 17:03:22.020 | INFO     | flash_head.src.pipeline.flash_head_pipeline:generate_batch:545 - [generate_batch] DENOISE_STEPS total=274.1ms steps=[s0=63.0 s1=68.3 s2=72.4 s3=70.3] n_steps=4 batch_size=2
2026-08-02 22:33:22+05:30 2026-08-02 17:03:22,662 [INFO] VideoPublisher: VIDEO_PUBLISH_METRICS windowMs=5001 frames=125 effectiveFps=25.0 liveFrames=125 repeatedLiveFrames=0 idleFrames=0 desyncPct=0.0 maxGapMs=45.5 maxCaptureMs=0.9
2026-08-02 22:33:22+05:30 2026-08-02 17:03:22.964 | INFO     | flash_head.src.pipeline.flash_head_pipeline:generate_batch:538 - [generate_batch] GPU_BREAKDOWN denoise=253.4ms decode=152.1ms color+encode=47.4ms total=453.2ms batch_size=2
2026-08-02 22:33:22+05:30 2026-08-02 17:03:22.964 | INFO     | flash_head.src.pipeline.flash_head_pipeline:generate_batch:545 - [generate_batch] DENOISE_STEPS total=253.4ms steps=[s0=59.7 s1=72.7 s2=63.4 s3=57.5] n_steps=4 batch_size=2
2026-08-02 22:33:23+05:30 2026-08-02 17:03:23,035 [INFO] BatchedStreamingEngine: cycle=10 batch=2 sessions=['conc-test-1-f7914f', 'conc-test-2-9b1329'] embed=30.9ms infer=453.8ms xfer=70.5ms total=555.3ms
2026-08-02 22:33:23+05:30 [METRICS] GPU_util=0% GPU_temp=36C GPU_mem=4.0GB/44.4GB (reserved=7.2GB) RSS=11764MB CPU_user=50.4s CPU_sys=6.3s sessions=3 pool=4/4
2026-08-02 22:33:23+05:30 2026-08-02 17:03:23.923 | INFO     | flash_head.src.pipeline.flash_head_pipeline:generate_batch:538 - [generate_batch] GPU_BREAKDOWN denoise=251.6ms decode=152.1ms color+encode=50.4ms total=455.0ms batch_size=2
2026-08-02 22:33:23+05:30 2026-08-02 17:03:23.923 | INFO     | flash_head.src.pipeline.flash_head_pipeline:generate_batch:545 - [generate_batch] DENOISE_STEPS total=251.6ms steps=[s0=62.3 s1=64.0 s2=62.5 s3=62.8] n_steps=4 batch_size=2
2026-08-02 22:33:24+05:30 2026-08-02 17:03:24,777 [INFO] VideoPublisher: VIDEO_PUBLISH_METRICS windowMs=5040 frames=126 effectiveFps=25.0 liveFrames=126 repeatedLiveFrames=0 idleFrames=0 desyncPct=0.0 maxGapMs=44.5 maxCaptureMs=0.9
2026-08-02 22:33:24+05:30 2026-08-02 17:03:24.879 | INFO     | flash_head.src.pipeline.flash_head_pipeline:generate_batch:538 - [generate_batch] GPU_BREAKDOWN denoise=254.8ms decode=152.2ms color+encode=47.8ms total=455.2ms batch_size=2
2026-08-02 22:33:24+05:30 2026-08-02 17:03:24.880 | INFO     | flash_head.src.pipeline.flash_head_pipeline:generate_batch:545 - [generate_batch] DENOISE_STEPS total=254.8ms steps=[s0=63.3 s1=64.3 s2=61.6 s3=65.7] n_steps=4 batch_size=2
2026-08-02 22:33:25+05:30 2026-08-02 17:03:25.849 | INFO     | flash_head.src.pipeline.flash_head_pipeline:generate_batch:538 - [generate_batch] GPU_BREAKDOWN denoise=255.6ms decode=151.9ms color+encode=48.3ms total=456.1ms batch_size=2
2026-08-02 22:33:25+05:30 2026-08-02 17:03:25.849 | INFO     | flash_head.src.pipeline.flash_head_pipeline:generate_batch:545 - [generate_batch] DENOISE_STEPS total=255.6ms steps=[s0=61.0 s1=69.3 s2=63.8 s3=61.5] n_steps=4 batch_size=2
2026-08-02 22:33:26+05:30 2026-08-02 17:03:26.805 | INFO     | flash_head.src.pipeline.flash_head_pipeline:generate_batch:538 - [generate_batch] GPU_BREAKDOWN denoise=259.6ms decode=151.6ms color+encode=47.3ms total=458.8ms batch_size=2
2026-08-02 22:33:26+05:30 2026-08-02 17:03:26.805 | INFO     | flash_head.src.pipeline.flash_head_pipeline:generate_batch:545 - [generate_batch] DENOISE_STEPS total=259.6ms steps=[s0=64.0 s1=65.2 s2=70.4 s3=59.9] n_steps=4 batch_size=2
2026-08-02 22:33:27+05:30 2026-08-02 17:03:27,701 [INFO] VideoPublisher: VIDEO_PUBLISH_METRICS windowMs=5039 frames=126 effectiveFps=25.0 liveFrames=126 repeatedLiveFrames=0 idleFrames=0 desyncPct=0.0 maxGapMs=44.8 maxCaptureMs=1.1
2026-08-02 22:33:27+05:30 2026-08-02 17:03:27.758 | INFO     | flash_head.src.pipeline.flash_head_pipeline:generate_batch:538 - [generate_batch] GPU_BREAKDOWN denoise=251.8ms decode=152.0ms color+encode=48.5ms total=452.6ms batch_size=2
2026-08-02 22:33:27+05:30 2026-08-02 17:03:27.758 | INFO     | flash_head.src.pipeline.flash_head_pipeline:generate_batch:545 - [generate_batch] DENOISE_STEPS total=251.8ms steps=[s0=58.3 s1=70.3 s2=61.4 s3=61.8] n_steps=4 batch_size=2
2026-08-02 22:33:28+05:30 2026-08-02 17:03:28,507 [INFO] batched_stream_processor: [BATCHED-DIAG] {'event': 'participant_connected', 't': 16.448, 'identity': 'viewer-manual-conc-test-2-9b1329'}
2026-08-02 22:33:28+05:30 [METRICS] GPU_util=75% GPU_temp=44C GPU_mem=4.1GB/44.4GB (reserved=7.2GB) RSS=11764MB CPU_user=57.4s CPU_sys=6.8s sessions=3 pool=4/4
2026-08-02 22:33:28+05:30 2026-08-02 17:03:28.767 | INFO     | flash_head.src.pipeline.flash_head_pipeline:generate_batch:538 - [generate_batch] GPU_BREAKDOWN denoise=296.8ms decode=151.4ms color+encode=51.3ms total=499.9ms batch_size=2
2026-08-02 22:33:28+05:30 2026-08-02 17:03:28.767 | INFO     | flash_head.src.pipeline.flash_head_pipeline:generate_batch:545 - [generate_batch] DENOISE_STEPS total=296.8ms steps=[s0=67.1 s1=71.6 s2=71.5 s3=86.6] n_steps=4 batch_size=2
2026-08-02 22:33:29+05:30 2026-08-02 17:03:29.717 | INFO     | flash_head.src.pipeline.flash_head_pipeline:generate_batch:538 - [generate_batch] GPU_BREAKDOWN denoise=287.7ms decode=151.7ms color+encode=47.8ms total=487.5ms batch_size=2
2026-08-02 22:33:29+05:30 2026-08-02 17:03:29.717 | INFO     | flash_head.src.pipeline.flash_head_pipeline:generate_batch:545 - [generate_batch] DENOISE_STEPS total=287.7ms steps=[s0=75.1 s1=70.6 s2=70.5 s3=71.6] n_steps=4 batch_size=2
2026-08-02 22:33:29+05:30 2026-08-02 17:03:29,817 [INFO] VideoPublisher: VIDEO_PUBLISH_METRICS windowMs=5039 frames=126 effectiveFps=25.0 liveFrames=126 repeatedLiveFrames=0 idleFrames=0 desyncPct=0.0 maxGapMs=48.0 maxCaptureMs=1.0
2026-08-02 22:33:30+05:30 2026-08-02 17:03:30,134 [WARNING] livekit: livekit::rtc_engine:516:livekit::rtc_engine - failed to connect: Connection("wait_pc_connection timed out"), retrying... (1/3)
2026-08-02 22:33:30+05:30 2026-08-02 17:03:30,167 [INFO] livekit: livekit_api::signal_client::signal_stream:104:livekit_api::signal_client::signal_stream - connecting to wss://ai-14ksodzi.livekit.cloud/rtc/v1
2026-08-02 22:33:30+05:30 2026-08-02 17:03:30.896 | INFO     | flash_head.src.pipeline.flash_head_pipeline:generate_batch:538 - [generate_batch] GPU_BREAKDOWN denoise=490.0ms decode=153.4ms color+encode=48.1ms total=692.0ms batch_size=2
2026-08-02 22:33:30+05:30 2026-08-02 17:03:30.896 | INFO     | flash_head.src.pipeline.flash_head_pipeline:generate_batch:545 - [generate_batch] DENOISE_STEPS total=490.0ms steps=[s0=264.9 s1=76.4 s2=71.2 s3=77.5] n_steps=4 batch_size=2
2026-08-02 22:33:30+05:30 2026-08-02 17:03:30,964 [INFO] BatchedStreamingEngine: Session conc-test-1-f7914f reactivated (keep_alive)
2026-08-02 22:33:30+05:30 2026-08-02 17:03:30,964 [INFO] BatchedStreamingEngine: Session conc-test-2-9b1329 reactivated (keep_alive)
2026-08-02 22:33:31+05:30 2026-08-02 17:03:31,804 [INFO] handler: UTTERANCE_END_RECEIVED session=conc-test-1-f7914f
2026-08-02 22:33:32+05:30 2026-08-02 17:03:32,580 [INFO] streaming.state_manager: [SM] LIVE -> TRANSITION_TO_IDLE (crossfade 8 frames)
2026-08-02 22:33:32+05:30 2026-08-02 17:03:32,741 [INFO] VideoPublisher: VIDEO_PUBLISH_METRICS windowMs=5040 frames=126 effectiveFps=25.0 liveFrames=115 repeatedLiveFrames=11 idleFrames=0 desyncPct=8.7 maxGapMs=44.1 maxCaptureMs=0.8
2026-08-02 22:33:32+05:30 2026-08-02 17:03:32,825 [INFO] streaming.state_manager: [SM] LIVE -> TRANSITION_TO_IDLE (crossfade 8 frames)
2026-08-02 22:33:32+05:30 2026-08-02 17:03:32,894 [INFO] streaming.state_manager: [SM] TRANSITION_TO_IDLE -> IDLE
2026-08-02 22:33:33+05:30 2026-08-02 17:03:33,021 [INFO] batched_stream_processor: BATCHED_DRAIN_COMPLETED session=conc-test-1-f7914f cycles=132 elapsed=15421.9ms keep_alive=True
2026-08-02 22:33:33+05:30 2026-08-02 17:03:33,087 [INFO] batched_stream_processor: BATCHED_DRAIN_STARTED session=conc-test-1-f7914f keep_alive=True
2026-08-02 22:33:33+05:30 2026-08-02 17:03:33,088 [INFO] BatchedStreamingEngine: Session conc-test-1-f7914f marked for drain (keep_alive=True)
2026-08-02 22:33:33+05:30 2026-08-02 17:03:33,141 [INFO] streaming.state_manager: [SM] TRANSITION_TO_IDLE -> IDLE
2026-08-02 22:33:33+05:30 2026-08-02 17:03:33,299 [INFO] batched_stream_processor: BATCHED_DRAIN_COMPLETED session=conc-test-2-9b1329 cycles=125 elapsed=14896.1ms keep_alive=True
2026-08-02 22:33:33+05:30 2026-08-02 17:03:33.495 | INFO     | flash_head.src.pipeline.flash_head_pipeline:generate_batch:538 - [generate_batch] GPU_BREAKDOWN denoise=339.2ms decode=72.9ms color+encode=23.3ms total=435.6ms batch_size=1
2026-08-02 22:33:33+05:30 2026-08-02 17:03:33.496 | INFO     | flash_head.src.pipeline.flash_head_pipeline:generate_batch:545 - [generate_batch] DENOISE_STEPS total=339.2ms steps=[s0=87.2 s1=53.5 s2=51.1 s3=147.4] n_steps=4 batch_size=1
2026-08-02 22:33:33+05:30 2026-08-02 17:03:33,538 [INFO] streaming.state_manager: [SM] IDLE -> TRANSITION_TO_LIVE (crossfade 8 frames, queue=24)
2026-08-02 22:33:33+05:30 [METRICS] GPU_util=46% GPU_temp=42C GPU_mem=4.1GB/44.4GB (reserved=7.2GB) RSS=11764MB CPU_user=64.2s CPU_sys=7.3s sessions=3 pool=4/4
2026-08-02 22:33:33+05:30 2026-08-02 17:03:33,853 [INFO] handler: UTTERANCE_END_RECEIVED session=conc-test-2-9b1329
2026-08-02 22:33:33+05:30 2026-08-02 17:03:33,853 [INFO] batched_stream_processor: BATCHED_DRAIN_STARTED session=conc-test-2-9b1329 keep_alive=True
2026-08-02 22:33:33+05:30 2026-08-02 17:03:33,853 [INFO] BatchedStreamingEngine: Session conc-test-2-9b1329 marked for drain (keep_alive=True)
2026-08-02 22:33:33+05:30 2026-08-02 17:03:33,854 [INFO] streaming.state_manager: [SM] TRANSITION_TO_LIVE -> LIVE
2026-08-02 22:33:34+05:30 2026-08-02 17:03:34.010 | INFO     | flash_head.src.pipeline.flash_head_pipeline:generate_batch:538 - [generate_batch] GPU_BREAKDOWN denoise=250.0ms decode=152.3ms color+encode=47.2ms total=449.7ms batch_size=2
2026-08-02 22:33:34+05:30 2026-08-02 17:03:34.011 | INFO     | flash_head.src.pipeline.flash_head_pipeline:generate_batch:545 - [generate_batch] DENOISE_STEPS total=250.0ms steps=[s0=72.8 s1=58.6 s2=62.1 s3=56.5] n_steps=4 batch_size=2
2026-08-02 22:33:34+05:30 2026-08-02 17:03:34,059 [INFO] streaming.state_manager: [SM] IDLE -> TRANSITION_TO_LIVE (crossfade 8 frames, queue=24)
2026-08-02 22:33:34+05:30 2026-08-02 17:03:34,075 [INFO] BatchedStreamingEngine: cycle=20 batch=2 sessions=['conc-test-2-9b1329', 'conc-test-1-f7914f'] embed=28.9ms infer=450.3ms xfer=64.6ms total=543.9ms
2026-08-02 22:33:34+05:30 2026-08-02 17:03:34,380 [INFO] streaming.state_manager: [SM] TRANSITION_TO_LIVE -> LIVE
2026-08-02 22:33:34+05:30 2026-08-02 17:03:34,856 [INFO] VideoPublisher: VIDEO_PUBLISH_METRICS windowMs=5039 frames=126 effectiveFps=25.0 liveFrames=82 repeatedLiveFrames=12 idleFrames=32 desyncPct=34.9 maxGapMs=51.9 maxCaptureMs=0.8
2026-08-02 22:33:34+05:30 2026-08-02 17:03:34.962 | INFO     | flash_head.src.pipeline.flash_head_pipeline:generate_batch:538 - [generate_batch] GPU_BREAKDOWN denoise=246.3ms decode=152.0ms color+encode=47.8ms total=446.3ms batch_size=2
2026-08-02 22:33:34+05:30 2026-08-02 17:03:34.963 | INFO     | flash_head.src.pipeline.flash_head_pipeline:generate_batch:545 - [generate_batch] DENOISE_STEPS total=246.3ms steps=[s0=60.4 s1=64.3 s2=63.7 s3=57.9] n_steps=4 batch_size=2
2026-08-02 22:33:35+05:30 2026-08-02 17:03:35.918 | INFO     | flash_head.src.pipeline.flash_head_pipeline:generate_batch:538 - [generate_batch] GPU_BREAKDOWN denoise=239.5ms decode=152.2ms color+encode=47.6ms total=439.7ms batch_size=2
2026-08-02 22:33:35+05:30 2026-08-02 17:03:35.918 | INFO     | flash_head.src.pipeline.flash_head_pipeline:generate_batch:545 - [generate_batch] DENOISE_STEPS total=239.5ms steps=[s0=57.9 s1=61.0 s2=61.6 s3=59.0] n_steps=4 batch_size=2
2026-08-02 22:33:36+05:30 2026-08-02 17:03:36.898 | INFO     | flash_head.src.pipeline.flash_head_pipeline:generate_batch:538 - [generate_batch] GPU_BREAKDOWN denoise=261.3ms decode=152.0ms color+encode=47.7ms total=461.3ms batch_size=2
2026-08-02 22:33:36+05:30 2026-08-02 17:03:36.898 | INFO     | flash_head.src.pipeline.flash_head_pipeline:generate_batch:545 - [generate_batch] DENOISE_STEPS total=261.3ms steps=[s0=62.3 s1=67.9 s2=70.1 s3=61.1] n_steps=4 batch_size=2
2026-08-02 22:33:37+05:30 2026-08-02 17:03:37,742 [INFO] VideoPublisher: VIDEO_PUBLISH_METRICS windowMs=5001 frames=125 effectiveFps=25.0 liveFrames=85 repeatedLiveFrames=1 idleFrames=39 desyncPct=32.0 maxGapMs=45.3 maxCaptureMs=0.8
2026-08-02 22:33:37+05:30 2026-08-02 17:03:37.839 | INFO     | flash_head.src.pipeline.flash_head_pipeline:generate_batch:538 - [generate_batch] GPU_BREAKDOWN denoise=242.8ms decode=152.4ms color+encode=48.2ms total=443.8ms batch_size=2
2026-08-02 22:33:37+05:30 2026-08-02 17:03:37.839 | INFO     | flash_head.src.pipeline.flash_head_pipeline:generate_batch:545 - [generate_batch] DENOISE_STEPS total=242.8ms steps=[s0=61.7 s1=61.6 s2=61.2 s3=58.3] n_steps=4 batch_size=2
2026-08-02 22:33:38+05:30 [METRICS] GPU_util=75% GPU_temp=45C GPU_mem=4.1GB/44.4GB (reserved=7.2GB) RSS=11764MB CPU_user=71.0s CPU_sys=7.7s sessions=3 pool=4/4
2026-08-02 22:33:38+05:30 2026-08-02 17:03:38.814 | INFO     | flash_head.src.pipeline.flash_head_pipeline:generate_batch:538 - [generate_batch] GPU_BREAKDOWN denoise=256.9ms decode=153.9ms color+encode=47.3ms total=458.5ms batch_size=2
2026-08-02 22:33:38+05:30 2026-08-02 17:03:38.815 | INFO     | flash_head.src.pipeline.flash_head_pipeline:generate_batch:545 - [generate_batch] DENOISE_STEPS total=256.9ms steps=[s0=63.7 s1=61.8 s2=66.9 s3=64.5] n_steps=4 batch_size=2
2026-08-02 22:33:39+05:30 2026-08-02 17:03:39,695 [INFO] streaming.state_manager: [SM] Adaptive caps: p95_ms=770 buffer=20 peak=44 MAX=57 TARGET=45
2026-08-02 22:33:39+05:30 2026-08-02 17:03:39.761 | INFO     | flash_head.src.pipeline.flash_head_pipeline:generate_batch:538 - [generate_batch] GPU_BREAKDOWN denoise=244.8ms decode=152.4ms color+encode=47.6ms total=445.0ms batch_size=2
2026-08-02 22:33:39+05:30 2026-08-02 17:03:39.761 | INFO     | flash_head.src.pipeline.flash_head_pipeline:generate_batch:545 - [generate_batch] DENOISE_STEPS total=244.8ms steps=[s0=59.8 s1=65.1 s2=61.2 s3=58.7] n_steps=4 batch_size=2
2026-08-02 22:33:39+05:30 2026-08-02 17:03:39,896 [INFO] VideoPublisher: VIDEO_PUBLISH_METRICS windowMs=5040 frames=126 effectiveFps=25.0 liveFrames=126 repeatedLiveFrames=0 idleFrames=0 desyncPct=0.0 maxGapMs=44.7 maxCaptureMs=0.9
2026-08-02 22:33:40+05:30 2026-08-02 17:03:40.738 | INFO     | flash_head.src.pipeline.flash_head_pipeline:generate_batch:538 - [generate_batch] GPU_BREAKDOWN denoise=263.7ms decode=151.8ms color+encode=48.0ms total=463.8ms batch_size=2
2026-08-02 22:33:40+05:30 2026-08-02 17:03:40.738 | INFO     | flash_head.src.pipeline.flash_head_pipeline:generate_batch:545 - [generate_batch] DENOISE_STEPS total=263.7ms steps=[s0=70.5 s1=57.9 s2=66.7 s3=68.5] n_steps=4 batch_size=2
2026-08-02 22:33:41+05:30 2026-08-02 17:03:41.686 | INFO     | flash_head.src.pipeline.flash_head_pipeline:generate_batch:538 - [generate_batch] GPU_BREAKDOWN denoise=246.8ms decode=152.3ms color+encode=47.8ms total=447.2ms batch_size=2
2026-08-02 22:33:41+05:30 2026-08-02 17:03:41.686 | INFO     | flash_head.src.pipeline.flash_head_pipeline:generate_batch:545 - [generate_batch] DENOISE_STEPS total=246.8ms steps=[s0=60.6 s1=60.6 s2=64.2 s3=61.5] n_steps=4 batch_size=2
2026-08-02 22:33:42+05:30 2026-08-02 17:03:42,660 [INFO] streaming.state_manager: [SM] Adaptive caps: p95_ms=770 buffer=20 peak=44 MAX=57 TARGET=45
2026-08-02 22:33:42+05:30 2026-08-02 17:03:42.682 | INFO     | flash_head.src.pipeline.flash_head_pipeline:generate_batch:538 - [generate_batch] GPU_BREAKDOWN denoise=271.7ms decode=152.1ms color+encode=48.7ms total=472.8ms batch_size=2
2026-08-02 22:33:42+05:30 2026-08-02 17:03:42.682 | INFO     | flash_head.src.pipeline.flash_head_pipeline:generate_batch:545 - [generate_batch] DENOISE_STEPS total=271.7ms steps=[s0=74.4 s1=66.8 s2=61.8 s3=68.6] n_steps=4 batch_size=2
2026-08-02 22:33:42+05:30 2026-08-02 17:03:42,781 [INFO] VideoPublisher: VIDEO_PUBLISH_METRICS windowMs=5039 frames=126 effectiveFps=25.0 liveFrames=125 repeatedLiveFrames=1 idleFrames=0 desyncPct=0.8 maxGapMs=44.7 maxCaptureMs=0.9
2026-08-02 22:33:43+05:30 [METRICS] GPU_util=78% GPU_temp=46C GPU_mem=4.3GB/44.4GB (reserved=7.2GB) RSS=11764MB CPU_user=78.1s CPU_sys=7.9s sessions=3 pool=4/4
2026-08-02 22:33:43+05:30 2026-08-02 17:03:43.625 | INFO     | flash_head.src.pipeline.flash_head_pipeline:generate_batch:538 - [generate_batch] GPU_BREAKDOWN denoise=262.7ms decode=156.3ms color+encode=50.0ms total=469.4ms batch_size=2
2026-08-02 22:33:43+05:30 2026-08-02 17:03:43.626 | INFO     | flash_head.src.pipeline.flash_head_pipeline:generate_batch:545 - [generate_batch] DENOISE_STEPS total=262.7ms steps=[s0=66.8 s1=65.0 s2=66.2 s3=64.8] n_steps=4 batch_size=2
2026-08-02 22:33:43+05:30 2026-08-02 17:03:43,693 [INFO] BatchedStreamingEngine: cycle=30 batch=2 sessions=['conc-test-1-f7914f', 'conc-test-2-9b1329'] embed=24.6ms infer=469.8ms xfer=66.8ms total=561.3ms
2026-08-02 22:33:44+05:30 2026-08-02 17:03:44.569 | INFO     | flash_head.src.pipeline.flash_head_pipeline:generate_batch:538 - [generate_batch] GPU_BREAKDOWN denoise=255.0ms decode=151.7ms color+encode=47.5ms total=454.6ms batch_size=2
2026-08-02 22:33:44+05:30 2026-08-02 17:03:44.569 | INFO     | flash_head.src.pipeline.flash_head_pipeline:generate_batch:545 - [generate_batch] DENOISE_STEPS total=255.0ms steps=[s0=59.1 s1=61.3 s2=68.0 s3=66.7] n_steps=4 batch_size=2
2026-08-02 22:33:44+05:30 2026-08-02 17:03:44,936 [INFO] VideoPublisher: VIDEO_PUBLISH_METRICS windowMs=5039 frames=126 effectiveFps=25.0 liveFrames=126 repeatedLiveFrames=0 idleFrames=0 desyncPct=0.0 maxGapMs=43.6 maxCaptureMs=0.8
2026-08-02 22:33:45+05:30 2026-08-02 17:03:45,246 [WARNING] livekit: livekit::rtc_engine:516:livekit::rtc_engine - failed to connect: Connection("wait_pc_connection timed out"), retrying... (2/3)
2026-08-02 22:33:45+05:30 2026-08-02 17:03:45,275 [INFO] livekit: livekit_api::signal_client::signal_stream:104:livekit_api::signal_client::signal_stream - connecting to wss://ai-14ksodzi.livekit.cloud/rtc/v1
2026-08-02 22:33:45+05:30 2026-08-02 17:03:45,572 [INFO] batched_stream_processor: Connected to LiveKit room=conc-test-e84082f0 (attempt 1, 30550.8 ms). events=0
2026-08-02 22:33:45+05:30 2026-08-02 17:03:45,577 [INFO] batched_stream_processor: [BATCHED-DIAG] {'event': 'connection_state_changed', 't': 30.556, 'state': '1'}
2026-08-02 22:33:45+05:30 2026-08-02 17:03:45,672 [INFO] batched_stream_processor: IDLE_FALLBACK_PUBLISHED session=conc-test-3-8f9535
2026-08-02 22:33:45+05:30 2026-08-02 17:03:45,672 [INFO] batched_stream_processor: Registering session conc-test-3-8f9535 with BatchedStreamingEngine
2026-08-02 22:33:45+05:30 2026-08-02 17:03:45,673 [INFO] BatchedStreamingEngine: Session conc-test-3-8f9535 added (total=3)
2026-08-02 22:33:45+05:30 2026-08-02 17:03:45,837 [INFO] batched_stream_processor: Session conc-test-3-8f9535 registered with engine in 164.2 ms (avatar prepared)
2026-08-02 22:33:45+05:30 2026-08-02 17:03:45,837 [INFO] streaming.state_manager: [SM] Adaptive caps: p95_ms=770 buffer=20 peak=44 MAX=57 TARGET=45
2026-08-02 22:33:45+05:30 2026-08-02 17:03:45,838 [INFO] streaming.state_manager: [SM] Adaptive caps: p95_ms=770 buffer=20 peak=44 MAX=57 TARGET=45
2026-08-02 22:33:45+05:30 2026-08-02 17:03:45,838 [INFO] VideoPublisher: [VP-DIAG] First non-None frame received after 0 None ticks (~0.0s). Creating track...
2026-08-02 22:33:45+05:30 2026-08-02 17:03:45,838 [INFO] VideoPublisher: [VP-DIAG] Creating video track 512x512
2026-08-02 22:33:45+05:30 2026-08-02 17:03:45,839 [INFO] VideoPublisher: [VP-DIAG] Calling publish_track()...
2026-08-02 22:33:45+05:30 2026-08-02 17:03:45,845 [INFO] VideoPublisher: [VP-DIAG] publish_track() completed in 5.6 ms
2026-08-02 22:33:45+05:30 2026-08-02 17:03:45,846 [INFO] livekit: livekit::room::e2ee::manager:179:livekit::room::e2ee::manager - packet_trailer not enabled for published track TR_VCtavSiAifi6EJ from aivatar-worker-conc-test-3-8f9535
2026-08-02 22:33:45+05:30 2026-08-02 17:03:45,847 [INFO] batched_stream_processor: [BATCHED-DIAG] {'event': 'local_track_published', 't': 30.826, 'sid': 'TR_VCtavSiAifi6EJ', 'kind': 2}
2026-08-02 22:33:45+05:30 2026-08-02 17:03:45,847 [INFO] batched_stream_processor: IDLE_TRACK_PUBLISHED session=conc-test-3-8f9535 room=conc-test-e84082f0
2026-08-02 22:33:45+05:30 2026-08-02 17:03:45,866 [INFO] livekit: livekit::rtc_engine::peer_transport:447:livekit::rtc_engine::peer_transport - Applying x-google-start-bitrate=2700 kbps (ultimate_bps=Some(3000000))
2026-08-02 22:33:45+05:30 2026-08-02 17:03:45,866 [INFO] livekit: livekit::rtc_engine::peer_transport:455:livekit::rtc_engine::peer_transport - SDP munged successfully for video codec
2026-08-02 22:33:45+05:30 2026-08-02 17:03:45.939 | INFO     | flash_head.src.pipeline.flash_head_pipeline:generate_batch:538 - [generate_batch] GPU_BREAKDOWN denoise=579.4ms decode=154.7ms color+encode=125.3ms total=860.1ms batch_size=2
2026-08-02 22:33:45+05:30 2026-08-02 17:03:45.939 | INFO     | flash_head.src.pipeline.flash_head_pipeline:generate_batch:545 - [generate_batch] DENOISE_STEPS total=579.4ms steps=[s0=65.0 s1=67.0 s2=106.6 s3=340.7] n_steps=4 batch_size=2
2026-08-02 22:33:46+05:30 2026-08-02 17:03:46,384 [INFO] handler: UTTERANCE_END_RECEIVED session=conc-test-1-f7914f
2026-08-02 22:33:46+05:30 2026-08-02 17:03:46.561 | INFO     | flash_head.src.pipeline.flash_head_pipeline:generate_batch:538 - [generate_batch] GPU_BREAKDOWN denoise=313.3ms decode=154.1ms color+encode=48.1ms total=515.9ms batch_size=2
2026-08-02 22:33:46+05:30 2026-08-02 17:03:46.561 | INFO     | flash_head.src.pipeline.flash_head_pipeline:generate_batch:545 - [generate_batch] DENOISE_STEPS total=313.3ms steps=[s0=95.5 s1=72.0 s2=75.0 s3=70.8] n_steps=4 batch_size=2
2026-08-02 22:33:47+05:30 2026-08-02 17:03:47,316 [INFO] handler: WS_REQUEST_RECEIVED session=conc-test-3-8f9535 origin= ip=172.20.23.127
2026-08-02 22:33:47+05:30 2026-08-02 17:03:47,316 [INFO] handler: WS_CONNECT session=conc-test-3-8f9535 origin= ip=172.20.23.127 handlerMs=0.5
2026-08-02 22:33:47+05:30 2026-08-02 17:03:47.469 | INFO     | flash_head.src.pipeline.flash_head_pipeline:generate_batch:538 - [generate_batch] GPU_BREAKDOWN denoise=261.4ms decode=153.3ms color+encode=49.1ms total=464.2ms batch_size=2
2026-08-02 22:33:47+05:30 2026-08-02 17:03:47.469 | INFO     | flash_head.src.pipeline.flash_head_pipeline:generate_batch:545 - [generate_batch] DENOISE_STEPS total=261.4ms steps=[s0=68.1 s1=61.7 s2=69.3 s3=62.2] n_steps=4 batch_size=2
2026-08-02 22:33:47+05:30 2026-08-02 17:03:47,821 [INFO] VideoPublisher: VIDEO_PUBLISH_METRICS windowMs=5040 frames=126 effectiveFps=25.0 liveFrames=117 repeatedLiveFrames=9 idleFrames=0 desyncPct=7.1 maxGapMs=46.1 maxCaptureMs=1.2
2026-08-02 22:33:47+05:30 2026-08-02 17:03:47,984 [INFO] handler: UTTERANCE_END_RECEIVED session=conc-test-2-9b1329
2026-08-02 22:33:48+05:30 2026-08-02 17:03:48.299 | INFO     | flash_head.src.pipeline.flash_head_pipeline:generate_batch:538 - [generate_batch] GPU_BREAKDOWN denoise=267.4ms decode=73.4ms color+encode=23.7ms total=364.7ms batch_size=1
2026-08-02 22:33:48+05:30 2026-08-02 17:03:48.299 | INFO     | flash_head.src.pipeline.flash_head_pipeline:generate_batch:545 - [generate_batch] DENOISE_STEPS total=267.4ms steps=[s0=67.7 s1=50.5 s2=74.2 s3=74.9] n_steps=4 batch_size=1
2026-08-02 22:33:48+05:30 2026-08-02 17:03:48,342 [INFO] AudioPublisher: [AP-DIAG] Calling publish_track()...
2026-08-02 22:33:48+05:30 2026-08-02 17:03:48,350 [INFO] AudioPublisher: [AP-DIAG] publish_track() completed in 8.0 ms (16000 Hz, 1 ch)
2026-08-02 22:33:48+05:30 2026-08-02 17:03:48,352 [INFO] batched_stream_processor: [BATCHED-DIAG] {'event': 'local_track_published', 't': 33.331, 'sid': 'TR_AMRWi76yqf3skK', 'kind': 1}
2026-08-02 22:33:48+05:30 2026-08-02 17:03:48,358 [INFO] streaming.state_manager: [SM] IDLE -> TRANSITION_TO_LIVE (crossfade 8 frames, queue=24)
2026-08-02 22:33:48+05:30 2026-08-02 17:03:48,374 [INFO] livekit: livekit::rtc_engine::peer_transport:447:livekit::rtc_engine::peer_transport - Applying x-google-start-bitrate=2700 kbps (ultimate_bps=Some(3000000))
2026-08-02 22:33:48+05:30 [METRICS] GPU_util=8% GPU_temp=47C GPU_mem=4.1GB/44.4GB (reserved=7.2GB) RSS=11764MB CPU_user=86.0s CPU_sys=8.4s sessions=3 pool=4/4
2026-08-02 22:33:48+05:30 2026-08-02 17:03:48,678 [INFO] streaming.state_manager: [SM] TRANSITION_TO_LIVE -> LIVE
2026-08-02 22:33:49+05:30 2026-08-02 17:03:49.121 | INFO     | flash_head.src.pipeline.flash_head_pipeline:generate_batch:538 - [generate_batch] GPU_BREAKDOWN denoise=353.0ms decode=242.5ms color+encode=73.4ms total=669.2ms batch_size=3
2026-08-02 22:33:49+05:30 2026-08-02 17:03:49.121 | INFO     | flash_head.src.pipeline.flash_head_pipeline:generate_batch:545 - [generate_batch] DENOISE_STEPS total=353.0ms steps=[s0=89.2 s1=87.6 s2=87.6 s3=88.6] n_steps=4 batch_size=3
2026-08-02 22:33:49+05:30 2026-08-02 17:03:49,230 [INFO] BatchedStreamingEngine: Session conc-test-1-f7914f reactivated (keep_alive)
2026-08-02 22:33:49+05:30 2026-08-02 17:03:49.750 | INFO     | flash_head.src.pipeline.flash_head_pipeline:generate_batch:538 - [generate_batch] GPU_BREAKDOWN denoise=290.0ms decode=153.0ms color+encode=47.8ms total=491.1ms batch_size=2
2026-08-02 22:33:49+05:30 2026-08-02 17:03:49.750 | INFO     | flash_head.src.pipeline.flash_head_pipeline:generate_batch:545 - [generate_batch] DENOISE_STEPS total=290.0ms steps=[s0=73.0 s1=70.8 s2=69.1 s3=77.1] n_steps=4 batch_size=2
2026-08-02 22:33:49+05:30 2026-08-02 17:03:49,823 [INFO] BatchedStreamingEngine: Session conc-test-2-9b1329 reactivated (keep_alive)
2026-08-02 22:33:49+05:30 2026-08-02 17:03:49,936 [INFO] VideoPublisher: VIDEO_PUBLISH_METRICS windowMs=5000 frames=125 effectiveFps=25.0 liveFrames=118 repeatedLiveFrames=7 idleFrames=0 desyncPct=5.6 maxGapMs=45.2 maxCaptureMs=1.3
2026-08-02 22:33:50+05:30 2026-08-02 17:03:50,129 [INFO] batched_stream_processor: [BATCHED-DIAG] {'event': 'quality_changed', 't': 35.109, 'participant': 'aivatar-worker-conc-test-3-8f9535', 'quality': '2'}
2026-08-02 22:33:50+05:30 2026-08-02 17:03:50.581 | INFO     | flash_head.src.pipeline.flash_head_pipeline:generate_batch:538 - [generate_batch] GPU_BREAKDOWN denoise=271.0ms decode=73.4ms color+encode=25.0ms total=369.7ms batch_size=1
2026-08-02 22:33:50+05:30 2026-08-02 17:03:50.582 | INFO     | flash_head.src.pipeline.flash_head_pipeline:generate_batch:545 - [generate_batch] DENOISE_STEPS total=271.0ms steps=[s0=61.2 s1=69.9 s2=69.5 s3=70.4] n_steps=4 batch_size=1
2026-08-02 22:33:50+05:30 2026-08-02 17:03:50,659 [INFO] streaming.state_manager: [SM] LIVE -> TRANSITION_TO_IDLE (crossfade 8 frames)
2026-08-02 22:33:50+05:30 2026-08-02 17:03:50,840 [INFO] VideoPublisher: VIDEO_PUBLISH_METRICS windowMs=5003 frames=126 effectiveFps=25.2 liveFrames=55 repeatedLiveFrames=0 idleFrames=71 desyncPct=56.3 maxGapMs=53.7 maxCaptureMs=1.2
2026-08-02 22:33:50+05:30 2026-08-02 17:03:50,975 [INFO] streaming.state_manager: [SM] TRANSITION_TO_IDLE -> IDLE
2026-08-02 22:33:51+05:30 2026-08-02 17:03:51,114 [INFO] batched_stream_processor: BATCHED_DRAIN_COMPLETED session=conc-test-1-f7914f cycles=160 elapsed=18026.9ms keep_alive=True
2026-08-02 22:33:51+05:30 2026-08-02 17:03:51,223 [INFO] batched_stream_processor: BATCHED_DRAIN_STARTED session=conc-test-1-f7914f keep_alive=True
2026-08-02 22:33:51+05:30 2026-08-02 17:03:51,223 [INFO] BatchedStreamingEngine: Session conc-test-1-f7914f marked for drain (keep_alive=True)
2026-08-02 22:33:51+05:30 2026-08-02 17:03:51.566 | INFO     | flash_head.src.pipeline.flash_head_pipeline:generate_batch:538 - [generate_batch] GPU_BREAKDOWN denoise=322.7ms decode=73.8ms color+encode=24.1ms total=421.3ms batch_size=1
2026-08-02 22:33:51+05:30 2026-08-02 17:03:51.566 | INFO     | flash_head.src.pipeline.flash_head_pipeline:generate_batch:545 - [generate_batch] DENOISE_STEPS total=322.7ms steps=[s0=124.3 s1=65.0 s2=72.2 s3=61.1] n_steps=4 batch_size=1
2026-08-02 22:33:51+05:30 2026-08-02 17:03:51,614 [INFO] streaming.state_manager: [SM] IDLE -> TRANSITION_TO_LIVE (crossfade 8 frames, queue=24)
2026-08-02 22:33:51+05:30 2026-08-02 17:03:51,633 [INFO] handler: UTTERANCE_END_RECEIVED session=conc-test-3-8f9535
2026-08-02 22:33:51+05:30 2026-08-02 17:03:51,633 [INFO] batched_stream_processor: BATCHED_DRAIN_STARTED session=conc-test-3-8f9535 keep_alive=True
2026-08-02 22:33:51+05:30 2026-08-02 17:03:51,633 [INFO] BatchedStreamingEngine: Session conc-test-3-8f9535 marked for drain (keep_alive=True)
2026-08-02 22:33:51+05:30 2026-08-02 17:03:51,665 [INFO] streaming.state_manager: [SM] LIVE -> TRANSITION_TO_IDLE (crossfade 8 frames)
2026-08-02 22:33:51+05:30 2026-08-02 17:03:51,934 [INFO] streaming.state_manager: [SM] TRANSITION_TO_LIVE -> LIVE
2026-08-02 22:33:51+05:30 2026-08-02 17:03:51,979 [INFO] streaming.state_manager: [SM] TRANSITION_TO_IDLE -> IDLE
2026-08-02 22:33:52+05:30 2026-08-02 17:03:52.065 | INFO     | flash_head.src.pipeline.flash_head_pipeline:generate_batch:538 - [generate_batch] GPU_BREAKDOWN denoise=231.2ms decode=154.1ms color+encode=48.1ms total=433.7ms batch_size=2
2026-08-02 22:33:52+05:30 2026-08-02 17:03:52.065 | INFO     | flash_head.src.pipeline.flash_head_pipeline:generate_batch:545 - [generate_batch] DENOISE_STEPS total=231.2ms steps=[s0=59.8 s1=57.2 s2=55.6 s3=58.6] n_steps=4 batch_size=2
2026-08-02 22:33:52+05:30 2026-08-02 17:03:52,119 [INFO] batched_stream_processor: BATCHED_DRAIN_COMPLETED session=conc-test-2-9b1329 cycles=158 elapsed=18265.2ms keep_alive=True
2026-08-02 22:33:52+05:30 2026-08-02 17:03:52,127 [INFO] BatchedStreamingEngine: cycle=40 batch=2 sessions=['conc-test-3-8f9535', 'conc-test-1-f7914f'] embed=23.4ms infer=434.0ms xfer=61.9ms total=525.2ms
2026-08-02 22:33:52+05:30 2026-08-02 17:03:52,218 [INFO] batched_stream_processor: BATCHED_DRAIN_STARTED session=conc-test-2-9b1329 keep_alive=True
2026-08-02 22:33:52+05:30 2026-08-02 17:03:52,218 [INFO] BatchedStreamingEngine: Session conc-test-2-9b1329 marked for drain (keep_alive=True)
2026-08-02 22:33:52+05:30 2026-08-02 17:03:52,822 [INFO] VideoPublisher: VIDEO_PUBLISH_METRICS windowMs=5000 frames=125 effectiveFps=25.0 liveFrames=74 repeatedLiveFrames=21 idleFrames=30 desyncPct=40.8 maxGapMs=46.1 maxCaptureMs=1.3
2026-08-02 22:33:52+05:30 2026-08-02 17:03:52.884 | INFO     | flash_head.src.pipeline.flash_head_pipeline:generate_batch:538 - [generate_batch] GPU_BREAKDOWN denoise=358.7ms decode=231.5ms color+encode=73.6ms total=664.1ms batch_size=3
2026-08-02 22:33:52+05:30 2026-08-02 17:03:52.884 | INFO     | flash_head.src.pipeline.flash_head_pipeline:generate_batch:545 - [generate_batch] DENOISE_STEPS total=358.7ms steps=[s0=89.8 s1=88.8 s2=89.5 s3=90.5] n_steps=4 batch_size=3
2026-08-02 22:33:52+05:30 2026-08-02 17:03:52,939 [INFO] streaming.state_manager: [SM] IDLE -> TRANSITION_TO_LIVE (crossfade 8 frames, queue=24)
2026-08-02 22:33:53+05:30 2026-08-02 17:03:53,259 [INFO] streaming.state_manager: [SM] TRANSITION_TO_LIVE -> LIVE
2026-08-02 22:33:53+05:30 2026-08-02 17:03:53.781 | INFO     | flash_head.src.pipeline.flash_head_pipeline:generate_batch:538 - [generate_batch] GPU_BREAKDOWN denoise=350.4ms decode=234.8ms color+encode=72.6ms total=658.0ms batch_size=3
2026-08-02 22:33:53+05:30 2026-08-02 17:03:53.781 | INFO     | flash_head.src.pipeline.flash_head_pipeline:generate_batch:545 - [generate_batch] DENOISE_STEPS total=350.4ms steps=[s0=84.9 s1=87.3 s2=91.3 s3=86.8] n_steps=4 batch_size=3
2026-08-02 22:33:53+05:30 [METRICS] GPU_util=56% GPU_temp=44C GPU_mem=4.2GB/44.4GB (reserved=9.6GB) RSS=11764MB CPU_user=94.3s CPU_sys=8.8s sessions=3 pool=4/4
2026-08-02 22:33:54+05:30 2026-08-02 17:03:54.753 | INFO     | flash_head.src.pipeline.flash_head_pipeline:generate_batch:538 - [generate_batch] GPU_BREAKDOWN denoise=362.2ms decode=231.7ms color+encode=73.3ms total=667.4ms batch_size=3
2026-08-02 22:33:54+05:30 2026-08-02 17:03:54.753 | INFO     | flash_head.src.pipeline.flash_head_pipeline:generate_batch:545 - [generate_batch] DENOISE_STEPS total=362.2ms steps=[s0=91.3 s1=93.5 s2=87.5 s3=89.9] n_steps=4 batch_size=3
2026-08-02 22:33:54+05:30 2026-08-02 17:03:54,975 [INFO] VideoPublisher: VIDEO_PUBLISH_METRICS windowMs=5038 frames=126 effectiveFps=25.0 liveFrames=82 repeatedLiveFrames=12 idleFrames=32 desyncPct=34.9 maxGapMs=51.3 maxCaptureMs=1.3
2026-08-02 22:33:55+05:30 2026-08-02 17:03:55.701 | INFO     | flash_head.src.pipeline.flash_head_pipeline:generate_batch:538 - [generate_batch] GPU_BREAKDOWN denoise=353.9ms decode=234.7ms color+encode=72.4ms total=662.1ms batch_size=3
2026-08-02 22:33:55+05:30 2026-08-02 17:03:55.701 | INFO     | flash_head.src.pipeline.flash_head_pipeline:generate_batch:545 - [generate_batch] DENOISE_STEPS total=353.9ms steps=[s0=86.1 s1=91.2 s2=88.6 s3=88.1] n_steps=4 batch_size=3
2026-08-02 22:33:55+05:30 2026-08-02 17:03:55,880 [INFO] VideoPublisher: VIDEO_PUBLISH_METRICS windowMs=5039 frames=126 effectiveFps=25.0 liveFrames=126 repeatedLiveFrames=0 idleFrames=0 desyncPct=0.0 maxGapMs=43.8 maxCaptureMs=0.7
2026-08-02 22:33:56+05:30 2026-08-02 17:03:56.666 | INFO     | flash_head.src.pipeline.flash_head_pipeline:generate_batch:538 - [generate_batch] GPU_BREAKDOWN denoise=354.4ms decode=232.8ms color+encode=75.0ms total=662.4ms batch_size=3
2026-08-02 22:33:56+05:30 2026-08-02 17:03:56.666 | INFO     | flash_head.src.pipeline.flash_head_pipeline:generate_batch:545 - [generate_batch] DENOISE_STEPS total=354.4ms steps=[s0=86.3 s1=91.5 s2=88.5 s3=88.1] n_steps=4 batch_size=3
2026-08-02 22:33:57+05:30 2026-08-02 17:03:57.621 | INFO     | flash_head.src.pipeline.flash_head_pipeline:generate_batch:538 - [generate_batch] GPU_BREAKDOWN denoise=352.4ms decode=232.5ms color+encode=73.5ms total=658.8ms batch_size=3
2026-08-02 22:33:57+05:30 2026-08-02 17:03:57.621 | INFO     | flash_head.src.pipeline.flash_head_pipeline:generate_batch:545 - [generate_batch] DENOISE_STEPS total=352.4ms steps=[s0=87.1 s1=87.6 s2=89.2 s3=88.6] n_steps=4 batch_size=3
2026-08-02 22:33:57+05:30 2026-08-02 17:03:57,861 [INFO] VideoPublisher: VIDEO_PUBLISH_METRICS windowMs=5038 frames=126 effectiveFps=25.0 liveFrames=116 repeatedLiveFrames=0 idleFrames=10 desyncPct=7.9 maxGapMs=46.0 maxCaptureMs=0.6
2026-08-02 22:33:58+05:30 2026-08-02 17:03:58.601 | INFO     | flash_head.src.pipeline.flash_head_pipeline:generate_batch:538 - [generate_batch] GPU_BREAKDOWN denoise=365.4ms decode=232.4ms color+encode=78.8ms total=676.8ms batch_size=3
2026-08-02 22:33:58+05:30 2026-08-02 17:03:58.601 | INFO     | flash_head.src.pipeline.flash_head_pipeline:generate_batch:545 - [generate_batch] DENOISE_STEPS total=365.4ms steps=[s0=90.6 s1=88.5 s2=98.6 s3=87.7] n_steps=4 batch_size=3
2026-08-02 22:33:58+05:30 [METRICS] GPU_util=0% GPU_temp=44C GPU_mem=4.1GB/44.4GB (reserved=9.6GB) RSS=11764MB CPU_user=102.4s CPU_sys=9.2s sessions=3 pool=4/4
2026-08-02 22:33:59+05:30 2026-08-02 17:03:59.554 | INFO     | flash_head.src.pipeline.flash_head_pipeline:generate_batch:538 - [generate_batch] GPU_BREAKDOWN denoise=360.1ms decode=232.9ms color+encode=72.7ms total=666.6ms batch_size=3
2026-08-02 22:33:59+05:30 2026-08-02 17:03:59.554 | INFO     | flash_head.src.pipeline.flash_head_pipeline:generate_batch:545 - [generate_batch] DENOISE_STEPS total=360.1ms steps=[s0=88.0 s1=95.2 s2=88.6 s3=88.3] n_steps=4 batch_size=3
2026-08-02 22:33:59+05:30 2026-08-02 17:03:59,976 [INFO] VideoPublisher: VIDEO_PUBLISH_METRICS windowMs=5001 frames=125 effectiveFps=25.0 liveFrames=125 repeatedLiveFrames=0 idleFrames=0 desyncPct=0.0 maxGapMs=42.2 maxCaptureMs=1.0
2026-08-02 22:34:00+05:30 2026-08-02 17:04:00,074 [INFO] handler: UTTERANCE_END_RECEIVED session=conc-test-1-f7914f
2026-08-02 22:34:00+05:30 2026-08-02 17:04:00.515 | INFO     | flash_head.src.pipeline.flash_head_pipeline:generate_batch:538 - [generate_batch] GPU_BREAKDOWN denoise=358.4ms decode=232.4ms color+encode=73.7ms total=664.8ms batch_size=3
2026-08-02 22:34:00+05:30 2026-08-02 17:04:00.515 | INFO     | flash_head.src.pipeline.flash_head_pipeline:generate_batch:545 - [generate_batch] DENOISE_STEPS total=358.4ms steps=[s0=86.7 s1=91.9 s2=90.3 s3=89.5] n_steps=4 batch_size=3
2026-08-02 22:34:00+05:30 2026-08-02 17:04:00,880 [INFO] VideoPublisher: VIDEO_PUBLISH_METRICS windowMs=5000 frames=125 effectiveFps=25.0 liveFrames=125 repeatedLiveFrames=0 idleFrames=0 desyncPct=0.0 maxGapMs=45.4 maxCaptureMs=1.1
2026-08-02 22:34:01+05:30 2026-08-02 17:04:01.466 | INFO     | flash_head.src.pipeline.flash_head_pipeline:generate_batch:538 - [generate_batch] GPU_BREAKDOWN denoise=353.8ms decode=233.1ms color+encode=74.1ms total=661.4ms batch_size=3
2026-08-02 22:34:01+05:30 2026-08-02 17:04:01.466 | INFO     | flash_head.src.pipeline.flash_head_pipeline:generate_batch:545 - [generate_batch] DENOISE_STEPS total=353.8ms steps=[s0=85.7 s1=88.8 s2=89.6 s3=89.7] n_steps=4 batch_size=3
2026-08-02 22:34:01+05:30 2026-08-02 17:04:01,570 [INFO] BatchedStreamingEngine: cycle=50 batch=3 sessions=['conc-test-1-f7914f', 'conc-test-2-9b1329', 'conc-test-3-8f9535'] embed=35.9ms infer=661.8ms xfer=104.1ms total=801.9ms
2026-08-02 22:34:02+05:30 2026-08-02 17:04:02,041 [INFO] handler: UTTERANCE_END_RECEIVED session=conc-test-2-9b1329
2026-08-02 22:34:02+05:30 2026-08-02 17:04:02.433 | INFO     | flash_head.src.pipeline.flash_head_pipeline:generate_batch:538 - [generate_batch] GPU_BREAKDOWN denoise=363.8ms decode=233.3ms color+encode=72.8ms total=670.6ms batch_size=3
2026-08-02 22:34:02+05:30 2026-08-02 17:04:02.433 | INFO     | flash_head.src.pipeline.flash_head_pipeline:generate_batch:545 - [generate_batch] DENOISE_STEPS total=363.8ms steps=[s0=91.0 s1=93.6 s2=88.2 s3=91.1] n_steps=4 batch_size=3
2026-08-02 22:34:02+05:30 2026-08-02 17:04:02,862 [INFO] VideoPublisher: VIDEO_PUBLISH_METRICS windowMs=5001 frames=125 effectiveFps=25.0 liveFrames=125 repeatedLiveFrames=0 idleFrames=0 desyncPct=0.0 maxGapMs=46.8 maxCaptureMs=2.4
2026-08-02 22:34:03+05:30 2026-08-02 17:04:03.379 | INFO     | flash_head.src.pipeline.flash_head_pipeline:generate_batch:538 - [generate_batch] GPU_BREAKDOWN denoise=350.4ms decode=232.5ms color+encode=72.8ms total=656.1ms batch_size=3
2026-08-02 22:34:03+05:30 2026-08-02 17:04:03.380 | INFO     | flash_head.src.pipeline.flash_head_pipeline:generate_batch:545 - [generate_batch] DENOISE_STEPS total=350.4ms steps=[s0=85.2 s1=88.1 s2=89.7 s3=87.4] n_steps=4 batch_size=3
2026-08-02 22:34:03+05:30 2026-08-02 17:04:03,480 [INFO] BatchedStreamingEngine: Session conc-test-3-8f9535 reactivated (keep_alive)
2026-08-02 22:34:03+05:30 [METRICS] GPU_util=90% GPU_temp=51C GPU_mem=4.2GB/44.4GB (reserved=9.6GB) RSS=11764MB CPU_user=110.3s CPU_sys=9.6s sessions=3 pool=4/4
2026-08-02 22:34:04+05:30 2026-08-02 17:04:04.115 | INFO     | flash_head.src.pipeline.flash_head_pipeline:generate_batch:538 - [generate_batch] GPU_BREAKDOWN denoise=237.4ms decode=154.9ms color+encode=47.9ms total=440.6ms batch_size=2
2026-08-02 22:34:04+05:30 2026-08-02 17:04:04.115 | INFO     | flash_head.src.pipeline.flash_head_pipeline:generate_batch:545 - [generate_batch] DENOISE_STEPS total=237.4ms steps=[s0=59.5 s1=62.8 s2=56.4 s3=58.8] n_steps=4 batch_size=2
2026-08-02 22:34:05+05:30 2026-08-02 17:04:05,015 [INFO] VideoPublisher: VIDEO_PUBLISH_METRICS windowMs=5039 frames=126 effectiveFps=25.0 liveFrames=126 repeatedLiveFrames=0 idleFrames=0 desyncPct=0.0 maxGapMs=45.1 maxCaptureMs=0.9
2026-08-02 22:34:05+05:30 2026-08-02 17:04:05.106 | INFO     | flash_head.src.pipeline.flash_head_pipeline:generate_batch:538 - [generate_batch] GPU_BREAKDOWN denoise=264.6ms decode=153.9ms color+encode=49.6ms total=469.1ms batch_size=2
2026-08-02 22:34:05+05:30 2026-08-02 17:04:05.106 | INFO     | flash_head.src.pipeline.flash_head_pipeline:generate_batch:545 - [generate_batch] DENOISE_STEPS total=264.6ms steps=[s0=67.9 s1=65.7 s2=64.8 s3=66.2] n_steps=4 batch_size=2
2026-08-02 22:34:05+05:30 2026-08-02 17:04:05,203 [INFO] streaming.state_manager: [SM] LIVE -> TRANSITION_TO_IDLE (crossfade 8 frames)
2026-08-02 22:34:05+05:30 2026-08-02 17:04:05,518 [INFO] streaming.state_manager: [SM] TRANSITION_TO_IDLE -> IDLE
2026-08-02 22:34:05+05:30 2026-08-02 17:04:05,647 [INFO] batched_stream_processor: BATCHED_DRAIN_COMPLETED session=conc-test-3-8f9535 cycles=118 elapsed=14013.7ms keep_alive=True
2026-08-02 22:34:05+05:30 2026-08-02 17:04:05,733 [INFO] handler: UTTERANCE_END_RECEIVED session=conc-test-3-8f9535
2026-08-02 22:34:05+05:30 2026-08-02 17:04:05,733 [INFO] batched_stream_processor: BATCHED_DRAIN_STARTED session=conc-test-3-8f9535 keep_alive=True
2026-08-02 22:34:05+05:30 2026-08-02 17:04:05,733 [INFO] BatchedStreamingEngine: Session conc-test-3-8f9535 marked for drain (keep_alive=True)
2026-08-02 22:34:05+05:30 2026-08-02 17:04:05,920 [INFO] VideoPublisher: VIDEO_PUBLISH_METRICS windowMs=5039 frames=126 effectiveFps=25.0 liveFrames=95 repeatedLiveFrames=12 idleFrames=19 desyncPct=24.6 maxGapMs=44.8 maxCaptureMs=0.6
2026-08-02 22:34:06+05:30 2026-08-02 17:04:06.080 | INFO     | flash_head.src.pipeline.flash_head_pipeline:generate_batch:538 - [generate_batch] GPU_BREAKDOWN denoise=282.2ms decode=154.7ms color+encode=48.1ms total=485.3ms batch_size=2
2026-08-02 22:34:06+05:30 2026-08-02 17:04:06.080 | INFO     | flash_head.src.pipeline.flash_head_pipeline:generate_batch:545 - [generate_batch] DENOISE_STEPS total=282.2ms steps=[s0=94.4 s1=74.9 s2=55.6 s3=57.3] n_steps=4 batch_size=2
2026-08-02 22:34:06+05:30 2026-08-02 17:04:06,141 [INFO] BatchedStreamingEngine: Session conc-test-1-f7914f reactivated (keep_alive)
2026-08-02 22:34:06+05:30 2026-08-02 17:04:06.450 | INFO     | flash_head.src.pipeline.flash_head_pipeline:generate_batch:538 - [generate_batch] GPU_BREAKDOWN denoise=202.4ms decode=73.9ms color+encode=23.7ms total=300.1ms batch_size=1
2026-08-02 22:34:06+05:30 2026-08-02 17:04:06.451 | INFO     | flash_head.src.pipeline.flash_head_pipeline:generate_batch:545 - [generate_batch] DENOISE_STEPS total=202.4ms steps=[s0=48.2 s1=49.1 s2=50.4 s3=54.7] n_steps=4 batch_size=1
2026-08-02 22:34:06+05:30 2026-08-02 17:04:06,520 [INFO] streaming.state_manager: [SM] IDLE -> TRANSITION_TO_LIVE (crossfade 8 frames, queue=24)
2026-08-02 22:34:06+05:30 2026-08-02 17:04:06,838 [INFO] streaming.state_manager: [SM] TRANSITION_TO_LIVE -> LIVE
2026-08-02 22:34:06+05:30 2026-08-02 17:04:06.989 | INFO     | flash_head.src.pipeline.flash_head_pipeline:generate_batch:538 - [generate_batch] GPU_BREAKDOWN denoise=230.5ms decode=154.2ms color+encode=47.9ms total=433.0ms batch_size=2
2026-08-02 22:34:06+05:30 2026-08-02 17:04:06.989 | INFO     | flash_head.src.pipeline.flash_head_pipeline:generate_batch:545 - [generate_batch] DENOISE_STEPS total=230.5ms steps=[s0=58.9 s1=58.8 s2=56.1 s3=56.8] n_steps=4 batch_size=2
2026-08-02 22:34:07+05:30 2026-08-02 17:04:07,901 [INFO] VideoPublisher: VIDEO_PUBLISH_METRICS windowMs=5038 frames=126 effectiveFps=25.0 liveFrames=126 repeatedLiveFrames=0 idleFrames=0 desyncPct=0.0 maxGapMs=44.0 maxCaptureMs=0.9
2026-08-02 22:34:07+05:30 2026-08-02 17:04:07.963 | INFO     | flash_head.src.pipeline.flash_head_pipeline:generate_batch:538 - [generate_batch] GPU_BREAKDOWN denoise=240.4ms decode=154.5ms color+encode=47.9ms total=443.1ms batch_size=2
2026-08-02 22:34:07+05:30 2026-08-02 17:04:07.963 | INFO     | flash_head.src.pipeline.flash_head_pipeline:generate_batch:545 - [generate_batch] DENOISE_STEPS total=240.4ms steps=[s0=69.0 s1=58.7 s2=56.7 s3=56.0] n_steps=4 batch_size=2
2026-08-02 22:34:08+05:30 2026-08-02 17:04:08,029 [INFO] BatchedStreamingEngine: Session conc-test-2-9b1329 reactivated (keep_alive)
2026-08-02 22:34:08+05:30 2026-08-02 17:04:08,457 [INFO] streaming.state_manager: [SM] LIVE -> TRANSITION_TO_IDLE (crossfade 8 frames)
2026-08-02 22:34:08+05:30 2026-08-02 17:04:08,774 [INFO] streaming.state_manager: [SM] TRANSITION_TO_IDLE -> IDLE
2026-08-02 22:34:08+05:30 2026-08-02 17:04:08.800 | INFO     | flash_head.src.pipeline.flash_head_pipeline:generate_batch:538 - [generate_batch] GPU_BREAKDOWN denoise=229.6ms decode=73.6ms color+encode=24.5ms total=328.0ms batch_size=1
2026-08-02 22:34:08+05:30 2026-08-02 17:04:08.800 | INFO     | flash_head.src.pipeline.flash_head_pipeline:generate_batch:545 - [generate_batch] DENOISE_STEPS total=229.6ms steps=[s0=57.6 s1=58.7 s2=55.3 s3=57.9] n_steps=4 batch_size=1
2026-08-02 22:34:08+05:30 2026-08-02 17:04:08,940 [INFO] batched_stream_processor: BATCHED_DRAIN_COMPLETED session=conc-test-1-f7914f cycles=148 elapsed=17716.8ms keep_alive=True
2026-08-02 22:34:09+05:30 2026-08-02 17:04:09,018 [INFO] batched_stream_processor: BATCHED_DRAIN_STARTED session=conc-test-1-f7914f keep_alive=True
2026-08-02 22:34:09+05:30 2026-08-02 17:04:09,018 [INFO] BatchedStreamingEngine: Session conc-test-1-f7914f marked for drain (keep_alive=True)
2026-08-02 22:34:09+05:30 [METRICS] GPU_util=75% GPU_temp=45C GPU_mem=4.1GB/44.4GB (reserved=9.6GB) RSS=11764MB CPU_user=117.7s CPU_sys=9.9s sessions=3 pool=4/4
2026-08-02 22:34:09+05:30 2026-08-02 17:04:09.335 | INFO     | flash_head.src.pipeline.flash_head_pipeline:generate_batch:538 - [generate_batch] GPU_BREAKDOWN denoise=261.8ms decode=74.9ms color+encode=23.7ms total=360.6ms batch_size=1
2026-08-02 22:34:09+05:30 2026-08-02 17:04:09.335 | INFO     | flash_head.src.pipeline.flash_head_pipeline:generate_batch:545 - [generate_batch] DENOISE_STEPS total=261.8ms steps=[s0=92.2 s1=55.8 s2=62.2 s3=51.6] n_steps=4 batch_size=1
2026-08-02 22:34:09+05:30 2026-08-02 17:04:09,368 [INFO] BatchedStreamingEngine: cycle=60 batch=1 sessions=['conc-test-1-f7914f'] embed=29.5ms infer=361.8ms xfer=31.8ms total=423.1ms
2026-08-02 22:34:09+05:30 2026-08-02 17:04:09,374 [INFO] streaming.state_manager: [SM] IDLE -> TRANSITION_TO_LIVE (crossfade 8 frames, queue=24)
2026-08-02 22:34:09+05:30 2026-08-02 17:04:09,695 [INFO] streaming.state_manager: [SM] Adaptive caps: p95_ms=826 buffer=21 peak=45 MAX=58 TARGET=46
2026-08-02 22:34:09+05:30 2026-08-02 17:04:09,695 [INFO] streaming.state_manager: [SM] TRANSITION_TO_LIVE -> LIVE
2026-08-02 22:34:09+05:30 2026-08-02 17:04:09,781 [INFO] streaming.state_manager: [SM] LIVE -> TRANSITION_TO_IDLE (crossfade 8 frames)
2026-08-02 22:34:09+05:30 2026-08-02 17:04:09.884 | INFO     | flash_head.src.pipeline.flash_head_pipeline:generate_batch:538 - [generate_batch] GPU_BREAKDOWN denoise=245.4ms decode=154.6ms color+encode=48.2ms total=448.4ms batch_size=2
2026-08-02 22:34:09+05:30 2026-08-02 17:04:09.884 | INFO     | flash_head.src.pipeline.flash_head_pipeline:generate_batch:545 - [generate_batch] DENOISE_STEPS total=245.4ms steps=[s0=61.2 s1=68.3 s2=59.9 s3=56.0] n_steps=4 batch_size=2
2026-08-02 22:34:10+05:30 2026-08-02 17:04:10,055 [INFO] VideoPublisher: VIDEO_PUBLISH_METRICS windowMs=5040 frames=126 effectiveFps=25.0 liveFrames=83 repeatedLiveFrames=12 idleFrames=31 desyncPct=34.1 maxGapMs=48.7 maxCaptureMs=0.6
2026-08-02 22:34:10+05:30 2026-08-02 17:04:10,100 [INFO] streaming.state_manager: [SM] TRANSITION_TO_IDLE -> IDLE
2026-08-02 22:34:10+05:30 2026-08-02 17:04:10,262 [INFO] batched_stream_processor: BATCHED_DRAIN_COMPLETED session=conc-test-2-9b1329 cycles=157 elapsed=18043.7ms keep_alive=True
2026-08-02 22:34:10+05:30 2026-08-02 17:04:10,365 [INFO] batched_stream_processor: BATCHED_DRAIN_STARTED session=conc-test-2-9b1329 keep_alive=True
2026-08-02 22:34:10+05:30 2026-08-02 17:04:10,365 [INFO] BatchedStreamingEngine: Session conc-test-2-9b1329 marked for drain (keep_alive=True)
2026-08-02 22:34:10+05:30 2026-08-02 17:04:10.720 | INFO     | flash_head.src.pipeline.flash_head_pipeline:generate_batch:538 - [generate_batch] GPU_BREAKDOWN denoise=323.5ms decode=74.7ms color+encode=24.3ms total=423.9ms batch_size=1
2026-08-02 22:34:10+05:30 2026-08-02 17:04:10.720 | INFO     | flash_head.src.pipeline.flash_head_pipeline:generate_batch:545 - [generate_batch] DENOISE_STEPS total=323.5ms steps=[s0=120.6 s1=69.8 s2=67.7 s3=65.5] n_steps=4 batch_size=1
2026-08-02 22:34:10+05:30 2026-08-02 17:04:10,780 [INFO] streaming.state_manager: [SM] IDLE -> TRANSITION_TO_LIVE (crossfade 8 frames, queue=24)
2026-08-02 22:34:10+05:30 2026-08-02 17:04:10,921 [INFO] VideoPublisher: VIDEO_PUBLISH_METRICS windowMs=5000 frames=125 effectiveFps=25.0 liveFrames=103 repeatedLiveFrames=0 idleFrames=22 desyncPct=17.6 maxGapMs=43.5 maxCaptureMs=0.7
2026-08-02 22:34:11+05:30 2026-08-02 17:04:11,100 [INFO] streaming.state_manager: [SM] TRANSITION_TO_LIVE -> LIVE
2026-08-02 22:34:11+05:30 2026-08-02 17:04:11.453 | INFO     | flash_head.src.pipeline.flash_head_pipeline:generate_batch:538 - [generate_batch] GPU_BREAKDOWN denoise=352.4ms decode=232.3ms color+encode=76.9ms total=662.2ms batch_size=3
2026-08-02 22:34:11+05:30 2026-08-02 17:04:11.453 | INFO     | flash_head.src.pipeline.flash_head_pipeline:generate_batch:545 - [generate_batch] DENOISE_STEPS total=352.4ms steps=[s0=85.4 s1=89.0 s2=88.5 s3=89.5] n_steps=4 batch_size=3
2026-08-02 22:34:12+05:30 2026-08-02 17:04:12.266 | INFO     | flash_head.src.pipeline.flash_head_pipeline:generate_batch:538 - [generate_batch] GPU_BREAKDOWN denoise=362.9ms decode=234.4ms color+encode=73.4ms total=671.2ms batch_size=3
2026-08-02 22:34:12+05:30 2026-08-02 17:04:12.266 | INFO     | flash_head.src.pipeline.flash_head_pipeline:generate_batch:545 - [generate_batch] DENOISE_STEPS total=362.9ms steps=[s0=90.8 s1=91.4 s2=91.2 s3=89.6] n_steps=4 batch_size=3
2026-08-02 22:34:12+05:30 2026-08-02 17:04:12,660 [INFO] streaming.state_manager: [SM] Adaptive caps: p95_ms=824 buffer=21 peak=45 MAX=58 TARGET=46
2026-08-02 22:34:12+05:30 2026-08-02 17:04:12,942 [INFO] VideoPublisher: VIDEO_PUBLISH_METRICS windowMs=5041 frames=126 effectiveFps=25.0 liveFrames=81 repeatedLiveFrames=12 idleFrames=33 desyncPct=35.7 maxGapMs=47.6 maxCaptureMs=0.7
2026-08-02 22:34:13+05:30 2026-08-02 17:04:13.215 | INFO     | flash_head.src.pipeline.flash_head_pipeline:generate_batch:538 - [generate_batch] GPU_BREAKDOWN denoise=360.4ms decode=232.8ms color+encode=72.8ms total=666.3ms batch_size=3
2026-08-02 22:34:13+05:30 2026-08-02 17:04:13.215 | INFO     | flash_head.src.pipeline.flash_head_pipeline:generate_batch:545 - [generate_batch] DENOISE_STEPS total=360.4ms steps=[s0=86.4 s1=92.2 s2=93.2 s3=88.7] n_steps=4 batch_size=3
2026-08-02 22:34:14+05:30 [METRICS] GPU_util=98% GPU_temp=52C GPU_mem=4.2GB/44.4GB (reserved=9.6GB) RSS=11764MB CPU_user=125.5s CPU_sys=10.3s sessions=3 pool=4/4
2026-08-02 22:34:14+05:30 2026-08-02 17:04:14,178 [INFO] handler: UTTERANCE_END_RECEIVED session=conc-test-1-f7914f
2026-08-02 22:34:14+05:30 2026-08-02 17:04:14.183 | INFO     | flash_head.src.pipeline.flash_head_pipeline:generate_batch:538 - [generate_batch] GPU_BREAKDOWN denoise=362.2ms decode=233.7ms color+encode=71.8ms total=667.9ms batch_size=3
2026-08-02 22:34:14+05:30 2026-08-02 17:04:14.184 | INFO     | flash_head.src.pipeline.flash_head_pipeline:generate_batch:545 - [generate_batch] DENOISE_STEPS total=362.2ms steps=[s0=94.8 s1=89.5 s2=89.0 s3=88.9] n_steps=4 batch_size=3
2026-08-02 22:34:15+05:30 2026-08-02 17:04:15,096 [INFO] VideoPublisher: VIDEO_PUBLISH_METRICS windowMs=5040 frames=126 effectiveFps=25.0 liveFrames=122 repeatedLiveFrames=4 idleFrames=0 desyncPct=3.2 maxGapMs=45.7 maxCaptureMs=0.8
2026-08-02 22:34:15+05:30 2026-08-02 17:04:15.131 | INFO     | flash_head.src.pipeline.flash_head_pipeline:generate_batch:538 - [generate_batch] GPU_BREAKDOWN denoise=354.9ms decode=232.8ms color+encode=72.8ms total=660.8ms batch_size=3
2026-08-02 22:34:15+05:30 2026-08-02 17:04:15.132 | INFO     | flash_head.src.pipeline.flash_head_pipeline:generate_batch:545 - [generate_batch] DENOISE_STEPS total=354.9ms steps=[s0=88.7 s1=88.4 s2=88.6 s3=89.2] n_steps=4 batch_size=3
2026-08-02 22:34:15+05:30 2026-08-02 17:04:15,840 [INFO] streaming.state_manager: [SM] Adaptive caps: p95_ms=822 buffer=21 peak=45 MAX=58 TARGET=46
2026-08-02 22:34:15+05:30 2026-08-02 17:04:15,960 [INFO] VideoPublisher: VIDEO_PUBLISH_METRICS windowMs=5039 frames=126 effectiveFps=25.0 liveFrames=121 repeatedLiveFrames=5 idleFrames=0 desyncPct=4.0 maxGapMs=46.0 maxCaptureMs=0.9
2026-08-02 22:34:16+05:30 2026-08-02 17:04:16.094 | INFO     | flash_head.src.pipeline.flash_head_pipeline:generate_batch:538 - [generate_batch] GPU_BREAKDOWN denoise=355.5ms decode=232.6ms color+encode=72.4ms total=660.8ms batch_size=3
2026-08-02 22:34:16+05:30 2026-08-02 17:04:16.094 | INFO     | flash_head.src.pipeline.flash_head_pipeline:generate_batch:545 - [generate_batch] DENOISE_STEPS total=355.5ms steps=[s0=89.1 s1=88.1 s2=88.9 s3=89.5] n_steps=4 batch_size=3
2026-08-02 22:34:16+05:30 2026-08-02 17:04:16,167 [INFO] handler: UTTERANCE_END_RECEIVED session=conc-test-2-9b1329
2026-08-02 22:34:17+05:30 2026-08-02 17:04:17.065 | INFO     | flash_head.src.pipeline.flash_head_pipeline:generate_batch:538 - [generate_batch] GPU_BREAKDOWN denoise=361.8ms decode=235.4ms color+encode=73.2ms total=670.8ms batch_size=3
2026-08-02 22:34:17+05:30 2026-08-02 17:04:17.065 | INFO     | flash_head.src.pipeline.flash_head_pipeline:generate_batch:545 - [generate_batch] DENOISE_STEPS total=361.8ms steps=[s0=86.5 s1=93.9 s2=93.5 s3=87.9] n_steps=4 batch_size=3
2026-08-02 22:34:17+05:30 2026-08-02 17:04:17,982 [INFO] VideoPublisher: VIDEO_PUBLISH_METRICS windowMs=5040 frames=126 effectiveFps=25.0 liveFrames=126 repeatedLiveFrames=0 idleFrames=0 desyncPct=0.0 maxGapMs=45.0 maxCaptureMs=0.9
2026-08-02 22:34:18+05:30 2026-08-02 17:04:18.032 | INFO     | flash_head.src.pipeline.flash_head_pipeline:generate_batch:538 - [generate_batch] GPU_BREAKDOWN denoise=371.0ms decode=233.1ms color+encode=72.5ms total=676.8ms batch_size=3
2026-08-02 22:34:18+05:30 2026-08-02 17:04:18.032 | INFO     | flash_head.src.pipeline.flash_head_pipeline:generate_batch:545 - [generate_batch] DENOISE_STEPS total=371.0ms steps=[s0=97.1 s1=93.5 s2=88.8 s3=91.7] n_steps=4 batch_size=3
2026-08-02 22:34:18+05:30 2026-08-02 17:04:18,133 [INFO] BatchedStreamingEngine: cycle=70 batch=3 sessions=['conc-test-1-f7914f', 'conc-test-2-9b1329', 'conc-test-3-8f9535'] embed=38.1ms infer=677.2ms xfer=100.5ms total=815.8ms
2026-08-02 22:34:18+05:30 2026-08-02 17:04:18.975 | INFO     | flash_head.src.pipeline.flash_head_pipeline:generate_batch:538 - [generate_batch] GPU_BREAKDOWN denoise=355.6ms decode=232.9ms color+encode=72.4ms total=661.4ms batch_size=3
2026-08-02 22:34:18+05:30 2026-08-02 17:04:18.975 | INFO     | flash_head.src.pipeline.flash_head_pipeline:generate_batch:545 - [generate_batch] DENOISE_STEPS total=355.6ms steps=[s0=89.3 s1=88.0 s2=90.3 s3=88.0] n_steps=4 batch_size=3
2026-08-02 22:34:19+05:30 [METRICS] GPU_util=100% GPU_temp=54C GPU_mem=4.3GB/44.4GB (reserved=9.6GB) RSS=11764MB CPU_user=133.5s CPU_sys=10.8s sessions=3 pool=4/4
2026-08-02 22:34:19+05:30 2026-08-02 17:04:19,787 [INFO] handler: UTTERANCE_END_RECEIVED session=conc-test-3-8f9535
2026-08-02 22:34:19+05:30 2026-08-02 17:04:19.934 | INFO     | flash_head.src.pipeline.flash_head_pipeline:generate_batch:538 - [generate_batch] GPU_BREAKDOWN denoise=356.2ms decode=232.9ms color+encode=72.2ms total=661.5ms batch_size=3
2026-08-02 22:34:19+05:30 2026-08-02 17:04:19.934 | INFO     | flash_head.src.pipeline.flash_head_pipeline:generate_batch:545 - [generate_batch] DENOISE_STEPS total=356.2ms steps=[s0=88.5 s1=88.8 s2=88.5 s3=90.4] n_steps=4 batch_size=3
2026-08-02 22:34:20+05:30 2026-08-02 17:04:20,096 [INFO] VideoPublisher: VIDEO_PUBLISH_METRICS windowMs=5000 frames=125 effectiveFps=25.0 liveFrames=125 repeatedLiveFrames=0 idleFrames=0 desyncPct=0.0 maxGapMs=42.2 maxCaptureMs=0.7
2026-08-02 22:34:20+05:30 2026-08-02 17:04:20.890 | INFO     | flash_head.src.pipeline.flash_head_pipeline:generate_batch:538 - [generate_batch] GPU_BREAKDOWN denoise=354.4ms decode=233.0ms color+encode=72.3ms total=660.0ms batch_size=3
2026-08-02 22:34:20+05:30 2026-08-02 17:04:20.890 | INFO     | flash_head.src.pipeline.flash_head_pipeline:generate_batch:545 - [generate_batch] DENOISE_STEPS total=354.4ms steps=[s0=86.1 s1=90.1 s2=88.2 s3=90.0] n_steps=4 batch_size=3
2026-08-02 22:34:20+05:30 2026-08-02 17:04:20,960 [INFO] VideoPublisher: VIDEO_PUBLISH_METRICS windowMs=5000 frames=125 effectiveFps=25.0 liveFrames=125 repeatedLiveFrames=0 idleFrames=0 desyncPct=0.0 maxGapMs=45.2 maxCaptureMs=0.8
2026-08-02 22:34:21+05:30 2026-08-02 17:04:21,181 [INFO] batched_stream_processor: [BATCHED-DIAG] {'event': 'participant_disconnected', 't': 69.122, 'identity': 'viewer-manual-conc-test-2-9b1329'}
2026-08-02 22:34:21+05:30 2026-08-02 17:04:21.857 | INFO     | flash_head.src.pipeline.flash_head_pipeline:generate_batch:538 - [generate_batch] GPU_BREAKDOWN denoise=355.2ms decode=233.3ms color+encode=72.8ms total=661.6ms batch_size=3
2026-08-02 22:34:21+05:30 2026-08-02 17:04:21.858 | INFO     | flash_head.src.pipeline.flash_head_pipeline:generate_batch:545 - [generate_batch] DENOISE_STEPS total=355.2ms steps=[s0=85.8 s1=88.3 s2=92.7 s3=88.5] n_steps=4 batch_size=3
2026-08-02 22:34:21+05:30 2026-08-02 17:04:21,960 [INFO] BatchedStreamingEngine: Session conc-test-3-8f9535 reactivated (keep_alive)
2026-08-02 22:34:22+05:30 2026-08-02 17:04:22.614 | INFO     | flash_head.src.pipeline.flash_head_pipeline:generate_batch:538 - [generate_batch] GPU_BREAKDOWN denoise=264.5ms decode=155.1ms color+encode=49.2ms total=469.1ms batch_size=2
2026-08-02 22:34:22+05:30 2026-08-02 17:04:22.614 | INFO     | flash_head.src.pipeline.flash_head_pipeline:generate_batch:545 - [generate_batch] DENOISE_STEPS total=264.5ms steps=[s0=67.3 s1=68.6 s2=67.3 s3=61.3] n_steps=4 batch_size=2
2026-08-02 22:34:23+05:30 2026-08-02 17:04:23,021 [INFO] VideoPublisher: VIDEO_PUBLISH_METRICS windowMs=5039 frames=126 effectiveFps=25.0 liveFrames=126 repeatedLiveFrames=0 idleFrames=0 desyncPct=0.0 maxGapMs=43.8 maxCaptureMs=0.8
2026-08-02 22:34:23+05:30 2026-08-02 17:04:23.558 | INFO     | flash_head.src.pipeline.flash_head_pipeline:generate_batch:538 - [generate_batch] GPU_BREAKDOWN denoise=248.3ms decode=154.7ms color+encode=48.7ms total=452.0ms batch_size=2
2026-08-02 22:34:23+05:30 2026-08-02 17:04:23.558 | INFO     | flash_head.src.pipeline.flash_head_pipeline:generate_batch:545 - [generate_batch] DENOISE_STEPS total=248.3ms steps=[s0=66.6 s1=59.7 s2=59.1 s3=62.8] n_steps=4 batch_size=2
2026-08-02 22:34:23+05:30 2026-08-02 17:04:23,563 [INFO] streaming.state_manager: [SM] LIVE -> TRANSITION_TO_IDLE (crossfade 8 frames)
2026-08-02 22:34:23+05:30 2026-08-02 17:04:23,878 [INFO] streaming.state_manager: [SM] TRANSITION_TO_IDLE -> IDLE
2026-08-02 22:34:24+05:30 2026-08-02 17:04:24,049 [INFO] batched_stream_processor: BATCHED_DRAIN_COMPLETED session=conc-test-3-8f9535 cycles=161 elapsed=18316.2ms keep_alive=True
2026-08-02 22:34:24+05:30 [METRICS] GPU_util=0% GPU_temp=47C GPU_mem=4.0GB/44.4GB (reserved=9.6GB) RSS=11764MB CPU_user=141.1s CPU_sys=11.3s sessions=3 pool=4/4
2026-08-02 22:34:24+05:30 2026-08-02 17:04:24,158 [INFO] batched_stream_processor: BATCHED_DRAIN_STARTED session=conc-test-3-8f9535 keep_alive=True
2026-08-02 22:34:24+05:30 2026-08-02 17:04:24,158 [INFO] BatchedStreamingEngine: Session conc-test-3-8f9535 marked for drain (keep_alive=True)
2026-08-02 22:34:24+05:30 2026-08-02 17:04:24.637 | INFO     | flash_head.src.pipeline.flash_head_pipeline:generate_batch:538 - [generate_batch] GPU_BREAKDOWN denoise=333.5ms decode=154.1ms color+encode=48.4ms total=536.2ms batch_size=2
2026-08-02 22:34:24+05:30 2026-08-02 17:04:24.637 | INFO     | flash_head.src.pipeline.flash_head_pipeline:generate_batch:545 - [generate_batch] DENOISE_STEPS total=333.5ms steps=[s0=122.2 s1=71.6 s2=70.1 s3=69.5] n_steps=4 batch_size=2
2026-08-02 22:34:24+05:30 2026-08-02 17:04:24,708 [INFO] BatchedStreamingEngine: Session conc-test-1-f7914f reactivated (keep_alive)
2026-08-02 22:34:25+05:30 2026-08-02 17:04:25.079 | INFO     | flash_head.src.pipeline.flash_head_pipeline:generate_batch:538 - [generate_batch] GPU_BREAKDOWN denoise=256.0ms decode=79.2ms color+encode=24.3ms total=359.7ms batch_size=1
2026-08-02 22:34:25+05:30 2026-08-02 17:04:25.079 | INFO     | flash_head.src.pipeline.flash_head_pipeline:generate_batch:545 - [generate_batch] DENOISE_STEPS total=256.0ms steps=[s0=69.1 s1=61.5 s2=65.5 s3=60.0] n_steps=4 batch_size=1
2026-08-02 22:34:25+05:30 2026-08-02 17:04:25,096 [INFO] VideoPublisher: VIDEO_PUBLISH_METRICS windowMs=5000 frames=125 effectiveFps=25.0 liveFrames=125 repeatedLiveFrames=0 idleFrames=0 desyncPct=0.0 maxGapMs=43.9 maxCaptureMs=0.9
2026-08-02 22:34:25+05:30 2026-08-02 17:04:25,122 [INFO] streaming.state_manager: [SM] IDLE -> TRANSITION_TO_LIVE (crossfade 8 frames, queue=24)
2026-08-02 22:34:25+05:30 2026-08-02 17:04:25,438 [INFO] streaming.state_manager: [SM] TRANSITION_TO_LIVE -> LIVE
2026-08-02 22:34:25+05:30 2026-08-02 17:04:25.623 | INFO     | flash_head.src.pipeline.flash_head_pipeline:generate_batch:538 - [generate_batch] GPU_BREAKDOWN denoise=281.2ms decode=154.4ms color+encode=48.7ms total=484.5ms batch_size=2
2026-08-02 22:34:25+05:30 2026-08-02 17:04:25.623 | INFO     | flash_head.src.pipeline.flash_head_pipeline:generate_batch:545 - [generate_batch] DENOISE_STEPS total=281.2ms steps=[s0=59.3 s1=67.8 s2=64.4 s3=89.7] n_steps=4 batch_size=2
2026-08-02 22:34:25+05:30 2026-08-02 17:04:25,688 [INFO] BatchedStreamingEngine: Session conc-test-2-9b1329 reactivated (keep_alive)
2026-08-02 22:34:26+05:30 2026-08-02 17:04:26,002 [INFO] VideoPublisher: VIDEO_PUBLISH_METRICS windowMs=5041 frames=126 effectiveFps=25.0 liveFrames=67 repeatedLiveFrames=12 idleFrames=47 desyncPct=46.8 maxGapMs=46.4 maxCaptureMs=0.8
2026-08-02 22:34:26+05:30 2026-08-02 17:04:26.323 | INFO     | flash_head.src.pipeline.flash_head_pipeline:generate_batch:538 - [generate_batch] GPU_BREAKDOWN denoise=237.3ms decode=77.5ms color+encode=24.1ms total=339.1ms batch_size=1
2026-08-02 22:34:26+05:30 2026-08-02 17:04:26.323 | INFO     | flash_head.src.pipeline.flash_head_pipeline:generate_batch:545 - [generate_batch] DENOISE_STEPS total=237.3ms steps=[s0=60.2 s1=62.2 s2=56.6 s3=58.3] n_steps=4 batch_size=1
2026-08-02 22:34:26+05:30 2026-08-02 17:04:26,356 [INFO] BatchedStreamingEngine: cycle=80 batch=1 sessions=['conc-test-3-8f9535'] embed=16.6ms infer=339.7ms xfer=32.7ms total=399.8ms
2026-08-02 22:34:26+05:30 2026-08-02 17:04:26,376 [INFO] streaming.state_manager: [SM] LIVE -> TRANSITION_TO_IDLE (crossfade 8 frames)
2026-08-02 22:34:26+05:30 2026-08-02 17:04:26,695 [INFO] streaming.state_manager: [SM] TRANSITION_TO_IDLE -> IDLE
2026-08-02 22:34:26+05:30 2026-08-02 17:04:26,865 [INFO] batched_stream_processor: BATCHED_DRAIN_COMPLETED session=conc-test-1-f7914f cycles=156 elapsed=17847.4ms keep_alive=True
2026-08-02 22:34:26+05:30 2026-08-02 17:04:26,946 [INFO] batched_stream_processor: BATCHED_DRAIN_STARTED session=conc-test-1-f7914f keep_alive=True
2026-08-02 22:34:26+05:30 2026-08-02 17:04:26,946 [INFO] BatchedStreamingEngine: Session conc-test-1-f7914f marked for drain (keep_alive=True)
2026-08-02 22:34:27+05:30 2026-08-02 17:04:27.290 | INFO     | flash_head.src.pipeline.flash_head_pipeline:generate_batch:538 - [generate_batch] GPU_BREAKDOWN denoise=294.0ms decode=74.1ms color+encode=23.7ms total=392.4ms batch_size=1
2026-08-02 22:34:27+05:30 2026-08-02 17:04:27.290 | INFO     | flash_head.src.pipeline.flash_head_pipeline:generate_batch:545 - [generate_batch] DENOISE_STEPS total=294.0ms steps=[s0=102.4 s1=60.9 s2=66.2 s3=64.6] n_steps=4 batch_size=1
2026-08-02 22:34:27+05:30 2026-08-02 17:04:27,336 [INFO] streaming.state_manager: [SM] IDLE -> TRANSITION_TO_LIVE (crossfade 8 frames, queue=24)
2026-08-02 22:34:27+05:30 2026-08-02 17:04:27,605 [INFO] handler: UTTERANCE_END_RECEIVED session=conc-test-1-f7914f
2026-08-02 22:34:27+05:30 2026-08-02 17:04:27,625 [INFO] streaming.state_manager: [SM] LIVE -> TRANSITION_TO_IDLE (crossfade 8 frames)
2026-08-02 22:34:27+05:30 2026-08-02 17:04:27,654 [INFO] streaming.state_manager: [SM] TRANSITION_TO_LIVE -> LIVE
2026-08-02 22:34:27+05:30 2026-08-02 17:04:27.853 | INFO     | flash_head.src.pipeline.flash_head_pipeline:generate_batch:538 - [generate_batch] GPU_BREAKDOWN denoise=294.5ms decode=154.2ms color+encode=48.2ms total=497.1ms batch_size=2
2026-08-02 22:34:27+05:30 2026-08-02 17:04:27.853 | INFO     | flash_head.src.pipeline.flash_head_pipeline:generate_batch:545 - [generate_batch] DENOISE_STEPS total=294.5ms steps=[s0=74.5 s1=69.7 s2=74.8 s3=75.4] n_steps=4 batch_size=2
2026-08-02 22:34:27+05:30 2026-08-02 17:04:27,944 [INFO] streaming.state_manager: [SM] TRANSITION_TO_IDLE -> IDLE
2026-08-02 22:34:28+05:30 2026-08-02 17:04:28,021 [INFO] VideoPublisher: VIDEO_PUBLISH_METRICS windowMs=5000 frames=125 effectiveFps=25.0 liveFrames=102 repeatedLiveFrames=12 idleFrames=11 desyncPct=18.4 maxGapMs=45.7 maxCaptureMs=0.8
2026-08-02 22:34:28+05:30 2026-08-02 17:04:28,065 [INFO] batched_stream_processor: BATCHED_DRAIN_COMPLETED session=conc-test-2-9b1329 cycles=152 elapsed=17700.9ms keep_alive=True
2026-08-02 22:34:28+05:30 2026-08-02 17:04:28,166 [INFO] batched_stream_processor: BATCHED_DRAIN_STARTED session=conc-test-2-9b1329 keep_alive=True
2026-08-02 22:34:28+05:30 2026-08-02 17:04:28,166 [INFO] BatchedStreamingEngine: Session conc-test-2-9b1329 marked for drain (keep_alive=True)
2026-08-02 22:34:28+05:30 2026-08-02 17:04:28.498 | INFO     | flash_head.src.pipeline.flash_head_pipeline:generate_batch:538 - [generate_batch] GPU_BREAKDOWN denoise=342.6ms decode=154.8ms color+encode=49.6ms total=547.4ms batch_size=2
2026-08-02 22:34:28+05:30 2026-08-02 17:04:28.498 | INFO     | flash_head.src.pipeline.flash_head_pipeline:generate_batch:545 - [generate_batch] DENOISE_STEPS total=342.6ms steps=[s0=65.0 s1=139.1 s2=72.6 s3=65.9] n_steps=4 batch_size=2
2026-08-02 22:34:28+05:30 2026-08-02 17:04:28.935 | INFO     | flash_head.src.pipeline.flash_head_pipeline:generate_batch:538 - [generate_batch] GPU_BREAKDOWN denoise=252.4ms decode=74.4ms color+encode=24.2ms total=351.3ms batch_size=1
2026-08-02 22:34:28+05:30 2026-08-02 17:04:28.936 | INFO     | flash_head.src.pipeline.flash_head_pipeline:generate_batch:545 - [generate_batch] DENOISE_STEPS total=252.4ms steps=[s0=63.0 s1=63.7 s2=62.0 s3=63.6] n_steps=4 batch_size=1
2026-08-02 22:34:28+05:30 2026-08-02 17:04:28,984 [INFO] streaming.state_manager: [SM] IDLE -> TRANSITION_TO_LIVE (crossfade 8 frames, queue=24)
2026-08-02 22:34:29+05:30 [METRICS] GPU_util=100% GPU_temp=54C GPU_mem=4.2GB/44.4GB (reserved=9.6GB) RSS=11764MB CPU_user=149.2s CPU_sys=11.7s sessions=3 pool=4/4
2026-08-02 22:34:29+05:30 2026-08-02 17:04:29,300 [INFO] streaming.state_manager: [SM] TRANSITION_TO_LIVE -> LIVE
2026-08-02 22:34:29+05:30 2026-08-02 17:04:29,319 [INFO] handler: WS_CLOSED session=conc-test-2-9b1329 ip=172.20.23.127
2026-08-02 22:34:29+05:30 2026-08-02 17:04:29,319 [INFO] handler: WS_CONNECTION_LOST session=conc-test-2-9b1329 ip=172.20.23.127
2026-08-02 22:34:29+05:30 2026-08-02 17:04:29,319 [INFO] aiohttp.access: 172.20.23.127 [02/Aug/2026:17:03:14 +0000] "GET /ws/conc-test-2-9b1329 HTTP/1.1" 101 0 "-" "Python/3.14 websockets/16.1.1"
2026-08-02 22:34:29+05:30 CONNECT /ws/conc-test-2-9b1329 -> 101 Switching Protocols  (duration: 74.9 s, execution: 74.9 s)
2026-08-02 22:34:29+05:30 2026-08-02 17:04:29,377 [INFO] handler: WS_CLOSED session=conc-test-1-f7914f ip=172.20.23.127
2026-08-02 22:34:29+05:30 2026-08-02 17:04:29,377 [INFO] handler: WS_CONNECTION_LOST session=conc-test-1-f7914f ip=172.20.23.127
2026-08-02 22:34:29+05:30 2026-08-02 17:04:29,378 [INFO] aiohttp.access: 172.20.23.127 [02/Aug/2026:17:03:13 +0000] "GET /ws/conc-test-1-f7914f HTTP/1.1" 101 0 "-" "Python/3.14 websockets/16.1.1"
2026-08-02 22:34:29+05:30 2026-08-02 17:04:29,388 [INFO] handler: WS_CLOSED session=conc-test-3-8f9535 ip=172.20.23.127
2026-08-02 22:34:29+05:30 2026-08-02 17:04:29,388 [INFO] handler: WS_CONNECTION_LOST session=conc-test-3-8f9535 ip=172.20.23.127
2026-08-02 22:34:29+05:30 2026-08-02 17:04:29,388 [INFO] aiohttp.access: 172.20.23.127 [02/Aug/2026:17:03:47 +0000] "GET /ws/conc-test-3-8f9535 HTTP/1.1" 101 0 "-" "Python/3.14 websockets/16.1.1"
2026-08-02 22:34:29+05:30 CONNECT /ws/conc-test-1-f7914f -> 101 Switching Protocols  (duration: 75.6 s, execution: 75.6 s)
2026-08-02 22:34:29+05:30 CONNECT /ws/conc-test-3-8f9535 -> 101 Switching Protocols  (duration: 42.1 s, execution: 42.1 s)
2026-08-02 22:34:29+05:30 2026-08-02 17:04:29.684 | INFO     | flash_head.src.pipeline.flash_head_pipeline:generate_batch:538 - [generate_batch] GPU_BREAKDOWN denoise=354.9ms decode=240.1ms color+encode=73.1ms total=668.4ms batch_size=3
2026-08-02 22:34:29+05:30 2026-08-02 17:04:29.684 | INFO     | flash_head.src.pipeline.flash_head_pipeline:generate_batch:545 - [generate_batch] DENOISE_STEPS total=354.9ms steps=[s0=87.5 s1=88.3 s2=88.9 s3=90.2] n_steps=4 batch_size=3
2026-08-02 22:34:30+05:30 2026-08-02 17:04:30,058 [INFO] BatchedStreamingEngine: Session conc-test-2-9b1329 marked for drain (keep_alive=False)
2026-08-02 22:34:30+05:30 2026-08-02 17:04:30,058 [INFO] streaming.websocket_server: Unregistered WebSocket session: conc-test-2-9b1329
2026-08-02 22:34:30+05:30 2026-08-02 17:04:30,096 [INFO] batched_stream_processor: [BATCHED-DIAG] {'event': 'participant_disconnected', 't': 80.802, 'identity': 'viewer-script-conc-test-1-f7914f'}
2026-08-02 22:34:30+05:30 2026-08-02 17:04:30,099 [INFO] batched_stream_processor: [BATCHED-DIAG] {'event': 'connection_state_changed', 't': 78.039, 'state': '0'}
2026-08-02 22:34:30+05:30 2026-08-02 17:04:30,099 [INFO] batched_stream_processor: [BATCHED-DIAG] {'event': 'disconnected', 't': 78.039, 'state': '0', 'reason': '1'}
2026-08-02 22:34:30+05:30 2026-08-02 17:04:30,100 [INFO] aiohttp.access: 172.20.23.127 [02/Aug/2026:17:04:30 +0000] "POST /sessions/conc-test-2-9b1329/end HTTP/1.1" 200 232 "-" "Python/3.14 aiohttp/3.14.1"
2026-08-02 22:34:30+05:30 2026-08-02 17:04:30,108 [INFO] VideoPublisher: VIDEO_PUBLISH_METRICS windowMs=5011 frames=125 effectiveFps=24.9 liveFrames=81 repeatedLiveFrames=12 idleFrames=32 desyncPct=35.2 maxGapMs=55.0 maxCaptureMs=0.7
2026-08-02 22:34:30+05:30 2026-08-02 17:04:30,130 [INFO] batched_stream_processor: [BATCHED-DIAG] {'event': 'participant_disconnected', 't': 75.109, 'identity': 'viewer-script-conc-test-3-8f9535'}
2026-08-02 22:34:30+05:30    POST /sessions/conc-test-2-9b1329/end -> 200 OK  (duration: 106.1 ms, execution: 69.3 ms)
2026-08-02 22:34:30+05:30 2026-08-02 17:04:30,292 [INFO] BatchedStreamingEngine: Session conc-test-3-8f9535 marked for drain (keep_alive=False)
2026-08-02 22:34:30+05:30 2026-08-02 17:04:30,293 [INFO] streaming.websocket_server: Unregistered WebSocket session: conc-test-3-8f9535
2026-08-02 22:34:30+05:30 2026-08-02 17:04:30,509 [WARNING] VideoPublisher: VIDEO_PUBLISH_GAP gapMs=252.1 targetFps=25 frameSource=live
2026-08-02 22:34:30+05:30 2026-08-02 17:04:30,510 [INFO] batched_stream_processor: [BATCHED-DIAG] {'event': 'connection_state_changed', 't': 75.489, 'state': '0'}
2026-08-02 22:34:30+05:30 2026-08-02 17:04:30,510 [INFO] batched_stream_processor: [BATCHED-DIAG] {'event': 'disconnected', 't': 75.49, 'state': '0', 'reason': '1'}
2026-08-02 22:34:30+05:30 2026-08-02 17:04:30,511 [INFO] aiohttp.access: 172.20.23.127 [02/Aug/2026:17:04:30 +0000] "POST /sessions/conc-test-3-8f9535/end HTTP/1.1" 200 232 "-" "Python/3.14 aiohttp/3.14.1"
2026-08-02 22:34:30+05:30 2026-08-02 17:04:30,518 [INFO] BatchedStreamingEngine: Session conc-test-1-f7914f marked for drain (keep_alive=False)
2026-08-02 22:34:30+05:30 2026-08-02 17:04:30,518 [INFO] streaming.websocket_server: Unregistered WebSocket session: conc-test-1-f7914f
2026-08-02 22:34:30+05:30    POST /sessions/conc-test-3-8f9535/end -> 200 OK  (duration: 286.2 ms, execution: 248.9 ms)
2026-08-02 22:34:30+05:30 2026-08-02 17:04:30.613 | INFO     | flash_head.src.pipeline.flash_head_pipeline:generate_batch:538 - [generate_batch] GPU_BREAKDOWN denoise=401.3ms decode=256.9ms color+encode=80.2ms total=739.3ms batch_size=3
2026-08-02 22:34:30+05:30 2026-08-02 17:04:30.613 | INFO     | flash_head.src.pipeline.flash_head_pipeline:generate_batch:545 - [generate_batch] DENOISE_STEPS total=401.3ms steps=[s0=86.6 s1=89.5 s2=137.4 s3=87.8] n_steps=4 batch_size=3
2026-08-02 22:34:30+05:30 2026-08-02 17:04:30,673 [INFO] batched_stream_processor: [BATCHED-DIAG] {'event': 'connection_state_changed', 't': 81.379, 'state': '0'}
2026-08-02 22:34:30+05:30 2026-08-02 17:04:30,673 [INFO] batched_stream_processor: [BATCHED-DIAG] {'event': 'disconnected', 't': 81.379, 'state': '0', 'reason': '1'}
2026-08-02 22:34:30+05:30 2026-08-02 17:04:30,674 [INFO] aiohttp.access: 172.20.23.127 [02/Aug/2026:17:04:30 +0000] "POST /sessions/conc-test-1-f7914f/end HTTP/1.1" 200 232 "-" "Python/3.14 aiohttp/3.14.1"
2026-08-02 22:34:30+05:30    POST /sessions/conc-test-1-f7914f/end -> 200 OK  (duration: 415.2 ms, execution: 374.1 ms)
2026-08-02 22:34:31+05:30 2026-08-02 17:04:31.469 | INFO     | flash_head.src.pipeline.flash_head_pipeline:generate_batch:538 - [generate_batch] GPU_BREAKDOWN denoise=345.5ms decode=227.9ms color+encode=71.3ms total=645.0ms batch_size=3
2026-08-02 22:34:31+05:30 2026-08-02 17:04:31.470 | INFO     | flash_head.src.pipeline.flash_head_pipeline:generate_batch:545 - [generate_batch] DENOISE_STEPS total=345.5ms steps=[s0=84.1 s1=87.1 s2=87.1 s3=87.2] n_steps=4 batch_size=3
2026-08-02 22:34:32+05:30 2026-08-02 17:04:32.431 | INFO     | flash_head.src.pipeline.flash_head_pipeline:generate_batch:538 - [generate_batch] GPU_BREAKDOWN denoise=346.1ms decode=227.9ms color+encode=71.5ms total=645.8ms batch_size=3
2026-08-02 22:34:32+05:30 2026-08-02 17:04:32.432 | INFO     | flash_head.src.pipeline.flash_head_pipeline:generate_batch:545 - [generate_batch] DENOISE_STEPS total=346.1ms steps=[s0=84.5 s1=87.1 s2=87.3 s3=87.2] n_steps=4 batch_size=3
2026-08-02 22:34:33+05:30 2026-08-02 17:04:33.391 | INFO     | flash_head.src.pipeline.flash_head_pipeline:generate_batch:538 - [generate_batch] GPU_BREAKDOWN denoise=345.1ms decode=227.9ms color+encode=71.4ms total=644.7ms batch_size=3
2026-08-02 22:34:33+05:30 2026-08-02 17:04:33.391 | INFO     | flash_head.src.pipeline.flash_head_pipeline:generate_batch:545 - [generate_batch] DENOISE_STEPS total=345.1ms steps=[s0=84.0 s1=86.6 s2=87.1 s3=87.5] n_steps=4 batch_size=3
2026-08-02 22:34:34+05:30 [METRICS] GPU_util=100% GPU_temp=55C GPU_mem=4.2GB/44.4GB (reserved=9.6GB) RSS=11764MB CPU_user=154.9s CPU_sys=11.9s sessions=0 pool=4/4
2026-08-02 22:34:34+05:30 2026-08-02 17:04:34.351 | INFO     | flash_head.src.pipeline.flash_head_pipeline:generate_batch:538 - [generate_batch] GPU_BREAKDOWN denoise=346.2ms decode=227.9ms color+encode=71.3ms total=645.7ms batch_size=3
2026-08-02 22:34:34+05:30 2026-08-02 17:04:34.352 | INFO     | flash_head.src.pipeline.flash_head_pipeline:generate_batch:545 - [generate_batch] DENOISE_STEPS total=346.2ms steps=[s0=84.3 s1=87.1 s2=87.6 s3=87.3] n_steps=4 batch_size=3
2026-08-02 22:34:34+05:30 2026-08-02 17:04:34,463 [INFO] BatchedStreamingEngine: cycle=90 batch=3 sessions=['conc-test-1-f7914f', 'conc-test-2-9b1329', 'conc-test-3-8f9535'] embed=26.8ms infer=646.6ms xfer=111.3ms total=784.8ms
2026-08-02 22:34:35+05:30 2026-08-02 17:04:35.311 | INFO     | flash_head.src.pipeline.flash_head_pipeline:generate_batch:538 - [generate_batch] GPU_BREAKDOWN denoise=345.8ms decode=227.9ms color+encode=71.3ms total=645.2ms batch_size=3
2026-08-02 22:34:35+05:30 2026-08-02 17:04:35.311 | INFO     | flash_head.src.pipeline.flash_head_pipeline:generate_batch:545 - [generate_batch] DENOISE_STEPS total=345.8ms steps=[s0=84.3 s1=87.4 s2=87.0 s3=87.1] n_steps=4 batch_size=3
2026-08-02 22:34:36+05:30 2026-08-02 17:04:36.271 | INFO     | flash_head.src.pipeline.flash_head_pipeline:generate_batch:538 - [generate_batch] GPU_BREAKDOWN denoise=345.0ms decode=227.9ms color+encode=71.4ms total=644.5ms batch_size=3
2026-08-02 22:34:36+05:30 2026-08-02 17:04:36.271 | INFO     | flash_head.src.pipeline.flash_head_pipeline:generate_batch:545 - [generate_batch] DENOISE_STEPS total=345.0ms steps=[s0=84.0 s1=86.9 s2=86.9 s3=87.3] n_steps=4 batch_size=3
2026-08-02 22:34:37+05:30 2026-08-02 17:04:37.233 | INFO     | flash_head.src.pipeline.flash_head_pipeline:generate_batch:538 - [generate_batch] GPU_BREAKDOWN denoise=346.6ms decode=227.9ms color+encode=70.9ms total=645.6ms batch_size=3
2026-08-02 22:34:37+05:30 2026-08-02 17:04:37.233 | INFO     | flash_head.src.pipeline.flash_head_pipeline:generate_batch:545 - [generate_batch] DENOISE_STEPS total=346.6ms steps=[s0=84.7 s1=87.2 s2=87.3 s3=87.3] n_steps=4 batch_size=3
2026-08-02 22:34:38+05:30 2026-08-02 17:04:38.192 | INFO     | flash_head.src.pipeline.flash_head_pipeline:generate_batch:538 - [generate_batch] GPU_BREAKDOWN denoise=346.7ms decode=228.0ms color+encode=71.2ms total=646.3ms batch_size=3
2026-08-02 22:34:38+05:30 2026-08-02 17:04:38.192 | INFO     | flash_head.src.pipeline.flash_head_pipeline:generate_batch:545 - [generate_batch] DENOISE_STEPS total=346.7ms steps=[s0=84.4 s1=87.9 s2=87.3 s3=87.1] n_steps=4 batch_size=3
2026-08-02 22:34:39+05:30 2026-08-02 17:04:39.152 | INFO     | flash_head.src.pipeline.flash_head_pipeline:generate_batch:538 - [generate_batch] GPU_BREAKDOWN denoise=347.1ms decode=228.0ms color+encode=70.9ms total=646.3ms batch_size=3
2026-08-02 22:34:39+05:30 2026-08-02 17:04:39.153 | INFO     | flash_head.src.pipeline.flash_head_pipeline:generate_batch:545 - [generate_batch] DENOISE_STEPS total=347.1ms steps=[s0=84.7 s1=87.2 s2=87.5 s3=87.7] n_steps=4 batch_size=3
2026-08-02 22:34:39+05:30 [METRICS] GPU_util=99% GPU_temp=55C GPU_mem=4.3GB/44.4GB (reserved=9.6GB) RSS=11764MB CPU_user=159.8s CPU_sys=12.1s sessions=0 pool=4/4
2026-08-02 22:34:40+05:30 2026-08-02 17:04:40.111 | INFO     | flash_head.src.pipeline.flash_head_pipeline:generate_batch:538 - [generate_batch] GPU_BREAKDOWN denoise=345.8ms decode=228.2ms color+encode=71.2ms total=645.4ms batch_size=3
2026-08-02 22:34:40+05:30 2026-08-02 17:04:40.111 | INFO     | flash_head.src.pipeline.flash_head_pipeline:generate_batch:545 - [generate_batch] DENOISE_STEPS total=345.8ms steps=[s0=84.4 s1=86.8 s2=87.1 s3=87.6] n_steps=4 batch_size=3
2026-08-02 22:34:40+05:30 2026-08-02 17:04:40,214 [INFO] BatchedStreamingEngine: Session conc-test-3-8f9535 removed (total=2)
2026-08-02 22:34:40+05:30 2026-08-02 17:04:40.836 | INFO     | flash_head.src.pipeline.flash_head_pipeline:generate_batch:538 - [generate_batch] GPU_BREAKDOWN denoise=221.2ms decode=151.4ms color+encode=47.0ms total=419.9ms batch_size=2
2026-08-02 22:34:40+05:30 2026-08-02 17:04:40.836 | INFO     | flash_head.src.pipeline.flash_head_pipeline:generate_batch:545 - [generate_batch] DENOISE_STEPS total=221.2ms steps=[s0=54.0 s1=55.5 s2=55.6 s3=56.1] n_steps=4 batch_size=2
2026-08-02 22:34:41+05:30 2026-08-02 17:04:41.798 | INFO     | flash_head.src.pipeline.flash_head_pipeline:generate_batch:538 - [generate_batch] GPU_BREAKDOWN denoise=221.3ms decode=151.6ms color+encode=47.2ms total=420.4ms batch_size=2
2026-08-02 22:34:41+05:30 2026-08-02 17:04:41.799 | INFO     | flash_head.src.pipeline.flash_head_pipeline:generate_batch:545 - [generate_batch] DENOISE_STEPS total=221.3ms steps=[s0=53.9 s1=55.5 s2=55.8 s3=56.2] n_steps=4 batch_size=2
2026-08-02 22:34:41+05:30 2026-08-02 17:04:41,869 [INFO] BatchedStreamingEngine: Session conc-test-1-f7914f removed (total=1)
2026-08-02 22:34:42+05:30 2026-08-02 17:04:42.617 | INFO     | flash_head.src.pipeline.flash_head_pipeline:generate_batch:538 - [generate_batch] GPU_BREAKDOWN denoise=190.7ms decode=72.4ms color+encode=23.8ms total=287.0ms batch_size=1
2026-08-02 22:34:42+05:30 2026-08-02 17:04:42.617 | INFO     | flash_head.src.pipeline.flash_head_pipeline:generate_batch:545 - [generate_batch] DENOISE_STEPS total=190.7ms steps=[s0=49.0 s1=47.9 s2=47.2 s3=46.6] n_steps=4 batch_size=1
2026-08-02 22:34:43+05:30 2026-08-02 17:04:43.570 | INFO     | flash_head.src.pipeline.flash_head_pipeline:generate_batch:538 - [generate_batch] GPU_BREAKDOWN denoise=185.9ms decode=72.4ms color+encode=23.8ms total=282.3ms batch_size=1
2026-08-02 22:34:43+05:30 2026-08-02 17:04:43.570 | INFO     | flash_head.src.pipeline.flash_head_pipeline:generate_batch:545 - [generate_batch] DENOISE_STEPS total=185.9ms steps=[s0=46.0 s1=46.3 s2=46.8 s3=46.8] n_steps=4 batch_size=1
2026-08-02 22:34:43+05:30 2026-08-02 17:04:43,605 [INFO] BatchedStreamingEngine: cycle=100 batch=1 sessions=['conc-test-2-9b1329'] embed=10.3ms infer=282.7ms xfer=34.5ms total=327.6ms
2026-08-02 22:34:43+05:30 2026-08-02 17:04:43,607 [INFO] BatchedStreamingEngine: Session conc-test-2-9b1329 removed (total=0)
2026-08-02 22:34:44+05:30 [METRICS] GPU_util=0% GPU_temp=48C GPU_mem=4.0GB/44.4GB (reserved=9.6GB) RSS=11764MB CPU_user=163.9s CPU_sys=12.1s sessions=0 pool=4/4
2026-08-02 22:34:49+05:30 [METRICS] GPU_util=0% GPU_temp=46C GPU_mem=4.0GB/44.4GB (reserved=9.6GB) RSS=11764MB CPU_user=166.9s CPU_sys=12.2s sessions=0 pool=4/4
2026-08-02 22:34:54+05:30 [METRICS] GPU_util=0% GPU_temp=44C GPU_mem=4.0GB/44.4GB (reserved=9.6GB) RSS=11764MB CPU_user=170.0s CPU_sys=12.3s sessions=0 pool=4/4
2026-08-02 22:34:59+05:30 [METRICS] GPU_util=0% GPU_temp=43C GPU_mem=4.0GB/44.4GB (reserved=9.6GB) RSS=11764MB CPU_user=173.2s CPU_sys=12.4s sessions=0 pool=4/4
2026-08-02 22:35:04+05:30 [METRICS] GPU_util=0% GPU_temp=43C GPU_mem=4.0GB/44.4GB (reserved=9.6GB) RSS=11764MB CPU_user=176.2s CPU_sys=12.5s sessions=0 pool=4/4
2026-08-02 22:38:53+05:30 Creating GPU memory snapshot for Function.
2026-08-02 22:39:00+05:30 
2026-08-02 22:39:00+05:30 =============
2026-08-02 22:39:00+05:30 == PyTorch ==
2026-08-02 22:39:00+05:30 =============
2026-08-02 22:39:00+05:30 
2026-08-02 22:39:00+05:30 NVIDIA Release 26.05 (build 313520559)
2026-08-02 22:39:00+05:30 PyTorch Version 2.12.0a0+5aff392
2026-08-02 22:39:00+05:30 Container image Copyright (c) 2026, NVIDIA CORPORATION & AFFILIATES. All rights reserved.
2026-08-02 22:39:00+05:30 Copyright (c) 2014-2024 Facebook Inc.
2026-08-02 22:39:00+05:30 Copyright (c) 2011-2014 Idiap Research Institute (Ronan Collobert)
2026-08-02 22:39:00+05:30 Copyright (c) 2012-2014 Deepmind Technologies    (Koray Kavukcuoglu)
2026-08-02 22:39:00+05:30 Copyright (c) 2011-2012 NEC Laboratories America (Koray Kavukcuoglu)
2026-08-02 22:39:00+05:30 Copyright (c) 2011-2013 NYU                      (Clement Farabet)
2026-08-02 22:39:00+05:30 Copyright (c) 2006-2010 NEC Laboratories America (Ronan Collobert, Leon Bottou, Iain Melvin, Jason Weston)
2026-08-02 22:39:00+05:30 Copyright (c) 2006      Idiap Research Institute (Samy Bengio)
2026-08-02 22:39:00+05:30 Copyright (c) 2001-2004 Idiap Research Institute (Ronan Collobert, Samy Bengio, Johnny Mariethoz)
2026-08-02 22:39:00+05:30 Copyright (c) 2015      Google Inc.
2026-08-02 22:39:00+05:30 Copyright (c) 2015      Yangqing Jia
2026-08-02 22:39:00+05:30 Copyright (c) 2013-2016 The Caffe contributors
2026-08-02 22:39:00+05:30 All rights reserved.
2026-08-02 22:39:00+05:30 
2026-08-02 22:39:00+05:30 Various files include modifications (c) NVIDIA CORPORATION & AFFILIATES.  All rights reserved.
2026-08-02 22:39:00+05:30 
2026-08-02 22:39:00+05:30 GOVERNING TERMS: The software and materials are governed by the NVIDIA Software License Agreement
2026-08-02 22:39:00+05:30 (found at https://www.nvidia.com/en-us/agreements/enterprise-software/nvidia-software-license-agreement/)
2026-08-02 22:39:00+05:30 and the Product-Specific Terms for NVIDIA AI Products
2026-08-02 22:39:00+05:30 (found at https://www.nvidia.com/en-us/agreements/enterprise-software/product-specific-terms-for-ai-products/).
2026-08-02 22:39:01+05:30 
2026-08-02 22:39:01+05:30 WARNING: CUDA Minor Version Compatibility mode ENABLED.
2026-08-02 22:39:01+05:30   Using driver version 580.95.05 which has support for CUDA 13.0.  This container
2026-08-02 22:39:01+05:30   was built with CUDA 13.2 and will be run in Minor Version Compatibility mode.
2026-08-02 22:39:01+05:30   CUDA Forward Compatibility is preferred over Minor Version Compatibility for use
2026-08-02 22:39:01+05:30   with this container but was unavailable:
2026-08-02 22:39:01+05:30   [[]]
2026-08-02 22:39:01+05:30   See https://docs.nvidia.com/deploy/cuda-compatibility/ for details.
2026-08-02 22:39:01+05:30 
2026-08-02 22:39:02+05:30 [STRESS] Snapshot load with WORKER_CONCURRENCY=4
2026-08-02 22:39:05+05:30 [SNAP_CREATE_START] pid=2 cuda_available=True allocated=0 reserved=0 memory_snapshot_segments=0
2026-08-02 22:39:11+05:30 W0802 17:09:11.877000 2 torch/utils/_pytree.py:630] <enum 'KernelPreference'> is an Enum subclass and is now natively supported by torch.compile as an opaque value type. Calling register_constant() on Enum subclasses is deprecated and will be an error in a future release.
2026-08-02 22:39:11+05:30 W0802 17:09:11.926000 2 torch/utils/_pytree.py:630] <enum 'ScaleCalculationMode'> is an Enum subclass and is now natively supported by torch.compile as an opaque value type. Calling register_constant() on Enum subclasses is deprecated and will be an error in a future release.
2026-08-02 22:39:11+05:30 Unable to import `torchao` Tensor objects. This may affect loading checkpoints serialized with `torchao`
2026-08-02 22:39:15+05:30 [SNAP_CREATE] flash_attn version: 2.7.4.post1
2026-08-02 22:39:15+05:30 [SNAP_CREATE] flash_attn_interface (FA3) NOT available
2026-08-02 22:39:15+05:30 [SNAP_CREATE] sageattention available
2026-08-02 22:39:15+05:30 [SNAP_CREATE] Loading FlashHead pipeline on GPU...
2026-08-02 22:39:15+05:30 2026-08-02 17:09:15.795 | INFO     | flash_head.inference:get_pipeline:21 - ulysses_degree: 1, ring_degree: 1, device: cuda
2026-08-02 22:39:19+05:30 There are modules in CausalVideoAutoencoder that should be kept in float32: []. Casting directly with `to()` can lead to inconsistent results; set `torch_dtype` in `from_pretrained()` instead to keep these modules in float32.
2026-08-02 22:39:20+05:30 There are modules in WanModelAudioProject that should be kept in float32: []. Casting directly with `to()` can lead to inconsistent results; set `torch_dtype` in `from_pretrained()` instead to keep these modules in float32.
2026-08-02 22:39:22+05:30 Some weights of Wav2Vec2Model were not initialized from the model checkpoint at /app/models/wav2vec2-base-960h and are newly initialized: ['masked_spec_embed']
2026-08-02 22:39:22+05:30 You should probably TRAIN this model on a down-stream task to be able to use it for predictions and inference.
2026-08-02 22:39:23+05:30 2026-08-02 17:09:23.074 | INFO     | flash_head.src.pipeline.flash_head_pipeline:get_cached_lite_components:102 - Cached Lite model components for reuse
2026-08-02 22:39:23+05:30 [SNAP_CREATE] Pipeline loaded in 7278.8ms
2026-08-02 22:39:23+05:30 [SNAP_CREATE_POST_PIPELINE_LOAD] pid=2 cuda_available=True allocated=4294345216 reserved=4578082816 memory_snapshot_segments=0
2026-08-02 22:39:23+05:30 [SNAP_CREATE] Running warmup inference on GPU...
2026-08-02 22:39:27+05:30 2026-08-02 17:09:27.864 | INFO     | flash_head.src.pipeline.flash_head_pipeline:generate:392 - [generate] DENOISE_STEPS total=3531.7ms steps=[s0=3218.0 s1=104.0 s2=104.9 s3=104.9] n_steps=4
2026-08-02 22:39:27+05:30 [SNAP_CREATE] Warmup completed in 4808.9ms
2026-08-02 22:39:27+05:30 [SNAP_CREATE_POST_WARMUP] pid=2 cuda_available=True allocated=4306209792 reserved=5941231616 memory_snapshot_segments=0
2026-08-02 22:39:27+05:30 [SNAP_CREATE] torch.compile state after warmup: is_compiled=False
2026-08-02 22:39:28+05:30 [SNAP_CREATE_AFTER_CLEANUP] pid=2 cuda_available=True allocated=4303916032 reserved=4580179968 memory_snapshot_segments=0
2026-08-02 22:39:28+05:30 [SNAP_PRE_RESET] SIGSEGV handler: <function _crash_handler at 0x2b9ea56ece00>
2026-08-02 22:39:28+05:30 [SNAP_PRE_RESET] SIGABRT handler: <function _crash_handler at 0x2b9ea56ece00>
2026-08-02 22:39:28+05:30 [SNAP_PRE_RESET] SIGBUS handler: <function _crash_handler at 0x2b9ea56ece00>
2026-08-02 22:39:28+05:30 [SNAP_PRE_RESET] SIGFPE handler: <function _crash_handler at 0x2b9ea56ece00>
2026-08-02 22:39:28+05:30 [SNAP] Resetting signal 11 from <function _crash_handler at 0x2b9ea56ece00> to SIG_DFL
2026-08-02 22:39:28+05:30 [SNAP] Resetting signal 6 from <function _crash_handler at 0x2b9ea56ece00> to SIG_DFL
2026-08-02 22:39:28+05:30 [SNAP] Resetting signal 7 from <function _crash_handler at 0x2b9ea56ece00> to SIG_DFL
2026-08-02 22:39:28+05:30 [SNAP] Resetting signal 8 from <function _crash_handler at 0x2b9ea56ece00> to SIG_DFL
2026-08-02 22:39:28+05:30 [SNAP_POST_RESET] SIGSEGV handler: 0
2026-08-02 22:39:28+05:30 [SNAP_POST_RESET] SIGABRT handler: 0
2026-08-02 22:39:28+05:30 [SNAP_POST_RESET] SIGBUS handler: 0
2026-08-02 22:39:28+05:30 [SNAP_POST_RESET] SIGFPE handler: 0
2026-08-02 22:39:28+05:30 [SNAP_CREATE] Ready for GPU snapshot (memory optimized)
2026-08-02 22:39:57+05:30 Snapshot created. Restoring Function from memory snapshot.
2026-08-02 22:39:58+05:30 Restoring Function from memory snapshot.
2026-08-02 22:40:04+05:30 Runner segmentation fault (SIGSEGV), exit code: 139.
2026-08-02 22:40:07+05:30 Restoring Function from memory snapshot.
2026-08-02 22:40:18+05:30 Transient snapshot error: failed to restore container from snapshot with exit code 139. Will retry with no snapshots.
2026-08-02 22:40:21+05:30 
2026-08-02 22:40:21+05:30 =============
2026-08-02 22:40:21+05:30 == PyTorch ==
2026-08-02 22:40:21+05:30 =============
2026-08-02 22:40:21+05:30 
2026-08-02 22:40:21+05:30 NVIDIA Release 26.05 (build 313520559)
2026-08-02 22:40:21+05:30 PyTorch Version 2.12.0a0+5aff392
2026-08-02 22:40:21+05:30 Container image Copyright (c) 2026, NVIDIA CORPORATION & AFFILIATES. All rights reserved.
2026-08-02 22:40:21+05:30 Copyright (c) 2014-2024 Facebook Inc.
2026-08-02 22:40:21+05:30 Copyright (c) 2011-2014 Idiap Research Institute (Ronan Collobert)
2026-08-02 22:40:21+05:30 Copyright (c) 2012-2014 Deepmind Technologies    (Koray Kavukcuoglu)
2026-08-02 22:40:21+05:30 Copyright (c) 2011-2012 NEC Laboratories America (Koray Kavukcuoglu)
2026-08-02 22:40:21+05:30 Copyright (c) 2011-2013 NYU                      (Clement Farabet)
2026-08-02 22:40:21+05:30 Copyright (c) 2006-2010 NEC Laboratories America (Ronan Collobert, Leon Bottou, Iain Melvin, Jason Weston)
2026-08-02 22:40:21+05:30 Copyright (c) 2006      Idiap Research Institute (Samy Bengio)
2026-08-02 22:40:21+05:30 Copyright (c) 2001-2004 Idiap Research Institute (Ronan Collobert, Samy Bengio, Johnny Mariethoz)
2026-08-02 22:40:21+05:30 Copyright (c) 2015      Google Inc.
2026-08-02 22:40:21+05:30 Copyright (c) 2015      Yangqing Jia
2026-08-02 22:40:21+05:30 Copyright (c) 2013-2016 The Caffe contributors
2026-08-02 22:40:21+05:30 All rights reserved.
2026-08-02 22:40:21+05:30 
2026-08-02 22:40:21+05:30 Various files include modifications (c) NVIDIA CORPORATION & AFFILIATES.  All rights reserved.
2026-08-02 22:40:21+05:30 
2026-08-02 22:40:21+05:30 GOVERNING TERMS: The software and materials are governed by the NVIDIA Software License Agreement
2026-08-02 22:40:21+05:30 (found at https://www.nvidia.com/en-us/agreements/enterprise-software/nvidia-software-license-agreement/)
2026-08-02 22:40:21+05:30 and the Product-Specific Terms for NVIDIA AI Products
2026-08-02 22:40:21+05:30 (found at https://www.nvidia.com/en-us/agreements/enterprise-software/product-specific-terms-for-ai-products/).
2026-08-02 22:40:22+05:30 
2026-08-02 22:40:22+05:30 WARNING: CUDA Minor Version Compatibility mode ENABLED.
2026-08-02 22:40:22+05:30   Using driver version 580.95.05 which has support for CUDA 13.0.  This container
2026-08-02 22:40:22+05:30   was built with CUDA 13.2 and will be run in Minor Version Compatibility mode.
2026-08-02 22:40:22+05:30   CUDA Forward Compatibility is preferred over Minor Version Compatibility for use
2026-08-02 22:40:22+05:30   with this container but was unavailable:
2026-08-02 22:40:22+05:30   [[]]
2026-08-02 22:40:22+05:30   See https://docs.nvidia.com/deploy/cuda-compatibility/ for details.
2026-08-02 22:40:22+05:30 
2026-08-02 22:40:23+05:30 [STRESS] Snapshot load with WORKER_CONCURRENCY=4
2026-08-02 22:40:25+05:30 [SNAP_CREATE_START] pid=2 cuda_available=True allocated=0 reserved=0 memory_snapshot_segments=0
2026-08-02 22:40:32+05:30 W0802 17:10:32.762000 2 torch/utils/_pytree.py:630] <enum 'KernelPreference'> is an Enum subclass and is now natively supported by torch.compile as an opaque value type. Calling register_constant() on Enum subclasses is deprecated and will be an error in a future release.
2026-08-02 22:40:32+05:30 W0802 17:10:32.816000 2 torch/utils/_pytree.py:630] <enum 'ScaleCalculationMode'> is an Enum subclass and is now natively supported by torch.compile as an opaque value type. Calling register_constant() on Enum subclasses is deprecated and will be an error in a future release.
2026-08-02 22:40:33+05:30 Unable to import `torchao` Tensor objects. This may affect loading checkpoints serialized with `torchao`
2026-08-02 22:40:36+05:30 [SNAP_CREATE] flash_attn version: 2.7.4.post1
2026-08-02 22:40:36+05:30 [SNAP_CREATE] flash_attn_interface (FA3) NOT available
2026-08-02 22:40:36+05:30 [SNAP_CREATE] sageattention available
2026-08-02 22:40:36+05:30 [SNAP_CREATE] Loading FlashHead pipeline on GPU...
2026-08-02 22:40:36+05:30 2026-08-02 17:10:36.907 | INFO     | flash_head.inference:get_pipeline:21 - ulysses_degree: 1, ring_degree: 1, device: cuda
2026-08-02 22:40:40+05:30 There are modules in CausalVideoAutoencoder that should be kept in float32: []. Casting directly with `to()` can lead to inconsistent results; set `torch_dtype` in `from_pretrained()` instead to keep these modules in float32.
2026-08-02 22:40:42+05:30 There are modules in WanModelAudioProject that should be kept in float32: []. Casting directly with `to()` can lead to inconsistent results; set `torch_dtype` in `from_pretrained()` instead to keep these modules in float32.
2026-08-02 22:40:44+05:30 Some weights of Wav2Vec2Model were not initialized from the model checkpoint at /app/models/wav2vec2-base-960h and are newly initialized: ['masked_spec_embed']
2026-08-02 22:40:44+05:30 You should probably TRAIN this model on a down-stream task to be able to use it for predictions and inference.
2026-08-02 22:40:44+05:30 2026-08-02 17:10:44.254 | INFO     | flash_head.src.pipeline.flash_head_pipeline:get_cached_lite_components:102 - Cached Lite model components for reuse
2026-08-02 22:40:44+05:30 [SNAP_CREATE] Pipeline loaded in 7347.5ms
2026-08-02 22:40:44+05:30 [SNAP_CREATE_POST_PIPELINE_LOAD] pid=2 cuda_available=True allocated=4294345216 reserved=4578082816 memory_snapshot_segments=0
2026-08-02 22:40:44+05:30 [SNAP_CREATE] Running warmup inference on GPU...
2026-08-02 22:40:49+05:30 2026-08-02 17:10:49.065 | INFO     | flash_head.src.pipeline.flash_head_pipeline:generate:392 - [generate] DENOISE_STEPS total=3580.3ms steps=[s0=3270.2 s1=103.8 s2=103.3 s3=103.1] n_steps=4
2026-08-02 22:40:49+05:30 [SNAP_CREATE] Warmup completed in 4831.3ms
2026-08-02 22:40:49+05:30 [SNAP_CREATE_POST_WARMUP] pid=2 cuda_available=True allocated=4306209792 reserved=5941231616 memory_snapshot_segments=0
2026-08-02 22:40:49+05:30 [SNAP_CREATE] torch.compile state after warmup: is_compiled=False
2026-08-02 22:40:49+05:30 [SNAP_CREATE_AFTER_CLEANUP] pid=2 cuda_available=True allocated=4303916032 reserved=4580179968 memory_snapshot_segments=0
2026-08-02 22:40:49+05:30 [SNAP_PRE_RESET] SIGSEGV handler: <function _crash_handler at 0x2b5f2fcb6b60>
2026-08-02 22:40:49+05:30 [SNAP_PRE_RESET] SIGABRT handler: <function _crash_handler at 0x2b5f2fcb6b60>
2026-08-02 22:40:49+05:30 [SNAP_PRE_RESET] SIGBUS handler: <function _crash_handler at 0x2b5f2fcb6b60>
2026-08-02 22:40:49+05:30 [SNAP_PRE_RESET] SIGFPE handler: <function _crash_handler at 0x2b5f2fcb6b60>
2026-08-02 22:40:49+05:30 [SNAP] Resetting signal 11 from <function _crash_handler at 0x2b5f2fcb6b60> to SIG_DFL
2026-08-02 22:40:49+05:30 [SNAP] Resetting signal 6 from <function _crash_handler at 0x2b5f2fcb6b60> to SIG_DFL
2026-08-02 22:40:49+05:30 [SNAP] Resetting signal 7 from <function _crash_handler at 0x2b5f2fcb6b60> to SIG_DFL
2026-08-02 22:40:49+05:30 [SNAP] Resetting signal 8 from <function _crash_handler at 0x2b5f2fcb6b60> to SIG_DFL
2026-08-02 22:40:49+05:30 [SNAP_POST_RESET] SIGSEGV handler: 0
2026-08-02 22:40:49+05:30 [SNAP_POST_RESET] SIGABRT handler: 0
2026-08-02 22:40:49+05:30 [SNAP_POST_RESET] SIGBUS handler: 0
2026-08-02 22:40:49+05:30 [SNAP_POST_RESET] SIGFPE handler: 0
2026-08-02 22:40:49+05:30 [SNAP_CREATE] Ready for GPU snapshot (memory optimized)
2026-08-02 22:40:49+05:30 [RESTORE] Starting GPU snapshot restore
2026-08-02 22:40:49+05:30 [RESTORE_START] pid=2 cuda_available=True allocated=4303916032 reserved=4580179968 memory_snapshot_segments=0
2026-08-02 22:40:49+05:30 [RESTORE] cuda.is_available=True dist.is_initialized=False
2026-08-02 22:40:49+05:30 [RESTORE] allocated=4303916032 reserved=4580179968 memory_snapshot_segments=0
2026-08-02 22:40:49+05:30 [RESTORE] snap_pipeline exists: device=cuda
2026-08-02 22:40:49+05:30 [RESTORE_POST] SIGSEGV handler: 0
2026-08-02 22:40:49+05:30 [RESTORE_POST] SIGABRT handler: 0
2026-08-02 22:40:49+05:30 [RESTORE_POST] SIGBUS handler: 0
2026-08-02 22:40:49+05:30 [RESTORE_POST] SIGFPE handler: 0
2026-08-02 22:40:49+05:30 [RESTORE] torch.compile state: is_compiled=False
2026-08-02 22:40:49+05:30 [RESTORE_FINAL] pid=2 cuda_available=True allocated=4303916032 reserved=4580179968 memory_snapshot_segments=0
2026-08-02 22:40:49+05:30 [RESTORE] GPU snapshot restore complete
2026-08-02 22:40:49+05:30 [SERVE] Starting serve() post-restore (STRESS TEST, concurrency=4)
2026-08-02 22:40:49+05:30 2026-08-02 17:10:49,819 [INFO] handler: Using baked FlashHead checkpoint directory: /app/models/SoulX-FlashHead-1_3B
2026-08-02 22:40:49+05:30 2026-08-02 17:10:49,820 [INFO] utils.model_pool: Initializing FlashHead pool: initial_size=4 max_size=4
2026-08-02 22:40:49+05:30 2026-08-02 17:10:49,820 [INFO] utils.model_pool: Loading pipeline 1/4...
2026-08-02 22:40:49+05:30 2026-08-02 17:10:49.820 | INFO     | flash_head.inference:get_pipeline:21 - ulysses_degree: 1, ring_degree: 1, device: cuda
2026-08-02 22:40:49+05:30 2026-08-02 17:10:49.820 | INFO     | flash_head.src.pipeline.flash_head_pipeline:get_cached_lite_components:68 - Reusing cached Lite model components
2026-08-02 22:40:49+05:30 2026-08-02 17:10:49,820 [INFO] utils.model_pool: Pipeline 1/4 loaded successfully.
2026-08-02 22:40:49+05:30 2026-08-02 17:10:49,820 [INFO] utils.model_pool: Loading pipeline 2/4...
2026-08-02 22:40:49+05:30 2026-08-02 17:10:49.820 | INFO     | flash_head.inference:get_pipeline:21 - ulysses_degree: 1, ring_degree: 1, device: cuda
2026-08-02 22:40:49+05:30 2026-08-02 17:10:49.820 | INFO     | flash_head.src.pipeline.flash_head_pipeline:get_cached_lite_components:68 - Reusing cached Lite model components
2026-08-02 22:40:49+05:30 2026-08-02 17:10:49,820 [INFO] utils.model_pool: Pipeline 2/4 loaded successfully.
2026-08-02 22:40:49+05:30 2026-08-02 17:10:49,820 [INFO] utils.model_pool: Loading pipeline 3/4...
2026-08-02 22:40:49+05:30 2026-08-02 17:10:49.820 | INFO     | flash_head.inference:get_pipeline:21 - ulysses_degree: 1, ring_degree: 1, device: cuda
2026-08-02 22:40:49+05:30 2026-08-02 17:10:49.820 | INFO     | flash_head.src.pipeline.flash_head_pipeline:get_cached_lite_components:68 - Reusing cached Lite model components
2026-08-02 22:40:49+05:30 2026-08-02 17:10:49,820 [INFO] utils.model_pool: Pipeline 3/4 loaded successfully.
2026-08-02 22:40:49+05:30 2026-08-02 17:10:49,820 [INFO] utils.model_pool: Loading pipeline 4/4...
2026-08-02 22:40:49+05:30 2026-08-02 17:10:49.820 | INFO     | flash_head.inference:get_pipeline:21 - ulysses_degree: 1, ring_degree: 1, device: cuda
2026-08-02 22:40:49+05:30 2026-08-02 17:10:49.820 | INFO     | flash_head.src.pipeline.flash_head_pipeline:get_cached_lite_components:68 - Reusing cached Lite model components
2026-08-02 22:40:49+05:30 2026-08-02 17:10:49,821 [INFO] utils.model_pool: Pipeline 4/4 loaded successfully.
2026-08-02 22:40:49+05:30 2026-08-02 17:10:49,821 [INFO] BatchedStreamingEngine: BatchedStreamingEngine background thread started
2026-08-02 22:40:49+05:30 [STRESS] BatchedStreamingEngine started (wait_window=20ms)
2026-08-02 22:40:49+05:30 [STRESS] /readyz patched: prewarm check relaxed
2026-08-02 22:40:49+05:30 [SERVE_POST_RESTORE] flash_attn version: 2.7.4.post1
2026-08-02 22:40:49+05:30 [SERVE_POST_RESTORE] flash_attn_interface (FA3) NOT available
2026-08-02 22:40:49+05:30 [SERVE_POST_RESTORE] sageattention available
2026-08-02 22:40:49+05:30 2026-08-02 17:10:49,823 [INFO] default_avatar_cache: [default-avatar-cache] Manifest not found at /app/config/default_avatars.manifest.json. Falling back to per-session URL fetch.
2026-08-02 22:40:49+05:30 [modal] Default avatar manifest not found at /app/config/default_avatars.manifest.json - falling back to per-session URL fetch
2026-08-02 22:40:49+05:30 [modal] Default idle cache: cachedIdleVideoCount=0 failed=0
2026-08-02 22:40:49+05:30 [SERVE] Snapshot pipeline in model_pool: current_size=4 available=4
2026-08-02 22:40:49+05:30 2026-08-02 17:10:49,824 [INFO] modal_app_stress: aiohttp background thread started ident=47695347586752
2026-08-02 22:40:49+05:30 2026-08-02 17:10:49,825 [INFO] streaming.websocket_server: Starting WebSocket ingestion server on ws://0.0.0.0:8765
2026-08-02 22:40:49+05:30 2026-08-02 17:10:49,830 [INFO] websockets.server: server listening on 0.0.0.0:8765
2026-08-02 22:40:49+05:30 [SERVE] Models already on GPU from snapshot - marking ready immediately
2026-08-02 22:40:49+05:30 [SERVE_START] pid=2 cuda_available=True allocated=4303916032 reserved=4580179968 memory_snapshot_segments=0
2026-08-02 22:40:50+05:30 [prewarm] Connecting to wss://ai-14ksodzi.livekit.cloud room=prewarm-e4587d55 slot=1/1 attempt=1/required...
2026-08-02 22:40:50+05:30 Nvidia Decoder is supported.
2026-08-02 22:40:51+05:30 2026-08-02 17:10:51,106 [INFO] livekit: livekit_api::signal_client::signal_stream:104:livekit_api::signal_client::signal_stream - connecting to wss://ai-14ksodzi.livekit.cloud/rtc/v1
2026-08-02 22:40:52+05:30 [prewarm] Connected slot=1/1 in 1749.3 ms, adding to pool
2026-08-02 22:40:52+05:30 2026-08-02 17:10:52,228 [INFO] modal_app_stress: aiohttp site started thread=47695347586752 event_loop=47694065450448
2026-08-02 22:40:52+05:30 [STRESS] All 4 pool slots filled from snapshot pipeline. No additional pipelines to load.
2026-08-02 22:40:52+05:30 [STRESS] Prewarm pool size=1. Test script will mint rooms for sessions 2-N.
2026-08-02 22:40:52+05:30 [METRICS] GPU_util=0% GPU_temp=32C GPU_mem=4.0GB/22.1GB (reserved=4.3GB) RSS=11767MB CPU_user=21.6s CPU_sys=5.8s sessions=0 pool=4/4
2026-08-02 22:40:57+05:30 [METRICS] GPU_util=0% GPU_temp=32C GPU_mem=4.0GB/22.1GB (reserved=4.3GB) RSS=11767MB CPU_user=26.1s CPU_sys=6.0s sessions=0 pool=4/4
2026-08-02 22:41:02+05:30 [METRICS] GPU_util=0% GPU_temp=33C GPU_mem=4.0GB/22.1GB (reserved=4.3GB) RSS=11767MB CPU_user=30.6s CPU_sys=6.1s sessions=0 pool=4/4
2026-08-02 22:41:05+05:30 2026-08-02 17:11:05,331 [INFO] aiohttp.access: 172.20.16.49 [02/Aug/2026:17:11:05 +0000] "GET /readyz HTTP/1.1" 200 398 "-" "Python/3.14 aiohttp/3.14.1"
2026-08-02 22:41:05+05:30     GET /readyz -> 200 OK  (duration: 230.5 ms, execution: 104.7 ms)
2026-08-02 22:41:06+05:30 2026-08-02 17:11:06,469 [INFO] handler: [claim_room] Claimed room prewarm-e4587d55 for new session
2026-08-02 22:41:06+05:30 2026-08-02 17:11:06,469 [INFO] aiohttp.access: 172.20.16.49 [02/Aug/2026:17:11:06 +0000] "POST /room/claim HTTP/1.1" 200 965 "-" "Python/3.14 aiohttp/3.14.1"
2026-08-02 22:41:06+05:30    POST /room/claim -> 200 OK  (duration: 335.8 ms, execution: 202.8 ms)
2026-08-02 22:41:07+05:30 [METRICS] GPU_util=0% GPU_temp=33C GPU_mem=4.0GB/22.1GB (reserved=4.3GB) RSS=11767MB CPU_user=35.0s CPU_sys=6.2s sessions=0 pool=4/4
2026-08-02 22:41:07+05:30 2026-08-02 17:11:07,695 [INFO] handler: [pod_session_start] Received session=conc-test-1-909b85 room=prewarm-e4587d55 ingestion=websocket hasIdleAsset=False
2026-08-02 22:41:07+05:30 2026-08-02 17:11:07,695 [INFO] streaming.websocket_server: Registered WebSocket session: conc-test-1-909b85
2026-08-02 22:41:07+05:30 2026-08-02 17:11:07,695 [INFO] aiohttp.access: 172.20.16.49 [02/Aug/2026:17:11:07 +0000] "POST /sessions/start HTTP/1.1" 202 271 "-" "Python/3.14 aiohttp/3.14.1"
2026-08-02 22:41:07+05:30 2026-08-02 17:11:07,696 [INFO] handler: [handler] Reusing pre-warmed LiveKit room prewarm-e4587d55 connection_state=1 identity=prewarm-prewarm-e4587d55
2026-08-02 22:41:07+05:30 2026-08-02 17:11:07,696 [INFO] batched_stream_processor: [BATCHED-DIAG] threading context: thread_id=47695347586752 thread_name=modal-aiohttp-server event_loop_id=47694065450448
2026-08-02 22:41:07+05:30 2026-08-02 17:11:07,696 [INFO] batched_stream_processor: Connecting to LiveKit room=prewarm-e4587d55 url=wss://ai-14ksodzi.livekit.cloud session=conc-test-1-909b85
2026-08-02 22:41:07+05:30 2026-08-02 17:11:07,697 [INFO] batched_stream_processor: Reusing pre-connected LiveKit room=prewarm-e4587d55 session=conc-test-1-909b85 connection_state=1
2026-08-02 22:41:07+05:30    POST /sessions/start -> 202 Accepted  (duration: 432.0 ms, execution: 301.4 ms)
2026-08-02 22:41:08+05:30 2026-08-02 17:11:08,088 [INFO] batched_stream_processor: IDLE_FALLBACK_PUBLISHED session=conc-test-1-909b85
2026-08-02 22:41:08+05:30 2026-08-02 17:11:08,088 [INFO] batched_stream_processor: Registering session conc-test-1-909b85 with BatchedStreamingEngine
2026-08-02 22:41:08+05:30 2026-08-02 17:11:08,089 [INFO] BatchedStreamingEngine: Session conc-test-1-909b85 added (total=1)
2026-08-02 22:41:08+05:30 2026-08-02 17:11:08,257 [INFO] batched_stream_processor: Session conc-test-1-909b85 registered with engine in 168.6 ms (avatar prepared)
2026-08-02 22:41:08+05:30 2026-08-02 17:11:08,257 [INFO] streaming.state_manager: [SM] Adaptive caps: p95_ms=350 buffer=9 peak=33 MAX=42 TARGET=33
2026-08-02 22:41:08+05:30 2026-08-02 17:11:08,257 [INFO] streaming.state_manager: [SM] Adaptive caps: p95_ms=350 buffer=9 peak=33 MAX=42 TARGET=33
2026-08-02 22:41:08+05:30 2026-08-02 17:11:08,257 [INFO] VideoPublisher: [VP-DIAG] First non-None frame received after 0 None ticks (~0.0s). Creating track...
2026-08-02 22:41:08+05:30 2026-08-02 17:11:08,257 [INFO] VideoPublisher: [VP-DIAG] Creating video track 512x512
2026-08-02 22:41:08+05:30 2026-08-02 17:11:08,259 [INFO] VideoPublisher: [VP-DIAG] Calling publish_track()...
2026-08-02 22:41:08+05:30 2026-08-02 17:11:08,367 [INFO] VideoPublisher: [VP-DIAG] publish_track() completed in 107.2 ms
2026-08-02 22:41:08+05:30 2026-08-02 17:11:08,370 [INFO] livekit: livekit::room::e2ee::manager:179:livekit::room::e2ee::manager - packet_trailer not enabled for published track TR_VCoW6KtWaFwamp from prewarm-prewarm-e4587d55
2026-08-02 22:41:08+05:30 2026-08-02 17:11:08,373 [INFO] batched_stream_processor: [BATCHED-DIAG] {'event': 'local_track_published', 't': 0.676, 'sid': 'TR_VCoW6KtWaFwamp', 'kind': 2}
2026-08-02 22:41:08+05:30 2026-08-02 17:11:08,373 [INFO] batched_stream_processor: IDLE_TRACK_PUBLISHED session=conc-test-1-909b85 room=prewarm-e4587d55
2026-08-02 22:41:08+05:30 2026-08-02 17:11:08,390 [INFO] livekit: livekit::rtc_engine::peer_transport:447:livekit::rtc_engine::peer_transport - Applying x-google-start-bitrate=2700 kbps (ultimate_bps=Some(3000000))
2026-08-02 22:41:08+05:30 2026-08-02 17:11:08,390 [INFO] livekit: livekit::rtc_engine::peer_transport:455:livekit::rtc_engine::peer_transport - SDP munged successfully for video codec
2026-08-02 22:41:08+05:30 2026-08-02 17:11:08,729 [INFO] batched_stream_processor: [BATCHED-DIAG] {'event': 'participant_connected', 't': 1.032, 'identity': 'viewer-script-conc-test-1-909b85'}
2026-08-02 22:41:09+05:30 2026-08-02 17:11:09,423 [INFO] aiohttp.access: 172.20.16.49 [02/Aug/2026:17:11:09 +0000] "POST /room/claim HTTP/1.1" 200 238 "-" "Python/3.14 aiohttp/3.14.1"
2026-08-02 22:41:09+05:30    POST /room/claim -> 200 OK  (duration: 327.5 ms, execution: 202.6 ms)
2026-08-02 22:41:10+05:30 2026-08-02 17:11:10,505 [INFO] handler: [pod_session_start] Received session=conc-test-2-bdbbb6 room=conc-test-b2e00c10 ingestion=websocket hasIdleAsset=False
2026-08-02 22:41:10+05:30 2026-08-02 17:11:10,505 [INFO] streaming.websocket_server: Registered WebSocket session: conc-test-2-bdbbb6
2026-08-02 22:41:10+05:30 2026-08-02 17:11:10,505 [INFO] aiohttp.access: 172.20.16.49 [02/Aug/2026:17:11:10 +0000] "POST /sessions/start HTTP/1.1" 202 271 "-" "Python/3.14 aiohttp/3.14.1"
2026-08-02 22:41:10+05:30 2026-08-02 17:11:10,506 [INFO] handler: [handler] prewarm_pool.release() took 0.0ms for room conc-test-b2e00c10
2026-08-02 22:41:10+05:30 2026-08-02 17:11:10,506 [INFO] batched_stream_processor: [BATCHED-DIAG] threading context: thread_id=47695347586752 thread_name=modal-aiohttp-server event_loop_id=47694065450448
2026-08-02 22:41:10+05:30 2026-08-02 17:11:10,506 [INFO] batched_stream_processor: Connecting to LiveKit room=conc-test-b2e00c10 url=wss://ai-14ksodzi.livekit.cloud session=conc-test-2-bdbbb6
2026-08-02 22:41:10+05:30 2026-08-02 17:11:10,507 [INFO] batched_stream_processor: [BATCHED-DIAG] room.connect() attempt 1/3 | url=wss://ai-14ksodzi.livekit.cloud
2026-08-02 22:41:10+05:30 2026-08-02 17:11:10,531 [INFO] livekit: livekit_api::signal_client::signal_stream:104:livekit_api::signal_client::signal_stream - connecting to wss://ai-14ksodzi.livekit.cloud/rtc/v1
2026-08-02 22:41:10+05:30    POST /sessions/start -> 202 Accepted  (duration: 328.2 ms, execution: 201.7 ms)
2026-08-02 22:41:10+05:30 2026-08-02 17:11:10,993 [INFO] handler: WS_REQUEST_RECEIVED session=conc-test-1-909b85 origin= ip=172.20.16.49
2026-08-02 22:41:10+05:30 2026-08-02 17:11:10,994 [INFO] handler: WS_CONNECT session=conc-test-1-909b85 origin= ip=172.20.16.49 handlerMs=0.6
2026-08-02 22:41:12+05:30 2026-08-02 17:11:12,415 [INFO] aiohttp.access: 172.20.16.49 [02/Aug/2026:17:11:12 +0000] "POST /room/claim HTTP/1.1" 200 238 "-" "Python/3.14 aiohttp/3.14.1"
2026-08-02 22:41:12+05:30 [METRICS] GPU_util=99% GPU_temp=38C GPU_mem=4.1GB/22.1GB (reserved=5.6GB) RSS=11767MB CPU_user=40.7s CPU_sys=6.8s sessions=2 pool=4/4
2026-08-02 22:41:12+05:30 2026-08-02 17:11:12.499 | INFO     | flash_head.src.pipeline.flash_head_pipeline:generate_batch:538 - [generate_batch] GPU_BREAKDOWN denoise=424.6ms decode=177.9ms color+encode=68.2ms total=671.1ms batch_size=1
2026-08-02 22:41:12+05:30 2026-08-02 17:11:12.499 | INFO     | flash_head.src.pipeline.flash_head_pipeline:generate_batch:545 - [generate_batch] DENOISE_STEPS total=424.6ms steps=[s0=102.5 s1=109.2 s2=108.6 s3=104.3] n_steps=4 batch_size=1
2026-08-02 22:41:12+05:30 2026-08-02 17:11:12,544 [INFO] AudioPublisher: [AP-DIAG] Calling publish_track()...
2026-08-02 22:41:12+05:30 2026-08-02 17:11:12,577 [INFO] streaming.state_manager: [SM] IDLE -> TRANSITION_TO_LIVE (crossfade 8 frames, queue=24)
2026-08-02 22:41:12+05:30 2026-08-02 17:11:12,652 [INFO] AudioPublisher: [AP-DIAG] publish_track() completed in 108.4 ms (16000 Hz, 1 ch)
2026-08-02 22:41:12+05:30 2026-08-02 17:11:12,656 [INFO] batched_stream_processor: [BATCHED-DIAG] {'event': 'local_track_published', 't': 4.96, 'sid': 'TR_AMiZDTeENv9n3a', 'kind': 1}
2026-08-02 22:41:12+05:30    POST /room/claim -> 200 OK  (duration: 421.3 ms, execution: 297.8 ms)
2026-08-02 22:41:12+05:30 2026-08-02 17:11:12,679 [INFO] livekit: livekit::rtc_engine::peer_transport:447:livekit::rtc_engine::peer_transport - Applying x-google-start-bitrate=2700 kbps (ultimate_bps=Some(3000000))
2026-08-02 22:41:12+05:30 2026-08-02 17:11:12,898 [INFO] streaming.state_manager: [SM] TRANSITION_TO_LIVE -> LIVE
2026-08-02 22:41:13+05:30 2026-08-02 17:11:13,261 [INFO] VideoPublisher: VIDEO_PUBLISH_METRICS windowMs=5004 frames=126 effectiveFps=25.2 liveFrames=10 repeatedLiveFrames=0 idleFrames=116 desyncPct=92.1 maxGapMs=46.4 maxCaptureMs=1.6
2026-08-02 22:41:13+05:30 2026-08-02 17:11:13.465 | INFO     | flash_head.src.pipeline.flash_head_pipeline:generate_batch:538 - [generate_batch] GPU_BREAKDOWN denoise=449.7ms decode=178.5ms color+encode=68.6ms total=697.1ms batch_size=1
2026-08-02 22:41:13+05:30 2026-08-02 17:11:13.465 | INFO     | flash_head.src.pipeline.flash_head_pipeline:generate_batch:545 - [generate_batch] DENOISE_STEPS total=449.7ms steps=[s0=103.5 s1=135.8 s2=105.5 s3=104.9] n_steps=4 batch_size=1
2026-08-02 22:41:13+05:30 2026-08-02 17:11:13,610 [INFO] handler: [pod_session_start] Received session=conc-test-3-e61f52 room=conc-test-b8efbee9 ingestion=websocket hasIdleAsset=False
2026-08-02 22:41:13+05:30 2026-08-02 17:11:13,610 [INFO] streaming.websocket_server: Registered WebSocket session: conc-test-3-e61f52
2026-08-02 22:41:13+05:30 2026-08-02 17:11:13,611 [INFO] aiohttp.access: 172.20.16.49 [02/Aug/2026:17:11:13 +0000] "POST /sessions/start HTTP/1.1" 202 271 "-" "Python/3.14 aiohttp/3.14.1"
2026-08-02 22:41:13+05:30 2026-08-02 17:11:13,611 [INFO] handler: [handler] prewarm_pool.release() took 0.0ms for room conc-test-b8efbee9
2026-08-02 22:41:13+05:30 2026-08-02 17:11:13,611 [INFO] batched_stream_processor: [BATCHED-DIAG] threading context: thread_id=47695347586752 thread_name=modal-aiohttp-server event_loop_id=47694065450448
2026-08-02 22:41:13+05:30 2026-08-02 17:11:13,612 [INFO] batched_stream_processor: Connecting to LiveKit room=conc-test-b8efbee9 url=wss://ai-14ksodzi.livekit.cloud session=conc-test-3-e61f52
2026-08-02 22:41:13+05:30 2026-08-02 17:11:13,612 [INFO] batched_stream_processor: [BATCHED-DIAG] room.connect() attempt 1/3 | url=wss://ai-14ksodzi.livekit.cloud
2026-08-02 22:41:13+05:30 2026-08-02 17:11:13,644 [INFO] livekit: livekit_api::signal_client::signal_stream:104:livekit_api::signal_client::signal_stream - connecting to wss://ai-14ksodzi.livekit.cloud/rtc/v1
2026-08-02 22:41:13+05:30    POST /sessions/start -> 202 Accepted  (duration: 438.3 ms, execution: 311.7 ms)
2026-08-02 22:41:14+05:30 2026-08-02 17:11:14.607 | INFO     | flash_head.src.pipeline.flash_head_pipeline:generate_batch:538 - [generate_batch] GPU_BREAKDOWN denoise=551.5ms decode=173.5ms color+encode=68.6ms total=795.2ms batch_size=1
2026-08-02 22:41:14+05:30 2026-08-02 17:11:14.607 | INFO     | flash_head.src.pipeline.flash_head_pipeline:generate_batch:545 - [generate_batch] DENOISE_STEPS total=551.5ms steps=[s0=230.3 s1=105.3 s2=106.6 s3=109.2] n_steps=4 batch_size=1
2026-08-02 22:41:14+05:30 2026-08-02 17:11:14,840 [INFO] handler: UTTERANCE_END_RECEIVED session=conc-test-1-909b85
2026-08-02 22:41:14+05:30 2026-08-02 17:11:14,840 [INFO] batched_stream_processor: BATCHED_DRAIN_STARTED session=conc-test-1-909b85 keep_alive=True
2026-08-02 22:41:14+05:30 2026-08-02 17:11:14,840 [INFO] BatchedStreamingEngine: Session conc-test-1-909b85 marked for drain (keep_alive=True)
2026-08-02 22:41:15+05:30 2026-08-02 17:11:15.354 | INFO     | flash_head.src.pipeline.flash_head_pipeline:generate_batch:538 - [generate_batch] GPU_BREAKDOWN denoise=421.9ms decode=173.0ms color+encode=68.9ms total=664.2ms batch_size=1
2026-08-02 22:41:15+05:30 2026-08-02 17:11:15.354 | INFO     | flash_head.src.pipeline.flash_head_pipeline:generate_batch:545 - [generate_batch] DENOISE_STEPS total=421.9ms steps=[s0=102.7 s1=107.4 s2=106.0 s3=105.7] n_steps=4 batch_size=1
2026-08-02 22:41:16+05:30 2026-08-02 17:11:16.314 | INFO     | flash_head.src.pipeline.flash_head_pipeline:generate_batch:538 - [generate_batch] GPU_BREAKDOWN denoise=420.3ms decode=173.3ms color+encode=68.5ms total=662.5ms batch_size=1
2026-08-02 22:41:16+05:30 2026-08-02 17:11:16.314 | INFO     | flash_head.src.pipeline.flash_head_pipeline:generate_batch:545 - [generate_batch] DENOISE_STEPS total=420.3ms steps=[s0=102.2 s1=105.5 s2=106.9 s3=105.7] n_steps=4 batch_size=1
2026-08-02 22:41:17+05:30 2026-08-02 17:11:17.273 | INFO     | flash_head.src.pipeline.flash_head_pipeline:generate_batch:538 - [generate_batch] GPU_BREAKDOWN denoise=420.5ms decode=173.6ms color+encode=68.6ms total=663.5ms batch_size=1
2026-08-02 22:41:17+05:30 2026-08-02 17:11:17.273 | INFO     | flash_head.src.pipeline.flash_head_pipeline:generate_batch:545 - [generate_batch] DENOISE_STEPS total=420.5ms steps=[s0=101.6 s1=105.4 s2=107.8 s3=105.8] n_steps=4 batch_size=1
2026-08-02 22:41:17+05:30 [METRICS] GPU_util=99% GPU_temp=39C GPU_mem=4.0GB/22.1GB (reserved=5.6GB) RSS=11767MB CPU_user=47.5s CPU_sys=7.2s sessions=3 pool=4/4
2026-08-02 22:41:18+05:30 2026-08-02 17:11:18.232 | INFO     | flash_head.src.pipeline.flash_head_pipeline:generate_batch:538 - [generate_batch] GPU_BREAKDOWN denoise=421.5ms decode=173.3ms color+encode=68.9ms total=664.6ms batch_size=1
2026-08-02 22:41:18+05:30 2026-08-02 17:11:18.233 | INFO     | flash_head.src.pipeline.flash_head_pipeline:generate_batch:545 - [generate_batch] DENOISE_STEPS total=421.5ms steps=[s0=103.0 s1=106.0 s2=107.0 s3=105.5] n_steps=4 batch_size=1
2026-08-02 22:41:18+05:30 2026-08-02 17:11:18,262 [INFO] VideoPublisher: VIDEO_PUBLISH_METRICS windowMs=5001 frames=125 effectiveFps=25.0 liveFrames=121 repeatedLiveFrames=4 idleFrames=0 desyncPct=3.2 maxGapMs=42.5 maxCaptureMs=1.6
2026-08-02 22:41:19+05:30 2026-08-02 17:11:19.191 | INFO     | flash_head.src.pipeline.flash_head_pipeline:generate_batch:538 - [generate_batch] GPU_BREAKDOWN denoise=420.9ms decode=173.3ms color+encode=68.7ms total=663.3ms batch_size=1
2026-08-02 22:41:19+05:30 2026-08-02 17:11:19.191 | INFO     | flash_head.src.pipeline.flash_head_pipeline:generate_batch:545 - [generate_batch] DENOISE_STEPS total=420.9ms steps=[s0=102.2 s1=105.5 s2=107.8 s3=105.4] n_steps=4 batch_size=1
2026-08-02 22:41:20+05:30 2026-08-02 17:11:20.149 | INFO     | flash_head.src.pipeline.flash_head_pipeline:generate_batch:538 - [generate_batch] GPU_BREAKDOWN denoise=418.7ms decode=173.4ms color+encode=68.3ms total=660.8ms batch_size=1
2026-08-02 22:41:20+05:30 2026-08-02 17:11:20.149 | INFO     | flash_head.src.pipeline.flash_head_pipeline:generate_batch:545 - [generate_batch] DENOISE_STEPS total=418.7ms steps=[s0=102.1 s1=105.3 s2=106.0 s3=105.3] n_steps=4 batch_size=1
2026-08-02 22:41:21+05:30 2026-08-02 17:11:21.108 | INFO     | flash_head.src.pipeline.flash_head_pipeline:generate_batch:538 - [generate_batch] GPU_BREAKDOWN denoise=417.9ms decode=173.6ms color+encode=68.6ms total=660.5ms batch_size=1
2026-08-02 22:41:21+05:30 2026-08-02 17:11:21.109 | INFO     | flash_head.src.pipeline.flash_head_pipeline:generate_batch:545 - [generate_batch] DENOISE_STEPS total=417.9ms steps=[s0=101.4 s1=105.0 s2=105.9 s3=105.6] n_steps=4 batch_size=1
2026-08-02 22:41:21+05:30 2026-08-02 17:11:21,143 [INFO] BatchedStreamingEngine: cycle=10 batch=1 sessions=['conc-test-1-909b85'] embed=15.1ms infer=661.0ms xfer=33.6ms total=709.8ms
2026-08-02 22:41:22+05:30 2026-08-02 17:11:22.072 | INFO     | flash_head.src.pipeline.flash_head_pipeline:generate_batch:538 - [generate_batch] GPU_BREAKDOWN denoise=419.6ms decode=176.1ms color+encode=68.7ms total=664.8ms batch_size=1
2026-08-02 22:41:22+05:30 2026-08-02 17:11:22.073 | INFO     | flash_head.src.pipeline.flash_head_pipeline:generate_batch:545 - [generate_batch] DENOISE_STEPS total=419.6ms steps=[s0=102.0 s1=105.6 s2=106.4 s3=105.6] n_steps=4 batch_size=1
2026-08-02 22:41:22+05:30 [METRICS] GPU_util=0% GPU_temp=40C GPU_mem=4.0GB/22.1GB (reserved=5.6GB) RSS=11767MB CPU_user=53.9s CPU_sys=7.4s sessions=3 pool=4/4
2026-08-02 22:41:23+05:30 2026-08-02 17:11:23.028 | INFO     | flash_head.src.pipeline.flash_head_pipeline:generate_batch:538 - [generate_batch] GPU_BREAKDOWN denoise=418.4ms decode=174.1ms color+encode=68.6ms total=661.4ms batch_size=1
2026-08-02 22:41:23+05:30 2026-08-02 17:11:23.028 | INFO     | flash_head.src.pipeline.flash_head_pipeline:generate_batch:545 - [generate_batch] DENOISE_STEPS total=418.4ms steps=[s0=101.6 s1=105.4 s2=105.7 s3=105.8] n_steps=4 batch_size=1
2026-08-02 22:41:23+05:30 2026-08-02 17:11:23,300 [INFO] VideoPublisher: VIDEO_PUBLISH_METRICS windowMs=5038 frames=126 effectiveFps=25.0 liveFrames=126 repeatedLiveFrames=0 idleFrames=0 desyncPct=0.0 maxGapMs=41.8 maxCaptureMs=1.9
2026-08-02 22:41:23+05:30 2026-08-02 17:11:23.997 | INFO     | flash_head.src.pipeline.flash_head_pipeline:generate_batch:538 - [generate_batch] GPU_BREAKDOWN denoise=421.0ms decode=177.1ms color+encode=68.8ms total=667.3ms batch_size=1
2026-08-02 22:41:23+05:30 2026-08-02 17:11:23.997 | INFO     | flash_head.src.pipeline.flash_head_pipeline:generate_batch:545 - [generate_batch] DENOISE_STEPS total=421.0ms steps=[s0=102.4 s1=105.6 s2=106.8 s3=106.1] n_steps=4 batch_size=1
2026-08-02 22:41:24+05:30 2026-08-02 17:11:24.951 | INFO     | flash_head.src.pipeline.flash_head_pipeline:generate_batch:538 - [generate_batch] GPU_BREAKDOWN denoise=420.7ms decode=173.3ms color+encode=68.7ms total=663.3ms batch_size=1
2026-08-02 22:41:24+05:30 2026-08-02 17:11:24.951 | INFO     | flash_head.src.pipeline.flash_head_pipeline:generate_batch:545 - [generate_batch] DENOISE_STEPS total=420.7ms steps=[s0=102.4 s1=106.6 s2=106.0 s3=105.8] n_steps=4 batch_size=1
2026-08-02 22:41:25+05:30 2026-08-02 17:11:25,636 [WARNING] livekit: livekit::rtc_engine:516:livekit::rtc_engine - failed to connect: Connection("wait_pc_connection timed out"), retrying... (1/3)
2026-08-02 22:41:25+05:30 2026-08-02 17:11:25,660 [INFO] livekit: livekit_api::signal_client::signal_stream:104:livekit_api::signal_client::signal_stream - connecting to wss://ai-14ksodzi.livekit.cloud/rtc/v1
2026-08-02 22:41:25+05:30 2026-08-02 17:11:25.912 | INFO     | flash_head.src.pipeline.flash_head_pipeline:generate_batch:538 - [generate_batch] GPU_BREAKDOWN denoise=419.7ms decode=174.5ms color+encode=70.7ms total=665.4ms batch_size=1
2026-08-02 22:41:25+05:30 2026-08-02 17:11:25.912 | INFO     | flash_head.src.pipeline.flash_head_pipeline:generate_batch:545 - [generate_batch] DENOISE_STEPS total=419.7ms steps=[s0=102.1 s1=105.4 s2=106.6 s3=105.6] n_steps=4 batch_size=1
2026-08-02 22:41:26+05:30 2026-08-02 17:11:26.871 | INFO     | flash_head.src.pipeline.flash_head_pipeline:generate_batch:538 - [generate_batch] GPU_BREAKDOWN denoise=419.7ms decode=173.5ms color+encode=69.0ms total=662.4ms batch_size=1
2026-08-02 22:41:26+05:30 2026-08-02 17:11:26.871 | INFO     | flash_head.src.pipeline.flash_head_pipeline:generate_batch:545 - [generate_batch] DENOISE_STEPS total=419.7ms steps=[s0=102.5 s1=105.7 s2=105.8 s3=105.7] n_steps=4 batch_size=1
2026-08-02 22:41:27+05:30 [METRICS] GPU_util=69% GPU_temp=44C GPU_mem=4.1GB/22.1GB (reserved=5.6GB) RSS=11767MB CPU_user=60.9s CPU_sys=7.8s sessions=3 pool=4/4
2026-08-02 22:41:27+05:30 2026-08-02 17:11:27.830 | INFO     | flash_head.src.pipeline.flash_head_pipeline:generate_batch:538 - [generate_batch] GPU_BREAKDOWN denoise=419.3ms decode=173.8ms color+encode=69.0ms total=662.5ms batch_size=1
2026-08-02 22:41:27+05:30 2026-08-02 17:11:27.830 | INFO     | flash_head.src.pipeline.flash_head_pipeline:generate_batch:545 - [generate_batch] DENOISE_STEPS total=419.3ms steps=[s0=102.7 s1=105.2 s2=105.8 s3=105.5] n_steps=4 batch_size=1
2026-08-02 22:41:27+05:30 2026-08-02 17:11:27,861 [INFO] BatchedStreamingEngine: Session conc-test-1-909b85 reactivated (keep_alive)
2026-08-02 22:41:28+05:30 2026-08-02 17:11:28,301 [INFO] VideoPublisher: VIDEO_PUBLISH_METRICS windowMs=5001 frames=125 effectiveFps=25.0 liveFrames=125 repeatedLiveFrames=0 idleFrames=0 desyncPct=0.0 maxGapMs=42.6 maxCaptureMs=1.1
2026-08-02 22:41:28+05:30 2026-08-02 17:11:28,711 [WARNING] livekit: livekit::rtc_engine:516:livekit::rtc_engine - failed to connect: Connection("wait_pc_connection timed out"), retrying... (1/3)
2026-08-02 22:41:28+05:30 2026-08-02 17:11:28,732 [INFO] livekit: livekit_api::signal_client::signal_stream:104:livekit_api::signal_client::signal_stream - connecting to wss://ai-14ksodzi.livekit.cloud/rtc/v1
2026-08-02 22:41:28+05:30 2026-08-02 17:11:28,926 [INFO] batched_stream_processor: Connected to LiveKit room=conc-test-b8efbee9 (attempt 1, 15313.7 ms). events=0
2026-08-02 22:41:28+05:30 2026-08-02 17:11:28,930 [INFO] batched_stream_processor: [BATCHED-DIAG] {'event': 'connection_state_changed', 't': 15.318, 'state': '1'}
2026-08-02 22:41:29+05:30 2026-08-02 17:11:29,027 [INFO] batched_stream_processor: IDLE_FALLBACK_PUBLISHED session=conc-test-3-e61f52
2026-08-02 22:41:29+05:30 2026-08-02 17:11:29,027 [INFO] batched_stream_processor: Registering session conc-test-3-e61f52 with BatchedStreamingEngine
2026-08-02 22:41:29+05:30 2026-08-02 17:11:29,028 [INFO] BatchedStreamingEngine: Session conc-test-3-e61f52 added (total=2)
2026-08-02 22:41:29+05:30 2026-08-02 17:11:29,168 [INFO] batched_stream_processor: Session conc-test-3-e61f52 registered with engine in 141.7 ms (avatar prepared)
2026-08-02 22:41:29+05:30 2026-08-02 17:11:29,169 [INFO] streaming.state_manager: [SM] Adaptive caps: p95_ms=796 buffer=20 peak=44 MAX=57 TARGET=45
2026-08-02 22:41:29+05:30 2026-08-02 17:11:29,169 [INFO] streaming.state_manager: [SM] Adaptive caps: p95_ms=796 buffer=20 peak=44 MAX=57 TARGET=45
2026-08-02 22:41:29+05:30 2026-08-02 17:11:29,170 [INFO] VideoPublisher: [VP-DIAG] First non-None frame received after 0 None ticks (~0.0s). Creating track...
2026-08-02 22:41:29+05:30 2026-08-02 17:11:29,170 [INFO] VideoPublisher: [VP-DIAG] Creating video track 512x512
2026-08-02 22:41:29+05:30 2026-08-02 17:11:29,170 [INFO] VideoPublisher: [VP-DIAG] Calling publish_track()...
2026-08-02 22:41:29+05:30 2026-08-02 17:11:29,175 [INFO] VideoPublisher: [VP-DIAG] publish_track() completed in 4.9 ms
2026-08-02 22:41:29+05:30 2026-08-02 17:11:29,177 [INFO] livekit: livekit::room::e2ee::manager:179:livekit::room::e2ee::manager - packet_trailer not enabled for published track TR_VCVrLWst9yvZFt from aivatar-worker-conc-test-3-e61f52
2026-08-02 22:41:29+05:30 2026-08-02 17:11:29,178 [INFO] batched_stream_processor: [BATCHED-DIAG] {'event': 'local_track_published', 't': 15.566, 'sid': 'TR_VCVrLWst9yvZFt', 'kind': 2}
2026-08-02 22:41:29+05:30 2026-08-02 17:11:29,178 [INFO] batched_stream_processor: IDLE_TRACK_PUBLISHED session=conc-test-3-e61f52 room=conc-test-b8efbee9
2026-08-02 22:41:29+05:30 2026-08-02 17:11:29,197 [INFO] livekit: livekit::rtc_engine::peer_transport:447:livekit::rtc_engine::peer_transport - Applying x-google-start-bitrate=2700 kbps (ultimate_bps=Some(3000000))
2026-08-02 22:41:29+05:30 2026-08-02 17:11:29,197 [INFO] livekit: livekit::rtc_engine::peer_transport:455:livekit::rtc_engine::peer_transport - SDP munged successfully for video codec
2026-08-02 22:41:29+05:30 2026-08-02 17:11:29,581 [INFO] streaming.state_manager: [SM] LIVE -> TRANSITION_TO_IDLE (crossfade 8 frames)
2026-08-02 22:41:29+05:30 2026-08-02 17:11:29,898 [INFO] streaming.state_manager: [SM] TRANSITION_TO_IDLE -> IDLE
2026-08-02 22:41:30+05:30 2026-08-02 17:11:30,038 [INFO] batched_stream_processor: BATCHED_DRAIN_COMPLETED session=conc-test-1-909b85 cycles=129 elapsed=15198.1ms keep_alive=True
2026-08-02 22:41:30+05:30 2026-08-02 17:11:30.784 | INFO     | flash_head.src.pipeline.flash_head_pipeline:generate_batch:538 - [generate_batch] GPU_BREAKDOWN denoise=446.1ms decode=176.1ms color+encode=69.3ms total=692.4ms batch_size=1
2026-08-02 22:41:30+05:30 2026-08-02 17:11:30.785 | INFO     | flash_head.src.pipeline.flash_head_pipeline:generate_batch:545 - [generate_batch] DENOISE_STEPS total=446.1ms steps=[s0=120.6 s1=109.8 s2=107.9 s3=107.8] n_steps=4 batch_size=1
2026-08-02 22:41:30+05:30 2026-08-02 17:11:30,858 [INFO] streaming.state_manager: [SM] IDLE -> TRANSITION_TO_LIVE (crossfade 8 frames, queue=24)
2026-08-02 22:41:31+05:30 2026-08-02 17:11:31,009 [INFO] handler: WS_REQUEST_RECEIVED session=conc-test-3-e61f52 origin= ip=172.20.16.49
2026-08-02 22:41:31+05:30 2026-08-02 17:11:31,010 [INFO] handler: WS_CONNECT session=conc-test-3-e61f52 origin= ip=172.20.16.49 handlerMs=0.5
2026-08-02 22:41:31+05:30 2026-08-02 17:11:31,178 [INFO] streaming.state_manager: [SM] TRANSITION_TO_LIVE -> LIVE
2026-08-02 22:41:31+05:30 2026-08-02 17:11:31,279 [INFO] handler: UTTERANCE_END_RECEIVED session=conc-test-1-909b85
2026-08-02 22:41:31+05:30 2026-08-02 17:11:31,279 [INFO] batched_stream_processor: BATCHED_DRAIN_STARTED session=conc-test-1-909b85 keep_alive=True
2026-08-02 22:41:31+05:30 2026-08-02 17:11:31,279 [INFO] BatchedStreamingEngine: Session conc-test-1-909b85 marked for drain (keep_alive=True)
2026-08-02 22:41:31+05:30 2026-08-02 17:11:31.532 | INFO     | flash_head.src.pipeline.flash_head_pipeline:generate_batch:538 - [generate_batch] GPU_BREAKDOWN denoise=424.9ms decode=175.9ms color+encode=69.2ms total=670.4ms batch_size=1
2026-08-02 22:41:31+05:30 2026-08-02 17:11:31.533 | INFO     | flash_head.src.pipeline.flash_head_pipeline:generate_batch:545 - [generate_batch] DENOISE_STEPS total=424.9ms steps=[s0=104.1 s1=106.7 s2=106.7 s3=107.4] n_steps=4 batch_size=1
2026-08-02 22:41:32+05:30 2026-08-02 17:11:32.496 | INFO     | flash_head.src.pipeline.flash_head_pipeline:generate_batch:538 - [generate_batch] GPU_BREAKDOWN denoise=428.7ms decode=177.2ms color+encode=68.7ms total=675.4ms batch_size=1
2026-08-02 22:41:32+05:30 2026-08-02 17:11:32.496 | INFO     | flash_head.src.pipeline.flash_head_pipeline:generate_batch:545 - [generate_batch] DENOISE_STEPS total=428.7ms steps=[s0=109.2 s1=107.3 s2=106.2 s3=106.0] n_steps=4 batch_size=1
2026-08-02 22:41:32+05:30 2026-08-02 17:11:32,533 [INFO] BatchedStreamingEngine: cycle=20 batch=1 sessions=['conc-test-1-909b85'] embed=16.3ms infer=675.9ms xfer=36.0ms total=733.6ms
2026-08-02 22:41:32+05:30 [METRICS] GPU_util=100% GPU_temp=46C GPU_mem=4.1GB/22.1GB (reserved=5.6GB) RSS=11767MB CPU_user=68.0s CPU_sys=8.3s sessions=3 pool=4/4
2026-08-02 22:41:33+05:30 2026-08-02 17:11:33.227 | INFO     | flash_head.src.pipeline.flash_head_pipeline:generate_batch:538 - [generate_batch] GPU_BREAKDOWN denoise=427.9ms decode=176.9ms color+encode=69.5ms total=674.6ms batch_size=1
2026-08-02 22:41:33+05:30 2026-08-02 17:11:33.227 | INFO     | flash_head.src.pipeline.flash_head_pipeline:generate_batch:545 - [generate_batch] DENOISE_STEPS total=427.9ms steps=[s0=104.0 s1=108.8 s2=109.1 s3=106.0] n_steps=4 batch_size=1
2026-08-02 22:41:33+05:30 2026-08-02 17:11:33,269 [INFO] AudioPublisher: [AP-DIAG] Calling publish_track()...
2026-08-02 22:41:33+05:30 2026-08-02 17:11:33,275 [INFO] AudioPublisher: [AP-DIAG] publish_track() completed in 5.6 ms (16000 Hz, 1 ch)
2026-08-02 22:41:33+05:30 2026-08-02 17:11:33,276 [INFO] batched_stream_processor: [BATCHED-DIAG] {'event': 'local_track_published', 't': 19.665, 'sid': 'TR_AMhcrfiyiitkNN', 'kind': 1}
2026-08-02 22:41:33+05:30 2026-08-02 17:11:33,296 [INFO] streaming.state_manager: [SM] IDLE -> TRANSITION_TO_LIVE (crossfade 8 frames, queue=24)
2026-08-02 22:41:33+05:30 2026-08-02 17:11:33,300 [INFO] livekit: livekit::rtc_engine::peer_transport:447:livekit::rtc_engine::peer_transport - Applying x-google-start-bitrate=2700 kbps (ultimate_bps=Some(3000000))
2026-08-02 22:41:33+05:30 2026-08-02 17:11:33,303 [INFO] VideoPublisher: VIDEO_PUBLISH_METRICS windowMs=5001 frames=125 effectiveFps=25.0 liveFrames=73 repeatedLiveFrames=12 idleFrames=40 desyncPct=41.6 maxGapMs=46.1 maxCaptureMs=1.1
2026-08-02 22:41:33+05:30 2026-08-02 17:11:33,610 [INFO] streaming.state_manager: [SM] TRANSITION_TO_LIVE -> LIVE
2026-08-02 22:41:33+05:30 2026-08-02 17:11:33,707 [INFO] batched_stream_processor: [BATCHED-DIAG] {'event': 'quality_changed', 't': 20.095, 'participant': 'aivatar-worker-conc-test-3-e61f52', 'quality': '2'}
2026-08-02 22:41:34+05:30 2026-08-02 17:11:34,172 [INFO] VideoPublisher: VIDEO_PUBLISH_METRICS windowMs=5002 frames=126 effectiveFps=25.2 liveFrames=15 repeatedLiveFrames=0 idleFrames=111 desyncPct=88.1 maxGapMs=55.5 maxCaptureMs=1.2
2026-08-02 22:41:34+05:30 2026-08-02 17:11:34,264 [INFO] streaming.state_manager: [SM] LIVE -> TRANSITION_TO_IDLE (crossfade 8 frames)
2026-08-02 22:41:34+05:30 2026-08-02 17:11:34,577 [INFO] streaming.state_manager: [SM] TRANSITION_TO_IDLE -> IDLE
2026-08-02 22:41:34+05:30 2026-08-02 17:11:34.646 | INFO     | flash_head.src.pipeline.flash_head_pipeline:generate_batch:538 - [generate_batch] GPU_BREAKDOWN denoise=786.7ms decode=363.3ms color+encode=137.7ms total=1288.5ms batch_size=2
2026-08-02 22:41:34+05:30 2026-08-02 17:11:34.647 | INFO     | flash_head.src.pipeline.flash_head_pipeline:generate_batch:545 - [generate_batch] DENOISE_STEPS total=786.7ms steps=[s0=195.4 s1=197.8 s2=196.3 s3=197.2] n_steps=4 batch_size=2
2026-08-02 22:41:34+05:30 2026-08-02 17:11:34,738 [INFO] streaming.state_manager: [SM] IDLE -> TRANSITION_TO_LIVE (crossfade 8 frames, queue=24)
2026-08-02 22:41:35+05:30 2026-08-02 17:11:35,058 [INFO] streaming.state_manager: [SM] TRANSITION_TO_LIVE -> LIVE
2026-08-02 22:41:35+05:30 2026-08-02 17:11:35,402 [INFO] handler: UTTERANCE_END_RECEIVED session=conc-test-3-e61f52
2026-08-02 22:41:35+05:30 2026-08-02 17:11:35,402 [INFO] batched_stream_processor: BATCHED_DRAIN_STARTED session=conc-test-3-e61f52 keep_alive=True
2026-08-02 22:41:35+05:30 2026-08-02 17:11:35,402 [INFO] BatchedStreamingEngine: Session conc-test-3-e61f52 marked for drain (keep_alive=True)
2026-08-02 22:41:36+05:30 2026-08-02 17:11:36.045 | INFO     | flash_head.src.pipeline.flash_head_pipeline:generate_batch:538 - [generate_batch] GPU_BREAKDOWN denoise=785.2ms decode=355.5ms color+encode=138.1ms total=1279.2ms batch_size=2
2026-08-02 22:41:36+05:30 2026-08-02 17:11:36.045 | INFO     | flash_head.src.pipeline.flash_head_pipeline:generate_batch:545 - [generate_batch] DENOISE_STEPS total=785.2ms steps=[s0=193.7 s1=197.0 s2=196.6 s3=197.9] n_steps=4 batch_size=2
2026-08-02 22:41:37+05:30 2026-08-02 17:11:37.438 | INFO     | flash_head.src.pipeline.flash_head_pipeline:generate_batch:538 - [generate_batch] GPU_BREAKDOWN denoise=784.1ms decode=358.8ms color+encode=138.9ms total=1282.4ms batch_size=2
2026-08-02 22:41:37+05:30 2026-08-02 17:11:37.438 | INFO     | flash_head.src.pipeline.flash_head_pipeline:generate_batch:545 - [generate_batch] DENOISE_STEPS total=784.1ms steps=[s0=194.4 s1=196.6 s2=197.2 s3=195.9] n_steps=4 batch_size=2
2026-08-02 22:41:37+05:30 [METRICS] GPU_util=99% GPU_temp=49C GPU_mem=4.1GB/22.1GB (reserved=7.3GB) RSS=11767MB CPU_user=75.4s CPU_sys=8.8s sessions=3 pool=4/4
2026-08-02 22:41:38+05:30 2026-08-02 17:11:38,259 [INFO] streaming.state_manager: [SM] Adaptive caps: p95_ms=1419 buffer=36 peak=60 MAX=78 TARGET=62
2026-08-02 22:41:38+05:30 2026-08-02 17:11:38,342 [INFO] VideoPublisher: VIDEO_PUBLISH_METRICS windowMs=5038 frames=126 effectiveFps=25.0 liveFrames=74 repeatedLiveFrames=32 idleFrames=20 desyncPct=41.3 maxGapMs=47.1 maxCaptureMs=1.1
2026-08-02 22:41:38+05:30 2026-08-02 17:11:38.819 | INFO     | flash_head.src.pipeline.flash_head_pipeline:generate_batch:538 - [generate_batch] GPU_BREAKDOWN denoise=786.4ms decode=355.7ms color+encode=138.9ms total=1281.5ms batch_size=2
2026-08-02 22:41:38+05:30 2026-08-02 17:11:38.820 | INFO     | flash_head.src.pipeline.flash_head_pipeline:generate_batch:545 - [generate_batch] DENOISE_STEPS total=786.4ms steps=[s0=194.3 s1=197.2 s2=198.0 s3=196.8] n_steps=4 batch_size=2
2026-08-02 22:41:39+05:30 2026-08-02 17:11:39,173 [INFO] VideoPublisher: VIDEO_PUBLISH_METRICS windowMs=5002 frames=125 effectiveFps=25.0 liveFrames=81 repeatedLiveFrames=44 idleFrames=0 desyncPct=35.2 maxGapMs=44.7 maxCaptureMs=1.3
2026-08-02 22:41:40+05:30 2026-08-02 17:11:40.224 | INFO     | flash_head.src.pipeline.flash_head_pipeline:generate_batch:538 - [generate_batch] GPU_BREAKDOWN denoise=786.0ms decode=354.3ms color+encode=137.8ms total=1278.8ms batch_size=2
2026-08-02 22:41:40+05:30 2026-08-02 17:11:40.224 | INFO     | flash_head.src.pipeline.flash_head_pipeline:generate_batch:545 - [generate_batch] DENOISE_STEPS total=786.0ms steps=[s0=193.8 s1=198.1 s2=197.9 s3=196.2] n_steps=4 batch_size=2
2026-08-02 22:41:40+05:30 2026-08-02 17:11:40,743 [WARNING] livekit: livekit::rtc_engine:516:livekit::rtc_engine - failed to connect: Connection("wait_pc_connection timed out"), retrying... (2/3)
2026-08-02 22:41:40+05:30 2026-08-02 17:11:40,767 [INFO] livekit: livekit_api::signal_client::signal_stream:104:livekit_api::signal_client::signal_stream - connecting to wss://ai-14ksodzi.livekit.cloud/rtc/v1
2026-08-02 22:41:41+05:30 2026-08-02 17:11:41,060 [INFO] batched_stream_processor: Connected to LiveKit room=conc-test-b2e00c10 (attempt 1, 30553.4 ms). events=0
2026-08-02 22:41:41+05:30 2026-08-02 17:11:41,068 [INFO] batched_stream_processor: [BATCHED-DIAG] {'event': 'connection_state_changed', 't': 30.562, 'state': '1'}
2026-08-02 22:41:41+05:30 2026-08-02 17:11:41,174 [INFO] batched_stream_processor: IDLE_FALLBACK_PUBLISHED session=conc-test-2-bdbbb6
2026-08-02 22:41:41+05:30 2026-08-02 17:11:41,174 [INFO] batched_stream_processor: Registering session conc-test-2-bdbbb6 with BatchedStreamingEngine
2026-08-02 22:41:41+05:30 2026-08-02 17:11:41,185 [INFO] BatchedStreamingEngine: Session conc-test-2-bdbbb6 added (total=3)
2026-08-02 22:41:41+05:30 2026-08-02 17:11:41,744 [INFO] streaming.state_manager: [SM] LIVE -> TRANSITION_TO_IDLE (crossfade 8 frames)
2026-08-02 22:41:41+05:30 2026-08-02 17:11:41,771 [INFO] streaming.state_manager: [SM] LIVE -> TRANSITION_TO_IDLE (crossfade 8 frames)
2026-08-02 22:41:41+05:30 2026-08-02 17:11:41,776 [INFO] batched_stream_processor: Session conc-test-2-bdbbb6 registered with engine in 601.5 ms (avatar prepared)
2026-08-02 22:41:41+05:30 2026-08-02 17:11:41,776 [INFO] streaming.state_manager: [SM] Adaptive caps: p95_ms=1417 buffer=36 peak=60 MAX=78 TARGET=62
2026-08-02 22:41:41+05:30 2026-08-02 17:11:41,777 [INFO] streaming.state_manager: [SM] Adaptive caps: p95_ms=1417 buffer=36 peak=60 MAX=78 TARGET=62
2026-08-02 22:41:41+05:30 2026-08-02 17:11:41,777 [INFO] VideoPublisher: [VP-DIAG] First non-None frame received after 0 None ticks (~0.0s). Creating track...
2026-08-02 22:41:41+05:30 2026-08-02 17:11:41,777 [INFO] VideoPublisher: [VP-DIAG] Creating video track 512x512
2026-08-02 22:41:41+05:30 2026-08-02 17:11:41,778 [INFO] VideoPublisher: [VP-DIAG] Calling publish_track()...
2026-08-02 22:41:41+05:30 2026-08-02 17:11:41,786 [INFO] VideoPublisher: [VP-DIAG] publish_track() completed in 7.9 ms
2026-08-02 22:41:41+05:30 2026-08-02 17:11:41,791 [INFO] batched_stream_processor: [BATCHED-DIAG] {'event': 'local_track_published', 't': 31.285, 'sid': 'TR_VCCnUGV2AGTsRG', 'kind': 2}
2026-08-02 22:41:41+05:30 2026-08-02 17:11:41,791 [INFO] batched_stream_processor: IDLE_TRACK_PUBLISHED session=conc-test-2-bdbbb6 room=conc-test-b2e00c10
2026-08-02 22:41:41+05:30 2026-08-02 17:11:41,792 [INFO] livekit: livekit::room::e2ee::manager:179:livekit::room::e2ee::manager - packet_trailer not enabled for published track TR_VCCnUGV2AGTsRG from aivatar-worker-conc-test-2-bdbbb6
2026-08-02 22:41:41+05:30 2026-08-02 17:11:41,810 [INFO] livekit: livekit::rtc_engine::peer_transport:447:livekit::rtc_engine::peer_transport - Applying x-google-start-bitrate=2700 kbps (ultimate_bps=Some(3000000))
2026-08-02 22:41:41+05:30 2026-08-02 17:11:41,810 [INFO] livekit: livekit::rtc_engine::peer_transport:455:livekit::rtc_engine::peer_transport - SDP munged successfully for video codec
2026-08-02 22:41:41+05:30 2026-08-02 17:11:41.965 | INFO     | flash_head.src.pipeline.flash_head_pipeline:generate_batch:538 - [generate_batch] GPU_BREAKDOWN denoise=976.6ms decode=348.6ms color+encode=309.4ms total=1636.1ms batch_size=2
2026-08-02 22:41:41+05:30 2026-08-02 17:11:41.965 | INFO     | flash_head.src.pipeline.flash_head_pipeline:generate_batch:545 - [generate_batch] DENOISE_STEPS total=976.6ms steps=[s0=195.5 s1=198.4 s2=198.0 s3=384.7] n_steps=4 batch_size=2
2026-08-02 22:41:42+05:30 2026-08-02 17:11:42,019 [INFO] streaming.state_manager: [SM] IDLE -> TRANSITION_TO_LIVE (crossfade 8 frames, queue=24)
2026-08-02 22:41:42+05:30 2026-08-02 17:11:42,051 [INFO] streaming.state_manager: [SM] IDLE -> TRANSITION_TO_LIVE (crossfade 8 frames, queue=24)
2026-08-02 22:41:42+05:30 2026-08-02 17:11:42,340 [INFO] streaming.state_manager: [SM] TRANSITION_TO_LIVE -> LIVE
2026-08-02 22:41:42+05:30 2026-08-02 17:11:42,370 [INFO] streaming.state_manager: [SM] TRANSITION_TO_LIVE -> LIVE
2026-08-02 22:41:42+05:30 [METRICS] GPU_util=100% GPU_temp=50C GPU_mem=4.1GB/22.1GB (reserved=7.3GB) RSS=11767MB CPU_user=83.6s CPU_sys=9.6s sessions=3 pool=4/4
2026-08-02 22:41:43+05:30 2026-08-02 17:11:43,342 [INFO] VideoPublisher: VIDEO_PUBLISH_METRICS windowMs=5000 frames=125 effectiveFps=25.0 liveFrames=67 repeatedLiveFrames=43 idleFrames=15 desyncPct=46.4 maxGapMs=47.0 maxCaptureMs=1.8
2026-08-02 22:41:43+05:30 2026-08-02 17:11:43.389 | INFO     | flash_head.src.pipeline.flash_head_pipeline:generate_batch:538 - [generate_batch] GPU_BREAKDOWN denoise=798.7ms decode=357.9ms color+encode=141.2ms total=1298.6ms batch_size=2
2026-08-02 22:41:43+05:30 2026-08-02 17:11:43.389 | INFO     | flash_head.src.pipeline.flash_head_pipeline:generate_batch:545 - [generate_batch] DENOISE_STEPS total=798.7ms steps=[s0=202.4 s1=197.9 s2=199.2 s3=199.2] n_steps=4 batch_size=2
2026-08-02 22:41:43+05:30 2026-08-02 17:11:43,584 [INFO] handler: WS_REQUEST_RECEIVED session=conc-test-2-bdbbb6 origin= ip=172.20.16.49
2026-08-02 22:41:43+05:30 2026-08-02 17:11:43,584 [INFO] handler: WS_CONNECT session=conc-test-2-bdbbb6 origin= ip=172.20.16.49 handlerMs=0.6
2026-08-02 22:41:44+05:30 2026-08-02 17:11:44,213 [INFO] VideoPublisher: VIDEO_PUBLISH_METRICS windowMs=5040 frames=126 effectiveFps=25.0 liveFrames=77 repeatedLiveFrames=34 idleFrames=15 desyncPct=38.9 maxGapMs=45.7 maxCaptureMs=1.6
2026-08-02 22:41:44+05:30 2026-08-02 17:11:44.807 | INFO     | flash_head.src.pipeline.flash_head_pipeline:generate_batch:538 - [generate_batch] GPU_BREAKDOWN denoise=797.0ms decode=361.9ms color+encode=139.7ms total=1299.0ms batch_size=2
2026-08-02 22:41:44+05:30 2026-08-02 17:11:44.807 | INFO     | flash_head.src.pipeline.flash_head_pipeline:generate_batch:545 - [generate_batch] DENOISE_STEPS total=797.0ms steps=[s0=196.1 s1=203.4 s2=199.2 s3=198.2] n_steps=4 batch_size=2
2026-08-02 22:41:45+05:30 2026-08-02 17:11:45,632 [INFO] batched_stream_processor: [BATCHED-DIAG] {'event': 'quality_changed', 't': 35.125, 'participant': 'aivatar-worker-conc-test-2-bdbbb6', 'quality': '2'}
2026-08-02 22:41:45+05:30 2026-08-02 17:11:45,710 [INFO] handler: UTTERANCE_END_RECEIVED session=conc-test-1-909b85
2026-08-02 22:41:46+05:30 2026-08-02 17:11:46,300 [INFO] streaming.state_manager: [SM] LIVE -> TRANSITION_TO_IDLE (crossfade 8 frames)
2026-08-02 22:41:46+05:30 2026-08-02 17:11:46,336 [INFO] streaming.state_manager: [SM] LIVE -> TRANSITION_TO_IDLE (crossfade 8 frames)
2026-08-02 22:41:46+05:30 2026-08-02 17:11:46,620 [INFO] streaming.state_manager: [SM] TRANSITION_TO_IDLE -> IDLE
2026-08-02 22:41:46+05:30 2026-08-02 17:11:46,649 [INFO] streaming.state_manager: [SM] TRANSITION_TO_IDLE -> IDLE
2026-08-02 22:41:46+05:30 2026-08-02 17:11:46,780 [INFO] VideoPublisher: VIDEO_PUBLISH_METRICS windowMs=5004 frames=126 effectiveFps=25.2 liveFrames=0 repeatedLiveFrames=0 idleFrames=126 desyncPct=100.0 maxGapMs=46.4 maxCaptureMs=1.6
2026-08-02 22:41:46+05:30 2026-08-02 17:11:46.857 | INFO     | flash_head.src.pipeline.flash_head_pipeline:generate_batch:538 - [generate_batch] GPU_BREAKDOWN denoise=1180.0ms decode=528.1ms color+encode=214.2ms total=1922.9ms batch_size=3
2026-08-02 22:41:46+05:30 2026-08-02 17:11:46.857 | INFO     | flash_head.src.pipeline.flash_head_pipeline:generate_batch:545 - [generate_batch] DENOISE_STEPS total=1180.0ms steps=[s0=293.8 s1=292.1 s2=296.8 s3=297.2] n_steps=4 batch_size=3
2026-08-02 22:41:46+05:30 2026-08-02 17:11:46,904 [INFO] AudioPublisher: [AP-DIAG] Calling publish_track()...
2026-08-02 22:41:46+05:30 2026-08-02 17:11:46,909 [INFO] AudioPublisher: [AP-DIAG] publish_track() completed in 4.9 ms (16000 Hz, 1 ch)
2026-08-02 22:41:46+05:30 2026-08-02 17:11:46,910 [INFO] batched_stream_processor: [BATCHED-DIAG] {'event': 'local_track_published', 't': 36.404, 'sid': 'TR_AMbSXc2WURThTj', 'kind': 1}
2026-08-02 22:41:46+05:30 2026-08-02 17:11:46,929 [INFO] livekit: livekit::rtc_engine::peer_transport:447:livekit::rtc_engine::peer_transport - Applying x-google-start-bitrate=2700 kbps (ultimate_bps=Some(3000000))
2026-08-02 22:41:46+05:30 2026-08-02 17:11:46,939 [INFO] streaming.state_manager: [SM] IDLE -> TRANSITION_TO_LIVE (crossfade 8 frames, queue=24)
2026-08-02 22:41:46+05:30 2026-08-02 17:11:46,940 [INFO] streaming.state_manager: [SM] IDLE -> TRANSITION_TO_LIVE (crossfade 8 frames, queue=24)
2026-08-02 22:41:46+05:30 2026-08-02 17:11:46,967 [INFO] BatchedStreamingEngine: cycle=30 batch=3 sessions=['conc-test-2-bdbbb6', 'conc-test-1-909b85', 'conc-test-3-e61f52'] embed=55.4ms infer=1924.2ms xfer=109.4ms total=2089.1ms
2026-08-02 22:41:46+05:30 2026-08-02 17:11:46,977 [INFO] streaming.state_manager: [SM] IDLE -> TRANSITION_TO_LIVE (crossfade 8 frames, queue=24)
2026-08-02 22:41:47+05:30 2026-08-02 17:11:47,258 [INFO] streaming.state_manager: [SM] TRANSITION_TO_LIVE -> LIVE
2026-08-02 22:41:47+05:30 2026-08-02 17:11:47,258 [INFO] streaming.state_manager: [SM] TRANSITION_TO_LIVE -> LIVE
2026-08-02 22:41:47+05:30 2026-08-02 17:11:47,290 [INFO] streaming.state_manager: [SM] TRANSITION_TO_LIVE -> LIVE
2026-08-02 22:41:47+05:30 [METRICS] GPU_util=100% GPU_temp=52C GPU_mem=4.1GB/22.1GB (reserved=9.4GB) RSS=11767MB CPU_user=91.4s CPU_sys=10.4s sessions=3 pool=4/4
2026-08-02 22:41:48+05:30 2026-08-02 17:11:48,147 [INFO] handler: UTTERANCE_END_RECEIVED session=conc-test-2-bdbbb6
2026-08-02 22:41:48+05:30 2026-08-02 17:11:48,147 [INFO] batched_stream_processor: BATCHED_DRAIN_STARTED session=conc-test-2-bdbbb6 keep_alive=True
2026-08-02 22:41:48+05:30 2026-08-02 17:11:48,148 [INFO] BatchedStreamingEngine: Session conc-test-2-bdbbb6 marked for drain (keep_alive=True)
2026-08-02 22:41:48+05:30 2026-08-02 17:11:48,383 [INFO] VideoPublisher: VIDEO_PUBLISH_METRICS windowMs=5039 frames=126 effectiveFps=25.0 liveFrames=65 repeatedLiveFrames=37 idleFrames=24 desyncPct=48.4 maxGapMs=52.0 maxCaptureMs=1.0
2026-08-02 22:41:48+05:30 2026-08-02 17:11:48,423 [INFO] streaming.state_manager: [SM] LIVE -> TRANSITION_TO_IDLE (crossfade 8 frames)
2026-08-02 22:41:48+05:30 2026-08-02 17:11:48,423 [INFO] streaming.state_manager: [SM] LIVE -> TRANSITION_TO_IDLE (crossfade 8 frames)
2026-08-02 22:41:48+05:30 2026-08-02 17:11:48,456 [INFO] streaming.state_manager: [SM] LIVE -> TRANSITION_TO_IDLE (crossfade 8 frames)
2026-08-02 22:41:48+05:30 2026-08-02 17:11:48,737 [INFO] streaming.state_manager: [SM] TRANSITION_TO_IDLE -> IDLE
2026-08-02 22:41:48+05:30 2026-08-02 17:11:48,740 [INFO] streaming.state_manager: [SM] TRANSITION_TO_IDLE -> IDLE
2026-08-02 22:41:48+05:30 2026-08-02 17:11:48,770 [INFO] streaming.state_manager: [SM] TRANSITION_TO_IDLE -> IDLE
2026-08-02 22:41:48+05:30 2026-08-02 17:11:48.978 | INFO     | flash_head.src.pipeline.flash_head_pipeline:generate_batch:538 - [generate_batch] GPU_BREAKDOWN denoise=1181.8ms decode=526.7ms color+encode=211.6ms total=1921.2ms batch_size=3
2026-08-02 22:41:48+05:30 2026-08-02 17:11:48.978 | INFO     | flash_head.src.pipeline.flash_head_pipeline:generate_batch:545 - [generate_batch] DENOISE_STEPS total=1181.8ms steps=[s0=291.4 s1=294.7 s2=300.1 s3=295.6] n_steps=4 batch_size=3
2026-08-02 22:41:49+05:30 2026-08-02 17:11:49,019 [INFO] streaming.state_manager: [SM] IDLE -> TRANSITION_TO_LIVE (crossfade 8 frames, queue=24)
2026-08-02 22:41:49+05:30 2026-08-02 17:11:49,057 [INFO] streaming.state_manager: [SM] IDLE -> TRANSITION_TO_LIVE (crossfade 8 frames, queue=24)
2026-08-02 22:41:49+05:30 2026-08-02 17:11:49,090 [INFO] streaming.state_manager: [SM] IDLE -> TRANSITION_TO_LIVE (crossfade 8 frames, queue=24)
2026-08-02 22:41:49+05:30 2026-08-02 17:11:49,253 [INFO] VideoPublisher: VIDEO_PUBLISH_METRICS windowMs=5039 frames=126 effectiveFps=25.0 liveFrames=46 repeatedLiveFrames=35 idleFrames=45 desyncPct=63.5 maxGapMs=54.9 maxCaptureMs=1.1
2026-08-02 22:41:49+05:30 2026-08-02 17:11:49,337 [INFO] streaming.state_manager: [SM] TRANSITION_TO_LIVE -> LIVE
2026-08-02 22:41:49+05:30 2026-08-02 17:11:49,379 [INFO] streaming.state_manager: [SM] TRANSITION_TO_LIVE -> LIVE
2026-08-02 22:41:49+05:30 2026-08-02 17:11:49,410 [INFO] streaming.state_manager: [SM] TRANSITION_TO_LIVE -> LIVE
2026-08-02 22:41:49+05:30 2026-08-02 17:11:49,422 [INFO] handler: UTTERANCE_END_RECEIVED session=conc-test-3-e61f52
2026-08-02 22:41:50+05:30 2026-08-02 17:11:50,503 [INFO] streaming.state_manager: [SM] LIVE -> TRANSITION_TO_IDLE (crossfade 8 frames)
2026-08-02 22:41:50+05:30 2026-08-02 17:11:50,539 [INFO] streaming.state_manager: [SM] LIVE -> TRANSITION_TO_IDLE (crossfade 8 frames)
2026-08-02 22:41:50+05:30 2026-08-02 17:11:50,576 [INFO] streaming.state_manager: [SM] LIVE -> TRANSITION_TO_IDLE (crossfade 8 frames)
2026-08-02 22:41:50+05:30 2026-08-02 17:11:50,817 [INFO] streaming.state_manager: [SM] TRANSITION_TO_IDLE -> IDLE
2026-08-02 22:41:50+05:30 2026-08-02 17:11:50,857 [INFO] streaming.state_manager: [SM] TRANSITION_TO_IDLE -> IDLE
2026-08-02 22:41:50+05:30 2026-08-02 17:11:50,890 [INFO] streaming.state_manager: [SM] TRANSITION_TO_IDLE -> IDLE
2026-08-02 22:41:51+05:30 2026-08-02 17:11:51.050 | INFO     | flash_head.src.pipeline.flash_head_pipeline:generate_batch:538 - [generate_batch] GPU_BREAKDOWN denoise=1180.0ms decode=529.2ms color+encode=210.4ms total=1920.1ms batch_size=3
2026-08-02 22:41:51+05:30 2026-08-02 17:11:51.050 | INFO     | flash_head.src.pipeline.flash_head_pipeline:generate_batch:545 - [generate_batch] DENOISE_STEPS total=1180.0ms steps=[s0=291.7 s1=293.1 s2=299.6 s3=295.5] n_steps=4 batch_size=3
2026-08-02 22:41:51+05:30 2026-08-02 17:11:51,099 [INFO] streaming.state_manager: [SM] IDLE -> TRANSITION_TO_LIVE (crossfade 8 frames, queue=24)
2026-08-02 22:41:51+05:30 2026-08-02 17:11:51,130 [INFO] streaming.state_manager: [SM] IDLE -> TRANSITION_TO_LIVE (crossfade 8 frames, queue=24)
2026-08-02 22:41:51+05:30 2026-08-02 17:11:51,177 [INFO] streaming.state_manager: [SM] IDLE -> TRANSITION_TO_LIVE (crossfade 8 frames, queue=24)
2026-08-02 22:41:51+05:30 2026-08-02 17:11:51,419 [INFO] streaming.state_manager: [SM] TRANSITION_TO_LIVE -> LIVE
2026-08-02 22:41:51+05:30 2026-08-02 17:11:51,451 [INFO] streaming.state_manager: [SM] TRANSITION_TO_LIVE -> LIVE
2026-08-02 22:41:51+05:30 2026-08-02 17:11:51,498 [INFO] streaming.state_manager: [SM] TRANSITION_TO_LIVE -> LIVE
2026-08-02 22:41:51+05:30 2026-08-02 17:11:51,819 [INFO] VideoPublisher: VIDEO_PUBLISH_METRICS windowMs=5037 frames=126 effectiveFps=25.0 liveFrames=43 repeatedLiveFrames=24 idleFrames=59 desyncPct=65.9 maxGapMs=50.6 maxCaptureMs=7.2
2026-08-02 22:41:52+05:30 2026-08-02 17:11:52,583 [INFO] streaming.state_manager: [SM] LIVE -> TRANSITION_TO_IDLE (crossfade 8 frames)
2026-08-02 22:41:52+05:30 2026-08-02 17:11:52,612 [INFO] streaming.state_manager: [SM] LIVE -> TRANSITION_TO_IDLE (crossfade 8 frames)
2026-08-02 22:41:52+05:30 2026-08-02 17:11:52,661 [INFO] streaming.state_manager: [SM] LIVE -> TRANSITION_TO_IDLE (crossfade 8 frames)
2026-08-02 22:41:52+05:30 [METRICS] GPU_util=100% GPU_temp=53C GPU_mem=4.2GB/22.1GB (reserved=9.4GB) RSS=11767MB CPU_user=99.1s CPU_sys=11.0s sessions=3 pool=4/4
2026-08-02 22:41:52+05:30 2026-08-02 17:11:52,897 [INFO] streaming.state_manager: [SM] TRANSITION_TO_IDLE -> IDLE
2026-08-02 22:41:52+05:30 2026-08-02 17:11:52,930 [INFO] streaming.state_manager: [SM] TRANSITION_TO_IDLE -> IDLE
2026-08-02 22:41:52+05:30 2026-08-02 17:11:52,977 [INFO] streaming.state_manager: [SM] TRANSITION_TO_IDLE -> IDLE
2026-08-02 22:41:53+05:30 2026-08-02 17:11:53.119 | INFO     | flash_head.src.pipeline.flash_head_pipeline:generate_batch:538 - [generate_batch] GPU_BREAKDOWN denoise=1179.7ms decode=529.6ms color+encode=212.2ms total=1922.0ms batch_size=3
2026-08-02 22:41:53+05:30 2026-08-02 17:11:53.119 | INFO     | flash_head.src.pipeline.flash_head_pipeline:generate_batch:545 - [generate_batch] DENOISE_STEPS total=1179.7ms steps=[s0=290.8 s1=293.1 s2=298.2 s3=297.6] n_steps=4 batch_size=3
2026-08-02 22:41:53+05:30 2026-08-02 17:11:53,177 [INFO] streaming.state_manager: [SM] IDLE -> TRANSITION_TO_LIVE (crossfade 8 frames, queue=24)
2026-08-02 22:41:53+05:30 2026-08-02 17:11:53,210 [INFO] streaming.state_manager: [SM] IDLE -> TRANSITION_TO_LIVE (crossfade 8 frames, queue=24)
2026-08-02 22:41:53+05:30 2026-08-02 17:11:53,221 [INFO] streaming.state_manager: [SM] IDLE -> TRANSITION_TO_LIVE (crossfade 8 frames, queue=24)
2026-08-02 22:41:53+05:30 2026-08-02 17:11:53,422 [INFO] VideoPublisher: VIDEO_PUBLISH_METRICS windowMs=5039 frames=126 effectiveFps=25.0 liveFrames=34 repeatedLiveFrames=24 idleFrames=68 desyncPct=73.0 maxGapMs=45.4 maxCaptureMs=0.8
2026-08-02 22:41:53+05:30 2026-08-02 17:11:53,498 [INFO] streaming.state_manager: [SM] TRANSITION_TO_LIVE -> LIVE
2026-08-02 22:41:53+05:30 2026-08-02 17:11:53,531 [INFO] streaming.state_manager: [SM] TRANSITION_TO_LIVE -> LIVE
2026-08-02 22:41:53+05:30 2026-08-02 17:11:53,537 [INFO] streaming.state_manager: [SM] TRANSITION_TO_LIVE -> LIVE
2026-08-02 22:41:54+05:30 2026-08-02 17:11:54,292 [INFO] VideoPublisher: VIDEO_PUBLISH_METRICS windowMs=5039 frames=126 effectiveFps=25.0 liveFrames=51 repeatedLiveFrames=27 idleFrames=48 desyncPct=59.5 maxGapMs=53.6 maxCaptureMs=0.8
2026-08-02 22:41:54+05:30 2026-08-02 17:11:54,661 [INFO] streaming.state_manager: [SM] LIVE -> TRANSITION_TO_IDLE (crossfade 8 frames)
2026-08-02 22:41:54+05:30 2026-08-02 17:11:54,696 [INFO] streaming.state_manager: [SM] LIVE -> TRANSITION_TO_IDLE (crossfade 8 frames)
2026-08-02 22:41:54+05:30 2026-08-02 17:11:54,700 [INFO] streaming.state_manager: [SM] LIVE -> TRANSITION_TO_IDLE (crossfade 8 frames)
2026-08-02 22:41:54+05:30 2026-08-02 17:11:54,978 [INFO] streaming.state_manager: [SM] TRANSITION_TO_IDLE -> IDLE
2026-08-02 22:41:55+05:30 2026-08-02 17:11:55,010 [INFO] streaming.state_manager: [SM] TRANSITION_TO_IDLE -> IDLE
2026-08-02 22:41:55+05:30 2026-08-02 17:11:55,017 [INFO] streaming.state_manager: [SM] TRANSITION_TO_IDLE -> IDLE
2026-08-02 22:41:55+05:30 2026-08-02 17:11:55.185 | INFO     | flash_head.src.pipeline.flash_head_pipeline:generate_batch:538 - [generate_batch] GPU_BREAKDOWN denoise=1183.4ms decode=525.3ms color+encode=212.7ms total=1921.7ms batch_size=3
2026-08-02 22:41:55+05:30 2026-08-02 17:11:55.186 | INFO     | flash_head.src.pipeline.flash_head_pipeline:generate_batch:545 - [generate_batch] DENOISE_STEPS total=1183.4ms steps=[s0=292.3 s1=292.8 s2=300.5 s3=297.8] n_steps=4 batch_size=3
2026-08-02 22:41:55+05:30 2026-08-02 17:11:55,261 [INFO] streaming.state_manager: [SM] IDLE -> TRANSITION_TO_LIVE (crossfade 8 frames, queue=24)
2026-08-02 22:41:55+05:30 2026-08-02 17:11:55,297 [INFO] streaming.state_manager: [SM] IDLE -> TRANSITION_TO_LIVE (crossfade 8 frames, queue=24)
2026-08-02 22:41:55+05:30 2026-08-02 17:11:55,297 [INFO] streaming.state_manager: [SM] IDLE -> TRANSITION_TO_LIVE (crossfade 8 frames, queue=24)
2026-08-02 22:41:55+05:30 2026-08-02 17:11:55,579 [INFO] streaming.state_manager: [SM] TRANSITION_TO_LIVE -> LIVE
2026-08-02 22:41:55+05:30 2026-08-02 17:11:55,610 [INFO] streaming.state_manager: [SM] TRANSITION_TO_LIVE -> LIVE
2026-08-02 22:41:55+05:30 2026-08-02 17:11:55,618 [INFO] streaming.state_manager: [SM] TRANSITION_TO_LIVE -> LIVE
2026-08-02 22:41:56+05:30 2026-08-02 17:11:56,741 [INFO] streaming.state_manager: [SM] LIVE -> TRANSITION_TO_IDLE (crossfade 8 frames)
2026-08-02 22:41:56+05:30 2026-08-02 17:11:56,772 [INFO] streaming.state_manager: [SM] LIVE -> TRANSITION_TO_IDLE (crossfade 8 frames)
2026-08-02 22:41:56+05:30 2026-08-02 17:11:56,779 [INFO] streaming.state_manager: [SM] LIVE -> TRANSITION_TO_IDLE (crossfade 8 frames)
2026-08-02 22:41:56+05:30 2026-08-02 17:11:56,859 [INFO] VideoPublisher: VIDEO_PUBLISH_METRICS windowMs=5040 frames=126 effectiveFps=25.0 liveFrames=42 repeatedLiveFrames=36 idleFrames=48 desyncPct=66.7 maxGapMs=49.8 maxCaptureMs=0.9
2026-08-02 22:41:57+05:30 2026-08-02 17:11:57,059 [INFO] streaming.state_manager: [SM] TRANSITION_TO_IDLE -> IDLE
2026-08-02 22:41:57+05:30 2026-08-02 17:11:57,089 [INFO] streaming.state_manager: [SM] TRANSITION_TO_IDLE -> IDLE
2026-08-02 22:41:57+05:30 2026-08-02 17:11:57,097 [INFO] streaming.state_manager: [SM] TRANSITION_TO_IDLE -> IDLE
2026-08-02 22:41:57+05:30 2026-08-02 17:11:57.247 | INFO     | flash_head.src.pipeline.flash_head_pipeline:generate_batch:538 - [generate_batch] GPU_BREAKDOWN denoise=1175.1ms decode=522.2ms color+encode=210.5ms total=1908.6ms batch_size=3
2026-08-02 22:41:57+05:30 2026-08-02 17:11:57.248 | INFO     | flash_head.src.pipeline.flash_head_pipeline:generate_batch:545 - [generate_batch] DENOISE_STEPS total=1175.1ms steps=[s0=289.9 s1=291.1 s2=297.7 s3=296.4] n_steps=4 batch_size=3
2026-08-02 22:41:57+05:30 2026-08-02 17:11:57,299 [INFO] streaming.state_manager: [SM] IDLE -> TRANSITION_TO_LIVE (crossfade 8 frames, queue=24)
2026-08-02 22:41:57+05:30 2026-08-02 17:11:57,330 [INFO] streaming.state_manager: [SM] IDLE -> TRANSITION_TO_LIVE (crossfade 8 frames, queue=24)
2026-08-02 22:41:57+05:30 2026-08-02 17:11:57,347 [INFO] BatchedStreamingEngine: Session conc-test-1-909b85 reactivated (keep_alive)
2026-08-02 22:41:57+05:30 2026-08-02 17:11:57,377 [INFO] streaming.state_manager: [SM] IDLE -> TRANSITION_TO_LIVE (crossfade 8 frames, queue=24)
2026-08-02 22:41:57+05:30 2026-08-02 17:11:57,620 [INFO] streaming.state_manager: [SM] TRANSITION_TO_LIVE -> LIVE
2026-08-02 22:41:57+05:30 2026-08-02 17:11:57,649 [INFO] streaming.state_manager: [SM] TRANSITION_TO_LIVE -> LIVE
2026-08-02 22:41:57+05:30 2026-08-02 17:11:57,697 [INFO] streaming.state_manager: [SM] TRANSITION_TO_LIVE -> LIVE
2026-08-02 22:41:57+05:30 [METRICS] GPU_util=100% GPU_temp=54C GPU_mem=4.1GB/22.1GB (reserved=9.4GB) RSS=11767MB CPU_user=106.8s CPU_sys=11.7s sessions=3 pool=4/4
2026-08-02 22:41:58+05:30 2026-08-02 17:11:58,462 [INFO] VideoPublisher: VIDEO_PUBLISH_METRICS windowMs=5040 frames=126 effectiveFps=25.0 liveFrames=51 repeatedLiveFrames=29 idleFrames=46 desyncPct=59.5 maxGapMs=48.3 maxCaptureMs=0.8
2026-08-02 22:41:58+05:30 2026-08-02 17:11:58.674 | INFO     | flash_head.src.pipeline.flash_head_pipeline:generate_batch:538 - [generate_batch] GPU_BREAKDOWN denoise=791.4ms decode=360.5ms color+encode=141.0ms total=1293.5ms batch_size=2
2026-08-02 22:41:58+05:30 2026-08-02 17:11:58.674 | INFO     | flash_head.src.pipeline.flash_head_pipeline:generate_batch:545 - [generate_batch] DENOISE_STEPS total=791.4ms steps=[s0=196.4 s1=198.1 s2=198.3 s3=198.6] n_steps=4 batch_size=2
2026-08-02 22:41:58+05:30 2026-08-02 17:11:58,782 [INFO] streaming.state_manager: [SM] LIVE -> TRANSITION_TO_IDLE (crossfade 8 frames)
2026-08-02 22:41:59+05:30 2026-08-02 17:11:59,099 [INFO] streaming.state_manager: [SM] TRANSITION_TO_IDLE -> IDLE
2026-08-02 22:41:59+05:30 2026-08-02 17:11:59,170 [INFO] streaming.state_manager: [SM] Adaptive caps: p95_ms=2076 buffer=52 peak=76 MAX=98 TARGET=78
2026-08-02 22:41:59+05:30 2026-08-02 17:11:59,257 [INFO] batched_stream_processor: BATCHED_DRAIN_COMPLETED session=conc-test-1-909b85 cycles=258 elapsed=27977.5ms keep_alive=True
2026-08-02 22:41:59+05:30 2026-08-02 17:11:59,325 [INFO] batched_stream_processor: BATCHED_DRAIN_STARTED session=conc-test-1-909b85 keep_alive=True
2026-08-02 22:41:59+05:30 2026-08-02 17:11:59,325 [INFO] BatchedStreamingEngine: Session conc-test-1-909b85 marked for drain (keep_alive=True)
2026-08-02 22:41:59+05:30 2026-08-02 17:11:59,333 [INFO] VideoPublisher: VIDEO_PUBLISH_METRICS windowMs=5040 frames=126 effectiveFps=25.0 liveFrames=50 repeatedLiveFrames=31 idleFrames=45 desyncPct=60.3 maxGapMs=49.6 maxCaptureMs=0.9
2026-08-02 22:41:59+05:30 2026-08-02 17:11:59,909 [INFO] handler: UTTERANCE_END_RECEIVED session=conc-test-1-909b85
2026-08-02 22:42:00+05:30 2026-08-02 17:12:00.083 | INFO     | flash_head.src.pipeline.flash_head_pipeline:generate_batch:538 - [generate_batch] GPU_BREAKDOWN denoise=792.6ms decode=364.5ms color+encode=138.8ms total=1296.5ms batch_size=2
2026-08-02 22:42:00+05:30 2026-08-02 17:12:00.083 | INFO     | flash_head.src.pipeline.flash_head_pipeline:generate_batch:545 - [generate_batch] DENOISE_STEPS total=792.6ms steps=[s0=196.8 s1=199.5 s2=197.9 s3=198.5] n_steps=4 batch_size=2
2026-08-02 22:42:00+05:30 2026-08-02 17:12:00,146 [INFO] BatchedStreamingEngine: Session conc-test-3-e61f52 reactivated (keep_alive)
2026-08-02 22:42:01+05:30 2026-08-02 17:12:01.481 | INFO     | flash_head.src.pipeline.flash_head_pipeline:generate_batch:538 - [generate_batch] GPU_BREAKDOWN denoise=800.6ms decode=363.3ms color+encode=139.7ms total=1304.5ms batch_size=2
2026-08-02 22:42:01+05:30 2026-08-02 17:12:01.481 | INFO     | flash_head.src.pipeline.flash_head_pipeline:generate_batch:545 - [generate_batch] DENOISE_STEPS total=800.6ms steps=[s0=201.4 s1=199.3 s2=200.9 s3=199.0] n_steps=4 batch_size=2
2026-08-02 22:42:01+05:30 2026-08-02 17:12:01,538 [INFO] streaming.state_manager: [SM] IDLE -> TRANSITION_TO_LIVE (crossfade 8 frames, queue=24)
2026-08-02 22:42:01+05:30 2026-08-02 17:12:01,581 [INFO] streaming.state_manager: [SM] LIVE -> TRANSITION_TO_IDLE (crossfade 8 frames)
2026-08-02 22:42:01+05:30 2026-08-02 17:12:01,857 [INFO] streaming.state_manager: [SM] TRANSITION_TO_LIVE -> LIVE
2026-08-02 22:42:01+05:30 2026-08-02 17:12:01,890 [INFO] streaming.state_manager: [SM] TRANSITION_TO_IDLE -> IDLE
2026-08-02 22:42:01+05:30 2026-08-02 17:12:01,898 [INFO] VideoPublisher: VIDEO_PUBLISH_METRICS windowMs=5039 frames=126 effectiveFps=25.0 liveFrames=74 repeatedLiveFrames=32 idleFrames=20 desyncPct=41.3 maxGapMs=45.5 maxCaptureMs=1.0
2026-08-02 22:42:02+05:30 2026-08-02 17:12:02,046 [INFO] batched_stream_processor: BATCHED_DRAIN_COMPLETED session=conc-test-3-e61f52 cycles=245 elapsed=26643.6ms keep_alive=True
2026-08-02 22:42:02+05:30 2026-08-02 17:12:02,118 [INFO] batched_stream_processor: BATCHED_DRAIN_STARTED session=conc-test-3-e61f52 keep_alive=True
2026-08-02 22:42:02+05:30 2026-08-02 17:12:02,118 [INFO] BatchedStreamingEngine: Session conc-test-3-e61f52 marked for drain (keep_alive=True)
2026-08-02 22:42:02+05:30 2026-08-02 17:12:02,279 [INFO] handler: UTTERANCE_END_RECEIVED session=conc-test-2-bdbbb6
2026-08-02 22:42:02+05:30 [METRICS] GPU_util=100% GPU_temp=56C GPU_mem=4.2GB/22.1GB (reserved=9.4GB) RSS=11767MB CPU_user=114.8s CPU_sys=12.1s sessions=3 pool=4/4
2026-08-02 22:42:02+05:30 2026-08-02 17:12:02.883 | INFO     | flash_head.src.pipeline.flash_head_pipeline:generate_batch:538 - [generate_batch] GPU_BREAKDOWN denoise=793.8ms decode=360.2ms color+encode=138.6ms total=1293.0ms batch_size=2
2026-08-02 22:42:02+05:30 2026-08-02 17:12:02.883 | INFO     | flash_head.src.pipeline.flash_head_pipeline:generate_batch:545 - [generate_batch] DENOISE_STEPS total=793.8ms steps=[s0=195.0 s1=199.1 s2=200.0 s3=199.7] n_steps=4 batch_size=2
2026-08-02 22:42:03+05:30 2026-08-02 17:12:03,501 [INFO] VideoPublisher: VIDEO_PUBLISH_METRICS windowMs=5039 frames=126 effectiveFps=25.0 liveFrames=32 repeatedLiveFrames=17 idleFrames=77 desyncPct=74.6 maxGapMs=45.4 maxCaptureMs=0.8
2026-08-02 22:42:03+05:30 2026-08-02 17:12:03,607 [INFO] handler: UTTERANCE_END_RECEIVED session=conc-test-3-e61f52
2026-08-02 22:42:04+05:30 2026-08-02 17:12:04,372 [INFO] VideoPublisher: VIDEO_PUBLISH_METRICS windowMs=5039 frames=126 effectiveFps=25.0 liveFrames=32 repeatedLiveFrames=23 idleFrames=71 desyncPct=74.6 maxGapMs=52.9 maxCaptureMs=0.7
2026-08-02 22:42:04+05:30 2026-08-02 17:12:04,379 [INFO] streaming.state_manager: [SM] LIVE -> TRANSITION_TO_IDLE (crossfade 8 frames)
2026-08-02 22:42:04+05:30 2026-08-02 17:12:04,418 [INFO] streaming.state_manager: [SM] LIVE -> TRANSITION_TO_IDLE (crossfade 8 frames)
2026-08-02 22:42:04+05:30 2026-08-02 17:12:04,699 [INFO] streaming.state_manager: [SM] TRANSITION_TO_IDLE -> IDLE
2026-08-02 22:42:04+05:30 2026-08-02 17:12:04,738 [INFO] streaming.state_manager: [SM] TRANSITION_TO_IDLE -> IDLE
2026-08-02 22:42:04+05:30 2026-08-02 17:12:04.903 | INFO     | flash_head.src.pipeline.flash_head_pipeline:generate_batch:538 - [generate_batch] GPU_BREAKDOWN denoise=1178.0ms decode=522.0ms color+encode=211.3ms total=1911.7ms batch_size=3
2026-08-02 22:42:04+05:30 2026-08-02 17:12:04.904 | INFO     | flash_head.src.pipeline.flash_head_pipeline:generate_batch:545 - [generate_batch] DENOISE_STEPS total=1178.0ms steps=[s0=289.8 s1=292.5 s2=301.4 s3=294.4] n_steps=4 batch_size=3
2026-08-02 22:42:04+05:30 2026-08-02 17:12:04,979 [INFO] streaming.state_manager: [SM] IDLE -> TRANSITION_TO_LIVE (crossfade 8 frames, queue=24)
2026-08-02 22:42:05+05:30 2026-08-02 17:12:05,009 [INFO] BatchedStreamingEngine: cycle=40 batch=3 sessions=['conc-test-1-909b85', 'conc-test-3-e61f52', 'conc-test-2-bdbbb6'] embed=47.0ms infer=1912.4ms xfer=105.4ms total=2064.9ms
2026-08-02 22:42:05+05:30 2026-08-02 17:12:05,018 [INFO] streaming.state_manager: [SM] IDLE -> TRANSITION_TO_LIVE (crossfade 8 frames, queue=24)
2026-08-02 22:42:05+05:30 2026-08-02 17:12:05,018 [INFO] streaming.state_manager: [SM] IDLE -> TRANSITION_TO_LIVE (crossfade 8 frames, queue=24)
2026-08-02 22:42:05+05:30 2026-08-02 17:12:05,299 [INFO] streaming.state_manager: [SM] TRANSITION_TO_LIVE -> LIVE
2026-08-02 22:42:05+05:30 2026-08-02 17:12:05,331 [INFO] streaming.state_manager: [SM] TRANSITION_TO_LIVE -> LIVE
2026-08-02 22:42:05+05:30 2026-08-02 17:12:05,337 [INFO] streaming.state_manager: [SM] TRANSITION_TO_LIVE -> LIVE
2026-08-02 22:42:06+05:30 2026-08-02 17:12:06,459 [INFO] streaming.state_manager: [SM] LIVE -> TRANSITION_TO_IDLE (crossfade 8 frames)
2026-08-02 22:42:06+05:30 2026-08-02 17:12:06,492 [INFO] streaming.state_manager: [SM] LIVE -> TRANSITION_TO_IDLE (crossfade 8 frames)
2026-08-02 22:42:06+05:30 2026-08-02 17:12:06,504 [INFO] streaming.state_manager: [SM] LIVE -> TRANSITION_TO_IDLE (crossfade 8 frames)
2026-08-02 22:42:06+05:30 2026-08-02 17:12:06,779 [INFO] streaming.state_manager: [SM] TRANSITION_TO_IDLE -> IDLE
2026-08-02 22:42:06+05:30 2026-08-02 17:12:06,810 [INFO] streaming.state_manager: [SM] TRANSITION_TO_IDLE -> IDLE
2026-08-02 22:42:06+05:30 2026-08-02 17:12:06,816 [INFO] streaming.state_manager: [SM] TRANSITION_TO_IDLE -> IDLE
2026-08-02 22:42:06+05:30 2026-08-02 17:12:06,900 [INFO] VideoPublisher: VIDEO_PUBLISH_METRICS windowMs=5001 frames=125 effectiveFps=25.0 liveFrames=56 repeatedLiveFrames=35 idleFrames=34 desyncPct=55.2 maxGapMs=46.4 maxCaptureMs=0.8
2026-08-02 22:42:06+05:30 2026-08-02 17:12:06.975 | INFO     | flash_head.src.pipeline.flash_head_pipeline:generate_batch:538 - [generate_batch] GPU_BREAKDOWN denoise=1174.3ms decode=526.4ms color+encode=211.2ms total=1912.3ms batch_size=3
2026-08-02 22:42:06+05:30 2026-08-02 17:12:06.975 | INFO     | flash_head.src.pipeline.flash_head_pipeline:generate_batch:545 - [generate_batch] DENOISE_STEPS total=1174.3ms steps=[s0=290.2 s1=291.6 s2=297.5 s3=295.0] n_steps=4 batch_size=3
2026-08-02 22:42:07+05:30 2026-08-02 17:12:07,019 [INFO] streaming.state_manager: [SM] IDLE -> TRANSITION_TO_LIVE (crossfade 8 frames, queue=24)
2026-08-02 22:42:07+05:30 2026-08-02 17:12:07,051 [INFO] streaming.state_manager: [SM] IDLE -> TRANSITION_TO_LIVE (crossfade 8 frames, queue=24)
2026-08-02 22:42:07+05:30 2026-08-02 17:12:07,098 [INFO] streaming.state_manager: [SM] IDLE -> TRANSITION_TO_LIVE (crossfade 8 frames, queue=24)
2026-08-02 22:42:07+05:30 2026-08-02 17:12:07,339 [INFO] streaming.state_manager: [SM] TRANSITION_TO_LIVE -> LIVE
2026-08-02 22:42:07+05:30 2026-08-02 17:12:07,370 [INFO] streaming.state_manager: [SM] TRANSITION_TO_LIVE -> LIVE
2026-08-02 22:42:07+05:30 2026-08-02 17:12:07,418 [INFO] streaming.state_manager: [SM] TRANSITION_TO_LIVE -> LIVE
2026-08-02 22:42:07+05:30 [METRICS] GPU_util=99% GPU_temp=57C GPU_mem=4.2GB/22.1GB (reserved=9.4GB) RSS=11767MB CPU_user=122.3s CPU_sys=12.7s sessions=3 pool=4/4
2026-08-02 22:42:08+05:30 2026-08-02 17:12:08,299 [INFO] streaming.state_manager: [SM] Adaptive caps: p95_ms=2071 buffer=52 peak=76 MAX=98 TARGET=78
2026-08-02 22:42:08+05:30 2026-08-02 17:12:08,500 [INFO] streaming.state_manager: [SM] LIVE -> TRANSITION_TO_IDLE (crossfade 8 frames)
2026-08-02 22:42:08+05:30 2026-08-02 17:12:08,502 [INFO] VideoPublisher: VIDEO_PUBLISH_METRICS windowMs=5001 frames=125 effectiveFps=25.0 liveFrames=43 repeatedLiveFrames=36 idleFrames=46 desyncPct=65.6 maxGapMs=46.5 maxCaptureMs=0.8
2026-08-02 22:42:08+05:30 2026-08-02 17:12:08,535 [INFO] streaming.state_manager: [SM] LIVE -> TRANSITION_TO_IDLE (crossfade 8 frames)
2026-08-02 22:42:08+05:30 2026-08-02 17:12:08,579 [INFO] streaming.state_manager: [SM] LIVE -> TRANSITION_TO_IDLE (crossfade 8 frames)
2026-08-02 22:42:08+05:30 2026-08-02 17:12:08,818 [INFO] streaming.state_manager: [SM] TRANSITION_TO_IDLE -> IDLE
2026-08-02 22:42:08+05:30 2026-08-02 17:12:08,851 [INFO] streaming.state_manager: [SM] TRANSITION_TO_IDLE -> IDLE
2026-08-02 22:42:08+05:30 2026-08-02 17:12:08,897 [INFO] streaming.state_manager: [SM] TRANSITION_TO_IDLE -> IDLE
2026-08-02 22:42:09+05:30 2026-08-02 17:12:09.033 | INFO     | flash_head.src.pipeline.flash_head_pipeline:generate_batch:538 - [generate_batch] GPU_BREAKDOWN denoise=1177.0ms decode=526.6ms color+encode=211.3ms total=1915.4ms batch_size=3
2026-08-02 22:42:09+05:30 2026-08-02 17:12:09.033 | INFO     | flash_head.src.pipeline.flash_head_pipeline:generate_batch:545 - [generate_batch] DENOISE_STEPS total=1177.0ms steps=[s0=289.5 s1=293.6 s2=298.4 s3=295.6] n_steps=4 batch_size=3
2026-08-02 22:42:09+05:30 2026-08-02 17:12:09,100 [INFO] streaming.state_manager: [SM] IDLE -> TRANSITION_TO_LIVE (crossfade 8 frames, queue=24)
2026-08-02 22:42:09+05:30 2026-08-02 17:12:09,134 [INFO] streaming.state_manager: [SM] IDLE -> TRANSITION_TO_LIVE (crossfade 8 frames, queue=24)
2026-08-02 22:42:09+05:30 2026-08-02 17:12:09,138 [INFO] streaming.state_manager: [SM] IDLE -> TRANSITION_TO_LIVE (crossfade 8 frames, queue=24)
2026-08-02 22:42:09+05:30 2026-08-02 17:12:09,373 [INFO] VideoPublisher: VIDEO_PUBLISH_METRICS windowMs=5000 frames=125 effectiveFps=25.0 liveFrames=34 repeatedLiveFrames=24 idleFrames=67 desyncPct=72.8 maxGapMs=55.0 maxCaptureMs=0.6
2026-08-02 22:42:09+05:30 2026-08-02 17:12:09,418 [INFO] streaming.state_manager: [SM] TRANSITION_TO_LIVE -> LIVE
2026-08-02 22:42:09+05:30 2026-08-02 17:12:09,451 [INFO] streaming.state_manager: [SM] TRANSITION_TO_LIVE -> LIVE
2026-08-02 22:42:09+05:30 2026-08-02 17:12:09,457 [INFO] streaming.state_manager: [SM] TRANSITION_TO_LIVE -> LIVE
2026-08-02 22:42:10+05:30 2026-08-02 17:12:10,580 [INFO] streaming.state_manager: [SM] LIVE -> TRANSITION_TO_IDLE (crossfade 8 frames)
2026-08-02 22:42:10+05:30 2026-08-02 17:12:10,613 [INFO] streaming.state_manager: [SM] LIVE -> TRANSITION_TO_IDLE (crossfade 8 frames)
2026-08-02 22:42:10+05:30 2026-08-02 17:12:10,623 [INFO] streaming.state_manager: [SM] LIVE -> TRANSITION_TO_IDLE (crossfade 8 frames)
2026-08-02 22:42:10+05:30 2026-08-02 17:12:10,897 [INFO] streaming.state_manager: [SM] TRANSITION_TO_IDLE -> IDLE
2026-08-02 22:42:10+05:30 2026-08-02 17:12:10,930 [INFO] streaming.state_manager: [SM] TRANSITION_TO_IDLE -> IDLE
2026-08-02 22:42:10+05:30 2026-08-02 17:12:10,936 [INFO] streaming.state_manager: [SM] TRANSITION_TO_IDLE -> IDLE
2026-08-02 22:42:11+05:30 2026-08-02 17:12:11.093 | INFO     | flash_head.src.pipeline.flash_head_pipeline:generate_batch:538 - [generate_batch] GPU_BREAKDOWN denoise=1178.5ms decode=526.1ms color+encode=213.9ms total=1918.8ms batch_size=3
2026-08-02 22:42:11+05:30 2026-08-02 17:12:11.093 | INFO     | flash_head.src.pipeline.flash_head_pipeline:generate_batch:545 - [generate_batch] DENOISE_STEPS total=1178.5ms steps=[s0=290.6 s1=291.9 s2=300.0 s3=295.9] n_steps=4 batch_size=3
2026-08-02 22:42:11+05:30 2026-08-02 17:12:11,139 [INFO] streaming.state_manager: [SM] IDLE -> TRANSITION_TO_LIVE (crossfade 8 frames, queue=24)
2026-08-02 22:42:11+05:30 2026-08-02 17:12:11,171 [INFO] streaming.state_manager: [SM] IDLE -> TRANSITION_TO_LIVE (crossfade 8 frames, queue=24)
2026-08-02 22:42:11+05:30 2026-08-02 17:12:11,218 [INFO] streaming.state_manager: [SM] IDLE -> TRANSITION_TO_LIVE (crossfade 8 frames, queue=24)
2026-08-02 22:42:11+05:30 2026-08-02 17:12:11,457 [INFO] streaming.state_manager: [SM] TRANSITION_TO_LIVE -> LIVE
2026-08-02 22:42:11+05:30 2026-08-02 17:12:11,490 [INFO] streaming.state_manager: [SM] TRANSITION_TO_LIVE -> LIVE
2026-08-02 22:42:11+05:30 2026-08-02 17:12:11,537 [INFO] streaming.state_manager: [SM] TRANSITION_TO_LIVE -> LIVE
2026-08-02 22:42:11+05:30 2026-08-02 17:12:11,777 [INFO] streaming.state_manager: [SM] Adaptive caps: p95_ms=2069 buffer=52 peak=76 MAX=98 TARGET=78
2026-08-02 22:42:11+05:30 2026-08-02 17:12:11,940 [INFO] VideoPublisher: VIDEO_PUBLISH_METRICS windowMs=5040 frames=126 effectiveFps=25.0 liveFrames=45 repeatedLiveFrames=24 idleFrames=57 desyncPct=64.3 maxGapMs=52.2 maxCaptureMs=0.7
2026-08-02 22:42:12+05:30 2026-08-02 17:12:12,620 [INFO] streaming.state_manager: [SM] LIVE -> TRANSITION_TO_IDLE (crossfade 8 frames)
2026-08-02 22:42:12+05:30 2026-08-02 17:12:12,656 [INFO] streaming.state_manager: [SM] LIVE -> TRANSITION_TO_IDLE (crossfade 8 frames)
2026-08-02 22:42:12+05:30 2026-08-02 17:12:12,699 [INFO] streaming.state_manager: [SM] LIVE -> TRANSITION_TO_IDLE (crossfade 8 frames)
2026-08-02 22:42:12+05:30 [METRICS] GPU_util=100% GPU_temp=58C GPU_mem=4.2GB/22.1GB (reserved=9.4GB) RSS=11767MB CPU_user=129.8s CPU_sys=13.4s sessions=3 pool=4/4
2026-08-02 22:42:12+05:30 2026-08-02 17:12:12,937 [INFO] streaming.state_manager: [SM] TRANSITION_TO_IDLE -> IDLE
2026-08-02 22:42:12+05:30 2026-08-02 17:12:12,969 [INFO] streaming.state_manager: [SM] TRANSITION_TO_IDLE -> IDLE
2026-08-02 22:42:13+05:30 2026-08-02 17:12:13,017 [INFO] streaming.state_manager: [SM] TRANSITION_TO_IDLE -> IDLE
2026-08-02 22:42:13+05:30 2026-08-02 17:12:13.151 | INFO     | flash_head.src.pipeline.flash_head_pipeline:generate_batch:538 - [generate_batch] GPU_BREAKDOWN denoise=1178.8ms decode=522.9ms color+encode=212.4ms total=1914.5ms batch_size=3
2026-08-02 22:42:13+05:30 2026-08-02 17:12:13.151 | INFO     | flash_head.src.pipeline.flash_head_pipeline:generate_batch:545 - [generate_batch] DENOISE_STEPS total=1178.8ms steps=[s0=289.0 s1=294.0 s2=300.6 s3=295.2] n_steps=4 batch_size=3
2026-08-02 22:42:13+05:30 2026-08-02 17:12:13,220 [INFO] streaming.state_manager: [SM] IDLE -> TRANSITION_TO_LIVE (crossfade 8 frames, queue=24)
2026-08-02 22:42:13+05:30 2026-08-02 17:12:13,257 [INFO] streaming.state_manager: [SM] IDLE -> TRANSITION_TO_LIVE (crossfade 8 frames, queue=24)
2026-08-02 22:42:13+05:30 2026-08-02 17:12:13,257 [INFO] streaming.state_manager: [SM] IDLE -> TRANSITION_TO_LIVE (crossfade 8 frames, queue=24)
2026-08-02 22:42:13+05:30 2026-08-02 17:12:13,539 [INFO] streaming.state_manager: [SM] TRANSITION_TO_LIVE -> LIVE
2026-08-02 22:42:13+05:30 2026-08-02 17:12:13,541 [INFO] VideoPublisher: VIDEO_PUBLISH_METRICS windowMs=5039 frames=126 effectiveFps=25.0 liveFrames=35 repeatedLiveFrames=24 idleFrames=67 desyncPct=72.2 maxGapMs=45.0 maxCaptureMs=0.7
2026-08-02 22:42:13+05:30 2026-08-02 17:12:13,570 [INFO] streaming.state_manager: [SM] TRANSITION_TO_LIVE -> LIVE
2026-08-02 22:42:13+05:30 2026-08-02 17:12:13,577 [INFO] streaming.state_manager: [SM] TRANSITION_TO_LIVE -> LIVE
2026-08-02 22:42:14+05:30 2026-08-02 17:12:14,089 [INFO] handler: UTTERANCE_END_RECEIVED session=conc-test-1-909b85
2026-08-02 22:42:14+05:30 2026-08-02 17:12:14,411 [INFO] VideoPublisher: VIDEO_PUBLISH_METRICS windowMs=5039 frames=126 effectiveFps=25.0 liveFrames=51 repeatedLiveFrames=29 idleFrames=46 desyncPct=59.5 maxGapMs=52.0 maxCaptureMs=0.8
2026-08-02 22:42:14+05:30 2026-08-02 17:12:14,699 [INFO] streaming.state_manager: [SM] LIVE -> TRANSITION_TO_IDLE (crossfade 8 frames)
2026-08-02 22:42:14+05:30 2026-08-02 17:12:14,733 [INFO] streaming.state_manager: [SM] LIVE -> TRANSITION_TO_IDLE (crossfade 8 frames)
2026-08-02 22:42:14+05:30 2026-08-02 17:12:14,740 [INFO] streaming.state_manager: [SM] LIVE -> TRANSITION_TO_IDLE (crossfade 8 frames)
2026-08-02 22:42:15+05:30 2026-08-02 17:12:15,019 [INFO] streaming.state_manager: [SM] TRANSITION_TO_IDLE -> IDLE
2026-08-02 22:42:15+05:30 2026-08-02 17:12:15,051 [INFO] streaming.state_manager: [SM] TRANSITION_TO_IDLE -> IDLE
2026-08-02 22:42:15+05:30 2026-08-02 17:12:15,057 [INFO] streaming.state_manager: [SM] TRANSITION_TO_IDLE -> IDLE
2026-08-02 22:42:15+05:30 2026-08-02 17:12:15.229 | INFO     | flash_head.src.pipeline.flash_head_pipeline:generate_batch:538 - [generate_batch] GPU_BREAKDOWN denoise=1178.3ms decode=531.2ms color+encode=214.4ms total=1924.3ms batch_size=3
2026-08-02 22:42:15+05:30 2026-08-02 17:12:15.229 | INFO     | flash_head.src.pipeline.flash_head_pipeline:generate_batch:545 - [generate_batch] DENOISE_STEPS total=1178.3ms steps=[s0=289.5 s1=295.1 s2=298.6 s3=295.2] n_steps=4 batch_size=3
2026-08-02 22:42:15+05:30 2026-08-02 17:12:15,300 [INFO] streaming.state_manager: [SM] IDLE -> TRANSITION_TO_LIVE (crossfade 8 frames, queue=24)
2026-08-02 22:42:15+05:30 2026-08-02 17:12:15,333 [INFO] streaming.state_manager: [SM] IDLE -> TRANSITION_TO_LIVE (crossfade 8 frames, queue=24)
2026-08-02 22:42:15+05:30 2026-08-02 17:12:15,337 [INFO] streaming.state_manager: [SM] IDLE -> TRANSITION_TO_LIVE (crossfade 8 frames, queue=24)
2026-08-02 22:42:15+05:30 2026-08-02 17:12:15,619 [INFO] streaming.state_manager: [SM] TRANSITION_TO_LIVE -> LIVE
2026-08-02 22:42:15+05:30 2026-08-02 17:12:15,650 [INFO] streaming.state_manager: [SM] TRANSITION_TO_LIVE -> LIVE
2026-08-02 22:42:15+05:30 2026-08-02 17:12:15,658 [INFO] streaming.state_manager: [SM] TRANSITION_TO_LIVE -> LIVE
2026-08-02 22:42:16+05:30 2026-08-02 17:12:16,438 [INFO] handler: UTTERANCE_END_RECEIVED session=conc-test-2-bdbbb6
2026-08-02 22:42:16+05:30 2026-08-02 17:12:16,781 [INFO] streaming.state_manager: [SM] LIVE -> TRANSITION_TO_IDLE (crossfade 8 frames)
2026-08-02 22:42:16+05:30 2026-08-02 17:12:16,813 [INFO] streaming.state_manager: [SM] LIVE -> TRANSITION_TO_IDLE (crossfade 8 frames)
2026-08-02 22:42:16+05:30 2026-08-02 17:12:16,819 [INFO] streaming.state_manager: [SM] LIVE -> TRANSITION_TO_IDLE (crossfade 8 frames)
2026-08-02 22:42:16+05:30 2026-08-02 17:12:16,979 [INFO] VideoPublisher: VIDEO_PUBLISH_METRICS windowMs=5039 frames=126 effectiveFps=25.0 liveFrames=40 repeatedLiveFrames=36 idleFrames=50 desyncPct=68.3 maxGapMs=48.3 maxCaptureMs=0.8
2026-08-02 22:42:17+05:30 2026-08-02 17:12:17,099 [INFO] streaming.state_manager: [SM] TRANSITION_TO_IDLE -> IDLE
2026-08-02 22:42:17+05:30 2026-08-02 17:12:17,131 [INFO] streaming.state_manager: [SM] TRANSITION_TO_IDLE -> IDLE
2026-08-02 22:42:17+05:30 2026-08-02 17:12:17,137 [INFO] streaming.state_manager: [SM] TRANSITION_TO_IDLE -> IDLE
2026-08-02 22:42:17+05:30 2026-08-02 17:12:17.302 | INFO     | flash_head.src.pipeline.flash_head_pipeline:generate_batch:538 - [generate_batch] GPU_BREAKDOWN denoise=1180.8ms decode=528.7ms color+encode=212.6ms total=1922.6ms batch_size=3
2026-08-02 22:42:17+05:30 2026-08-02 17:12:17.302 | INFO     | flash_head.src.pipeline.flash_head_pipeline:generate_batch:545 - [generate_batch] DENOISE_STEPS total=1180.8ms steps=[s0=292.2 s1=292.5 s2=299.6 s3=296.5] n_steps=4 batch_size=3
2026-08-02 22:42:17+05:30 2026-08-02 17:12:17,370 [INFO] streaming.state_manager: [SM] IDLE -> TRANSITION_TO_LIVE (crossfade 8 frames, queue=24)
2026-08-02 22:42:17+05:30 2026-08-02 17:12:17,379 [INFO] streaming.state_manager: [SM] IDLE -> TRANSITION_TO_LIVE (crossfade 8 frames, queue=24)
2026-08-02 22:42:17+05:30 2026-08-02 17:12:17,398 [INFO] BatchedStreamingEngine: Session conc-test-2-bdbbb6 reactivated (keep_alive)
2026-08-02 22:42:17+05:30 2026-08-02 17:12:17,421 [INFO] streaming.state_manager: [SM] IDLE -> TRANSITION_TO_LIVE (crossfade 8 frames, queue=24)
2026-08-02 22:42:17+05:30 2026-08-02 17:12:17,667 [INFO] handler: UTTERANCE_END_RECEIVED session=conc-test-3-e61f52
2026-08-02 22:42:17+05:30 2026-08-02 17:12:17,690 [INFO] streaming.state_manager: [SM] TRANSITION_TO_LIVE -> LIVE
2026-08-02 22:42:17+05:30 2026-08-02 17:12:17,699 [INFO] streaming.state_manager: [SM] TRANSITION_TO_LIVE -> LIVE
2026-08-02 22:42:17+05:30 2026-08-02 17:12:17,737 [INFO] streaming.state_manager: [SM] TRANSITION_TO_LIVE -> LIVE
2026-08-02 22:42:17+05:30 [METRICS] GPU_util=99% GPU_temp=59C GPU_mem=4.1GB/22.1GB (reserved=9.4GB) RSS=11767MB CPU_user=137.5s CPU_sys=14.1s sessions=3 pool=4/4
2026-08-02 22:42:18+05:30 2026-08-02 17:12:18,581 [INFO] VideoPublisher: VIDEO_PUBLISH_METRICS windowMs=5040 frames=126 effectiveFps=25.0 liveFrames=50 repeatedLiveFrames=30 idleFrames=46 desyncPct=60.3 maxGapMs=42.7 maxCaptureMs=0.9
2026-08-02 22:42:18+05:30 2026-08-02 17:12:18.738 | INFO     | flash_head.src.pipeline.flash_head_pipeline:generate_batch:538 - [generate_batch] GPU_BREAKDOWN denoise=803.6ms decode=365.0ms color+encode=139.5ms total=1308.5ms batch_size=2
2026-08-02 22:42:18+05:30 2026-08-02 17:12:18.738 | INFO     | flash_head.src.pipeline.flash_head_pipeline:generate_batch:545 - [generate_batch] DENOISE_STEPS total=803.6ms steps=[s0=197.3 s1=200.3 s2=205.6 s3=200.4] n_steps=4 batch_size=2
2026-08-02 22:42:18+05:30 2026-08-02 17:12:18,898 [INFO] streaming.state_manager: [SM] LIVE -> TRANSITION_TO_IDLE (crossfade 8 frames)
2026-08-02 22:42:19+05:30 2026-08-02 17:12:19,217 [INFO] streaming.state_manager: [SM] TRANSITION_TO_IDLE -> IDLE
2026-08-02 22:42:19+05:30 2026-08-02 17:12:19,387 [INFO] batched_stream_processor: BATCHED_DRAIN_COMPLETED session=conc-test-2-bdbbb6 cycles=290 elapsed=31239.4ms keep_alive=True
2026-08-02 22:42:19+05:30 2026-08-02 17:12:19,414 [INFO] batched_stream_processor: BATCHED_DRAIN_STARTED session=conc-test-2-bdbbb6 keep_alive=True
2026-08-02 22:42:19+05:30 2026-08-02 17:12:19,414 [INFO] BatchedStreamingEngine: Session conc-test-2-bdbbb6 marked for drain (keep_alive=True)
2026-08-02 22:42:19+05:30 2026-08-02 17:12:19,452 [INFO] VideoPublisher: VIDEO_PUBLISH_METRICS windowMs=5040 frames=126 effectiveFps=25.0 liveFrames=51 repeatedLiveFrames=30 idleFrames=45 desyncPct=59.5 maxGapMs=50.9 maxCaptureMs=0.8
2026-08-02 22:42:20+05:30 2026-08-02 17:12:20.141 | INFO     | flash_head.src.pipeline.flash_head_pipeline:generate_batch:538 - [generate_batch] GPU_BREAKDOWN denoise=799.6ms decode=360.6ms color+encode=140.5ms total=1301.0ms batch_size=2
2026-08-02 22:42:20+05:30 2026-08-02 17:12:20.141 | INFO     | flash_head.src.pipeline.flash_head_pipeline:generate_batch:545 - [generate_batch] DENOISE_STEPS total=799.6ms steps=[s0=198.2 s1=200.6 s2=200.5 s3=200.2] n_steps=4 batch_size=2
2026-08-02 22:42:21+05:30 2026-08-02 17:12:21,621 [INFO] streaming.state_manager: [SM] LIVE -> TRANSITION_TO_IDLE (crossfade 8 frames)
2026-08-02 22:42:21+05:30 2026-08-02 17:12:21,652 [INFO] streaming.state_manager: [SM] LIVE -> TRANSITION_TO_IDLE (crossfade 8 frames)
2026-08-02 22:42:21+05:30 2026-08-02 17:12:21,939 [INFO] streaming.state_manager: [SM] TRANSITION_TO_IDLE -> IDLE
2026-08-02 22:42:21+05:30 2026-08-02 17:12:21,970 [INFO] streaming.state_manager: [SM] TRANSITION_TO_IDLE -> IDLE
2026-08-02 22:42:22+05:30 2026-08-02 17:12:22,019 [INFO] VideoPublisher: VIDEO_PUBLISH_METRICS windowMs=5039 frames=126 effectiveFps=25.0 liveFrames=17 repeatedLiveFrames=12 idleFrames=97 desyncPct=86.5 maxGapMs=46.8 maxCaptureMs=0.7
2026-08-02 22:42:22+05:30 2026-08-02 17:12:22.181 | INFO     | flash_head.src.pipeline.flash_head_pipeline:generate_batch:538 - [generate_batch] GPU_BREAKDOWN denoise=1187.8ms decode=526.6ms color+encode=212.0ms total=1927.5ms batch_size=3
2026-08-02 22:42:22+05:30 2026-08-02 17:12:22.181 | INFO     | flash_head.src.pipeline.flash_head_pipeline:generate_batch:545 - [generate_batch] DENOISE_STEPS total=1187.8ms steps=[s0=292.4 s1=293.7 s2=306.2 s3=295.6] n_steps=4 batch_size=3
2026-08-02 22:42:22+05:30 2026-08-02 17:12:22,219 [INFO] streaming.state_manager: [SM] IDLE -> TRANSITION_TO_LIVE (crossfade 8 frames, queue=24)
2026-08-02 22:42:22+05:30 2026-08-02 17:12:22,250 [INFO] streaming.state_manager: [SM] IDLE -> TRANSITION_TO_LIVE (crossfade 8 frames, queue=24)
2026-08-02 22:42:22+05:30 2026-08-02 17:12:22,303 [INFO] streaming.state_manager: [SM] IDLE -> TRANSITION_TO_LIVE (crossfade 8 frames, queue=24)
2026-08-02 22:42:22+05:30 2026-08-02 17:12:22,538 [INFO] streaming.state_manager: [SM] TRANSITION_TO_LIVE -> LIVE
2026-08-02 22:42:22+05:30 2026-08-02 17:12:22,572 [INFO] streaming.state_manager: [SM] TRANSITION_TO_LIVE -> LIVE
2026-08-02 22:42:22+05:30 2026-08-02 17:12:22,617 [INFO] streaming.state_manager: [SM] TRANSITION_TO_LIVE -> LIVE
2026-08-02 22:42:22+05:30 [METRICS] GPU_util=98% GPU_temp=60C GPU_mem=4.1GB/22.1GB (reserved=9.4GB) RSS=11767MB CPU_user=145.1s CPU_sys=14.9s sessions=3 pool=4/4
2026-08-02 22:42:23+05:30 2026-08-02 17:12:23,621 [INFO] VideoPublisher: VIDEO_PUBLISH_METRICS windowMs=5039 frames=126 effectiveFps=25.0 liveFrames=65 repeatedLiveFrames=38 idleFrames=23 desyncPct=48.4 maxGapMs=43.8 maxCaptureMs=0.7
2026-08-02 22:42:23+05:30 2026-08-02 17:12:23,699 [INFO] streaming.state_manager: [SM] LIVE -> TRANSITION_TO_IDLE (crossfade 8 frames)
2026-08-02 22:42:23+05:30 2026-08-02 17:12:23,731 [INFO] streaming.state_manager: [SM] LIVE -> TRANSITION_TO_IDLE (crossfade 8 frames)
2026-08-02 22:42:23+05:30 2026-08-02 17:12:23,779 [INFO] streaming.state_manager: [SM] LIVE -> TRANSITION_TO_IDLE (crossfade 8 frames)
2026-08-02 22:42:24+05:30 2026-08-02 17:12:24,019 [INFO] streaming.state_manager: [SM] TRANSITION_TO_IDLE -> IDLE
2026-08-02 22:42:24+05:30 2026-08-02 17:12:24,051 [INFO] streaming.state_manager: [SM] TRANSITION_TO_IDLE -> IDLE
2026-08-02 22:42:24+05:30 2026-08-02 17:12:24,098 [INFO] streaming.state_manager: [SM] TRANSITION_TO_IDLE -> IDLE
2026-08-02 22:42:24+05:30 2026-08-02 17:12:24.257 | INFO     | flash_head.src.pipeline.flash_head_pipeline:generate_batch:538 - [generate_batch] GPU_BREAKDOWN denoise=1187.8ms decode=528.9ms color+encode=213.0ms total=1930.2ms batch_size=3
2026-08-02 22:42:24+05:30 2026-08-02 17:12:24.257 | INFO     | flash_head.src.pipeline.flash_head_pipeline:generate_batch:545 - [generate_batch] DENOISE_STEPS total=1187.8ms steps=[s0=291.8 s1=296.5 s2=301.7 s3=297.8] n_steps=4 batch_size=3
2026-08-02 22:42:24+05:30 2026-08-02 17:12:24,297 [INFO] streaming.state_manager: [SM] IDLE -> TRANSITION_TO_LIVE (crossfade 8 frames, queue=24)
2026-08-02 22:42:24+05:30 2026-08-02 17:12:24,330 [INFO] streaming.state_manager: [SM] IDLE -> TRANSITION_TO_LIVE (crossfade 8 frames, queue=24)
2026-08-02 22:42:24+05:30 2026-08-02 17:12:24,352 [INFO] BatchedStreamingEngine: cycle=50 batch=3 sessions=['conc-test-1-909b85', 'conc-test-3-e61f52', 'conc-test-2-bdbbb6'] embed=47.6ms infer=1930.6ms xfer=94.0ms total=2072.4ms
2026-08-02 22:42:24+05:30 2026-08-02 17:12:24,377 [INFO] streaming.state_manager: [SM] IDLE -> TRANSITION_TO_LIVE (crossfade 8 frames, queue=24)
2026-08-02 22:42:24+05:30 2026-08-02 17:12:24,492 [INFO] VideoPublisher: VIDEO_PUBLISH_METRICS windowMs=5039 frames=126 effectiveFps=25.0 liveFrames=48 repeatedLiveFrames=35 idleFrames=43 desyncPct=61.9 maxGapMs=44.6 maxCaptureMs=0.7
2026-08-02 22:42:24+05:30 2026-08-02 17:12:24,619 [INFO] streaming.state_manager: [SM] TRANSITION_TO_LIVE -> LIVE
2026-08-02 22:42:24+05:30 2026-08-02 17:12:24,650 [INFO] streaming.state_manager: [SM] TRANSITION_TO_LIVE -> LIVE
2026-08-02 22:42:24+05:30 2026-08-02 17:12:24,697 [INFO] streaming.state_manager: [SM] TRANSITION_TO_LIVE -> LIVE
2026-08-02 22:42:25+05:30 2026-08-02 17:12:25,780 [INFO] streaming.state_manager: [SM] LIVE -> TRANSITION_TO_IDLE (crossfade 8 frames)
2026-08-02 22:42:25+05:30 2026-08-02 17:12:25,811 [INFO] streaming.state_manager: [SM] LIVE -> TRANSITION_TO_IDLE (crossfade 8 frames)
2026-08-02 22:42:25+05:30 2026-08-02 17:12:25,859 [INFO] streaming.state_manager: [SM] LIVE -> TRANSITION_TO_IDLE (crossfade 8 frames)
2026-08-02 22:42:26+05:30 2026-08-02 17:12:26,098 [INFO] streaming.state_manager: [SM] TRANSITION_TO_IDLE -> IDLE
2026-08-02 22:42:26+05:30 2026-08-02 17:12:26,131 [INFO] streaming.state_manager: [SM] TRANSITION_TO_IDLE -> IDLE
2026-08-02 22:42:26+05:30 2026-08-02 17:12:26,178 [INFO] streaming.state_manager: [SM] TRANSITION_TO_IDLE -> IDLE
2026-08-02 22:42:26+05:30 2026-08-02 17:12:26.321 | INFO     | flash_head.src.pipeline.flash_head_pipeline:generate_batch:538 - [generate_batch] GPU_BREAKDOWN denoise=1184.3ms decode=524.0ms color+encode=210.8ms total=1919.6ms batch_size=3
2026-08-02 22:42:26+05:30 2026-08-02 17:12:26.321 | INFO     | flash_head.src.pipeline.flash_head_pipeline:generate_batch:545 - [generate_batch] DENOISE_STEPS total=1184.3ms steps=[s0=291.3 s1=296.0 s2=298.7 s3=298.3] n_steps=4 batch_size=3
2026-08-02 22:42:26+05:30 2026-08-02 17:12:26,379 [INFO] streaming.state_manager: [SM] IDLE -> TRANSITION_TO_LIVE (crossfade 8 frames, queue=24)
2026-08-02 22:42:26+05:30 2026-08-02 17:12:26,412 [INFO] streaming.state_manager: [SM] IDLE -> TRANSITION_TO_LIVE (crossfade 8 frames, queue=24)
2026-08-02 22:42:26+05:30 2026-08-02 17:12:26,424 [INFO] streaming.state_manager: [SM] IDLE -> TRANSITION_TO_LIVE (crossfade 8 frames, queue=24)
2026-08-02 22:42:26+05:30 2026-08-02 17:12:26,699 [INFO] streaming.state_manager: [SM] TRANSITION_TO_LIVE -> LIVE
2026-08-02 22:42:26+05:30 2026-08-02 17:12:26,730 [INFO] streaming.state_manager: [SM] TRANSITION_TO_LIVE -> LIVE
2026-08-02 22:42:26+05:30 2026-08-02 17:12:26,737 [INFO] streaming.state_manager: [SM] TRANSITION_TO_LIVE -> LIVE
2026-08-02 22:42:27+05:30 2026-08-02 17:12:27,019 [INFO] VideoPublisher: VIDEO_PUBLISH_METRICS windowMs=5000 frames=125 effectiveFps=25.0 liveFrames=42 repeatedLiveFrames=24 idleFrames=59 desyncPct=66.4 maxGapMs=51.2 maxCaptureMs=0.7
2026-08-02 22:42:27+05:30 2026-08-02 17:12:27,861 [INFO] streaming.state_manager: [SM] LIVE -> TRANSITION_TO_IDLE (crossfade 8 frames)
2026-08-02 22:42:27+05:30 2026-08-02 17:12:27,892 [INFO] streaming.state_manager: [SM] LIVE -> TRANSITION_TO_IDLE (crossfade 8 frames)
2026-08-02 22:42:27+05:30 2026-08-02 17:12:27,899 [INFO] streaming.state_manager: [SM] LIVE -> TRANSITION_TO_IDLE (crossfade 8 frames)
2026-08-02 22:42:27+05:30 [METRICS] GPU_util=99% GPU_temp=60C GPU_mem=4.2GB/22.1GB (reserved=9.4GB) RSS=11767MB CPU_user=153.2s CPU_sys=15.6s sessions=3 pool=4/4
2026-08-02 22:42:28+05:30 2026-08-02 17:12:28,177 [INFO] streaming.state_manager: [SM] TRANSITION_TO_IDLE -> IDLE
2026-08-02 22:42:28+05:30 2026-08-02 17:12:28,210 [INFO] streaming.state_manager: [SM] TRANSITION_TO_IDLE -> IDLE
2026-08-02 22:42:28+05:30 2026-08-02 17:12:28,217 [INFO] streaming.state_manager: [SM] TRANSITION_TO_IDLE -> IDLE
2026-08-02 22:42:28+05:30 2026-08-02 17:12:28,249 [INFO] handler: UTTERANCE_END_RECEIVED session=conc-test-1-909b85
2026-08-02 22:42:28+05:30 2026-08-02 17:12:28.398 | INFO     | flash_head.src.pipeline.flash_head_pipeline:generate_batch:538 - [generate_batch] GPU_BREAKDOWN denoise=1184.5ms decode=529.2ms color+encode=216.0ms total=1930.7ms batch_size=3
2026-08-02 22:42:28+05:30 2026-08-02 17:12:28.398 | INFO     | flash_head.src.pipeline.flash_head_pipeline:generate_batch:545 - [generate_batch] DENOISE_STEPS total=1184.5ms steps=[s0=291.3 s1=294.9 s2=303.7 s3=294.6] n_steps=4 batch_size=3
2026-08-02 22:42:28+05:30 2026-08-02 17:12:28,457 [INFO] streaming.state_manager: [SM] IDLE -> TRANSITION_TO_LIVE (crossfade 8 frames, queue=24)
2026-08-02 22:42:28+05:30 2026-08-02 17:12:28,490 [INFO] streaming.state_manager: [SM] IDLE -> TRANSITION_TO_LIVE (crossfade 8 frames, queue=24)
2026-08-02 22:42:28+05:30 2026-08-02 17:12:28,499 [INFO] streaming.state_manager: [SM] IDLE -> TRANSITION_TO_LIVE (crossfade 8 frames, queue=24)
2026-08-02 22:42:28+05:30 2026-08-02 17:12:28,661 [INFO] VideoPublisher: VIDEO_PUBLISH_METRICS windowMs=5040 frames=126 effectiveFps=25.0 liveFrames=34 repeatedLiveFrames=25 idleFrames=67 desyncPct=73.0 maxGapMs=43.6 maxCaptureMs=0.8
2026-08-02 22:42:28+05:30 2026-08-02 17:12:28,779 [INFO] streaming.state_manager: [SM] TRANSITION_TO_LIVE -> LIVE
2026-08-02 22:42:28+05:30 2026-08-02 17:12:28,810 [INFO] streaming.state_manager: [SM] TRANSITION_TO_LIVE -> LIVE
2026-08-02 22:42:28+05:30 2026-08-02 17:12:28,817 [INFO] streaming.state_manager: [SM] TRANSITION_TO_LIVE -> LIVE
2026-08-02 22:42:29+05:30 2026-08-02 17:12:29,172 [INFO] streaming.state_manager: [SM] Adaptive caps: p95_ms=2075 buffer=52 peak=76 MAX=98 TARGET=78
2026-08-02 22:42:29+05:30 2026-08-02 17:12:29,532 [INFO] VideoPublisher: VIDEO_PUBLISH_METRICS windowMs=5040 frames=126 effectiveFps=25.0 liveFrames=51 repeatedLiveFrames=26 idleFrames=49 desyncPct=59.5 maxGapMs=51.9 maxCaptureMs=0.8
2026-08-02 22:42:29+05:30 2026-08-02 17:12:29,939 [INFO] streaming.state_manager: [SM] LIVE -> TRANSITION_TO_IDLE (crossfade 8 frames)
2026-08-02 22:42:29+05:30 2026-08-02 17:12:29,972 [INFO] streaming.state_manager: [SM] LIVE -> TRANSITION_TO_IDLE (crossfade 8 frames)
2026-08-02 22:42:29+05:30 2026-08-02 17:12:29,978 [INFO] streaming.state_manager: [SM] LIVE -> TRANSITION_TO_IDLE (crossfade 8 frames)
2026-08-02 22:42:30+05:30 2026-08-02 17:12:30,259 [INFO] streaming.state_manager: [SM] TRANSITION_TO_IDLE -> IDLE
2026-08-02 22:42:30+05:30 2026-08-02 17:12:30,290 [INFO] streaming.state_manager: [SM] TRANSITION_TO_IDLE -> IDLE
2026-08-02 22:42:30+05:30 2026-08-02 17:12:30,297 [INFO] streaming.state_manager: [SM] TRANSITION_TO_IDLE -> IDLE
2026-08-02 22:42:30+05:30 2026-08-02 17:12:30.475 | INFO     | flash_head.src.pipeline.flash_head_pipeline:generate_batch:538 - [generate_batch] GPU_BREAKDOWN denoise=1187.7ms decode=532.3ms color+encode=213.4ms total=1934.1ms batch_size=3
2026-08-02 22:42:30+05:30 2026-08-02 17:12:30.475 | INFO     | flash_head.src.pipeline.flash_head_pipeline:generate_batch:545 - [generate_batch] DENOISE_STEPS total=1187.7ms steps=[s0=295.2 s1=293.8 s2=303.1 s3=295.6] n_steps=4 batch_size=3
2026-08-02 22:42:30+05:30 2026-08-02 17:12:30,528 [INFO] handler: UTTERANCE_END_RECEIVED session=conc-test-2-bdbbb6
2026-08-02 22:42:30+05:30 2026-08-02 17:12:30,538 [INFO] streaming.state_manager: [SM] IDLE -> TRANSITION_TO_LIVE (crossfade 8 frames, queue=24)
2026-08-02 22:42:30+05:30 2026-08-02 17:12:30,577 [INFO] streaming.state_manager: [SM] IDLE -> TRANSITION_TO_LIVE (crossfade 8 frames, queue=24)
2026-08-02 22:42:30+05:30 2026-08-02 17:12:30,578 [INFO] streaming.state_manager: [SM] IDLE -> TRANSITION_TO_LIVE (crossfade 8 frames, queue=24)
2026-08-02 22:42:30+05:30 2026-08-02 17:12:30,858 [INFO] streaming.state_manager: [SM] TRANSITION_TO_LIVE -> LIVE
2026-08-02 22:42:30+05:30 2026-08-02 17:12:30,890 [INFO] streaming.state_manager: [SM] TRANSITION_TO_LIVE -> LIVE
2026-08-02 22:42:30+05:30 2026-08-02 17:12:30,897 [INFO] streaming.state_manager: [SM] TRANSITION_TO_LIVE -> LIVE
2026-08-02 22:42:31+05:30 2026-08-02 17:12:31,632 [INFO] batched_stream_processor: [BATCHED-DIAG] {'event': 'participant_disconnected', 't': 81.125, 'identity': 'viewer-manual-conc-test-2-bdbbb6'}
2026-08-02 22:42:31+05:30 2026-08-02 17:12:31,783 [INFO] handler: UTTERANCE_END_RECEIVED session=conc-test-3-e61f52
2026-08-02 22:42:32+05:30 2026-08-02 17:12:32,020 [INFO] VideoPublisher: VIDEO_PUBLISH_METRICS windowMs=5001 frames=125 effectiveFps=25.0 liveFrames=43 repeatedLiveFrames=36 idleFrames=46 desyncPct=65.6 maxGapMs=46.9 maxCaptureMs=0.8
2026-08-02 22:42:32+05:30 2026-08-02 17:12:32,023 [INFO] streaming.state_manager: [SM] LIVE -> TRANSITION_TO_IDLE (crossfade 8 frames)
2026-08-02 22:42:32+05:30 2026-08-02 17:12:32,052 [INFO] streaming.state_manager: [SM] LIVE -> TRANSITION_TO_IDLE (crossfade 8 frames)
2026-08-02 22:42:32+05:30 2026-08-02 17:12:32,059 [INFO] streaming.state_manager: [SM] LIVE -> TRANSITION_TO_IDLE (crossfade 8 frames)
2026-08-02 22:42:32+05:30 2026-08-02 17:12:32,339 [INFO] streaming.state_manager: [SM] TRANSITION_TO_IDLE -> IDLE
2026-08-02 22:42:32+05:30 2026-08-02 17:12:32,370 [INFO] streaming.state_manager: [SM] TRANSITION_TO_IDLE -> IDLE
2026-08-02 22:42:32+05:30 2026-08-02 17:12:32,376 [INFO] streaming.state_manager: [SM] TRANSITION_TO_IDLE -> IDLE
2026-08-02 22:42:32+05:30 2026-08-02 17:12:32.555 | INFO     | flash_head.src.pipeline.flash_head_pipeline:generate_batch:538 - [generate_batch] GPU_BREAKDOWN denoise=1186.0ms decode=533.0ms color+encode=213.7ms total=1933.2ms batch_size=3
2026-08-02 22:42:32+05:30 2026-08-02 17:12:32.555 | INFO     | flash_head.src.pipeline.flash_head_pipeline:generate_batch:545 - [generate_batch] DENOISE_STEPS total=1186.0ms steps=[s0=293.5 s1=293.6 s2=303.4 s3=295.4] n_steps=4 batch_size=3
2026-08-02 22:42:32+05:30 2026-08-02 17:12:32,618 [INFO] streaming.state_manager: [SM] IDLE -> TRANSITION_TO_LIVE (crossfade 8 frames, queue=24)
2026-08-02 22:42:32+05:30 2026-08-02 17:12:32,650 [INFO] BatchedStreamingEngine: Session conc-test-1-909b85 reactivated (keep_alive)
2026-08-02 22:42:32+05:30 2026-08-02 17:12:32,657 [INFO] streaming.state_manager: [SM] IDLE -> TRANSITION_TO_LIVE (crossfade 8 frames, queue=24)
2026-08-02 22:42:32+05:30 2026-08-02 17:12:32,658 [INFO] streaming.state_manager: [SM] IDLE -> TRANSITION_TO_LIVE (crossfade 8 frames, queue=24)
2026-08-02 22:42:32+05:30 2026-08-02 17:12:32,940 [INFO] streaming.state_manager: [SM] TRANSITION_TO_LIVE -> LIVE
2026-08-02 22:42:32+05:30 [METRICS] GPU_util=45% GPU_temp=61C GPU_mem=4.1GB/22.1GB (reserved=9.4GB) RSS=11767MB CPU_user=160.9s CPU_sys=16.3s sessions=3 pool=4/4
2026-08-02 22:42:32+05:30 2026-08-02 17:12:32,969 [INFO] streaming.state_manager: [SM] TRANSITION_TO_LIVE -> LIVE
2026-08-02 22:42:32+05:30 2026-08-02 17:12:32,977 [INFO] streaming.state_manager: [SM] TRANSITION_TO_LIVE -> LIVE
2026-08-02 22:42:33+05:30 2026-08-02 17:12:33,701 [INFO] VideoPublisher: VIDEO_PUBLISH_METRICS windowMs=5040 frames=126 effectiveFps=25.0 liveFrames=51 repeatedLiveFrames=27 idleFrames=48 desyncPct=59.5 maxGapMs=43.6 maxCaptureMs=0.7
2026-08-02 22:42:33+05:30 2026-08-02 17:12:33.988 | INFO     | flash_head.src.pipeline.flash_head_pipeline:generate_batch:538 - [generate_batch] GPU_BREAKDOWN denoise=798.9ms decode=365.1ms color+encode=140.7ms total=1305.1ms batch_size=2
2026-08-02 22:42:33+05:30 2026-08-02 17:12:33.988 | INFO     | flash_head.src.pipeline.flash_head_pipeline:generate_batch:545 - [generate_batch] DENOISE_STEPS total=798.9ms steps=[s0=197.9 s1=200.5 s2=200.4 s3=200.1] n_steps=4 batch_size=2
2026-08-02 22:42:34+05:30 2026-08-02 17:12:34,102 [INFO] streaming.state_manager: [SM] LIVE -> TRANSITION_TO_IDLE (crossfade 8 frames)
2026-08-02 22:42:34+05:30 2026-08-02 17:12:34,121 [INFO] handler: WS_CLOSED session=conc-test-1-909b85 ip=172.20.16.49
2026-08-02 22:42:34+05:30 2026-08-02 17:12:34,121 [INFO] handler: WS_CONNECTION_LOST session=conc-test-1-909b85 ip=172.20.16.49
2026-08-02 22:42:34+05:30 2026-08-02 17:12:34,121 [INFO] aiohttp.access: 172.20.16.49 [02/Aug/2026:17:11:10 +0000] "GET /ws/conc-test-1-909b85 HTTP/1.1" 101 0 "-" "Python/3.14 websockets/16.1.1"
2026-08-02 22:42:34+05:30 2026-08-02 17:12:34,124 [INFO] handler: WS_CLOSED session=conc-test-3-e61f52 ip=172.20.16.49
2026-08-02 22:42:34+05:30 2026-08-02 17:12:34,125 [INFO] handler: WS_CONNECTION_LOST session=conc-test-3-e61f52 ip=172.20.16.49
2026-08-02 22:42:34+05:30 2026-08-02 17:12:34,125 [INFO] aiohttp.access: 172.20.16.49 [02/Aug/2026:17:11:31 +0000] "GET /ws/conc-test-3-e61f52 HTTP/1.1" 101 0 "-" "Python/3.14 websockets/16.1.1"
2026-08-02 22:42:34+05:30 2026-08-02 17:12:34,127 [INFO] handler: WS_CLOSED session=conc-test-2-bdbbb6 ip=172.20.16.49
2026-08-02 22:42:34+05:30 2026-08-02 17:12:34,127 [INFO] handler: WS_CONNECTION_LOST session=conc-test-2-bdbbb6 ip=172.20.16.49
2026-08-02 22:42:34+05:30 2026-08-02 17:12:34,127 [INFO] aiohttp.access: 172.20.16.49 [02/Aug/2026:17:11:43 +0000] "GET /ws/conc-test-2-bdbbb6 HTTP/1.1" 101 0 "-" "Python/3.14 websockets/16.1.1"
2026-08-02 22:42:34+05:30 CONNECT /ws/conc-test-3-e61f52 -> 101 Switching Protocols  (duration: 63.4 s, execution: 63.2 s)
2026-08-02 22:42:34+05:30 CONNECT /ws/conc-test-1-909b85 -> 101 Switching Protocols  (duration: 83.5 s, execution: 83.3 s)
2026-08-02 22:42:34+05:30 CONNECT /ws/conc-test-2-bdbbb6 -> 101 Switching Protocols  (duration: 50.9 s, execution: 50.7 s)
2026-08-02 22:42:34+05:30 2026-08-02 17:12:34,417 [INFO] streaming.state_manager: [SM] TRANSITION_TO_IDLE -> IDLE
2026-08-02 22:42:34+05:30 2026-08-02 17:12:34,533 [INFO] VideoPublisher: VIDEO_PUBLISH_METRICS windowMs=5001 frames=125 effectiveFps=25.0 liveFrames=47 repeatedLiveFrames=32 idleFrames=46 desyncPct=62.4 maxGapMs=56.3 maxCaptureMs=1.0
2026-08-02 22:42:34+05:30 2026-08-02 17:12:34,570 [INFO] batched_stream_processor: BATCHED_DRAIN_COMPLETED session=conc-test-1-909b85 cycles=330 elapsed=35244.9ms keep_alive=True
2026-08-02 22:42:34+05:30 2026-08-02 17:12:34,633 [INFO] batched_stream_processor: [BATCHED-DIAG] {'event': 'participant_disconnected', 't': 84.127, 'identity': 'viewer-script-conc-test-2-bdbbb6'}
2026-08-02 22:42:34+05:30 2026-08-02 17:12:34,642 [INFO] batched_stream_processor: BATCHED_DRAIN_STARTED session=conc-test-1-909b85 keep_alive=True
2026-08-02 22:42:34+05:30 2026-08-02 17:12:34,642 [INFO] BatchedStreamingEngine: Session conc-test-1-909b85 marked for drain (keep_alive=True)
2026-08-02 22:42:34+05:30 2026-08-02 17:12:34,707 [INFO] batched_stream_processor: [BATCHED-DIAG] {'event': 'participant_disconnected', 't': 81.095, 'identity': 'viewer-script-conc-test-3-e61f52'}
2026-08-02 22:42:35+05:30 2026-08-02 17:12:35,336 [INFO] BatchedStreamingEngine: Session conc-test-3-e61f52 marked for drain (keep_alive=False)
2026-08-02 22:42:35+05:30 2026-08-02 17:12:35,337 [INFO] streaming.websocket_server: Unregistered WebSocket session: conc-test-3-e61f52
2026-08-02 22:42:35+05:30 2026-08-02 17:12:35,368 [INFO] batched_stream_processor: [BATCHED-DIAG] {'event': 'connection_state_changed', 't': 81.757, 'state': '0'}
2026-08-02 22:42:35+05:30 2026-08-02 17:12:35,369 [INFO] aiohttp.access: 172.20.16.49 [02/Aug/2026:17:12:35 +0000] "POST /sessions/conc-test-3-e61f52/end HTTP/1.1" 200 232 "-" "Python/3.14 aiohttp/3.14.1"
2026-08-02 22:42:35+05:30 2026-08-02 17:12:35,376 [INFO] livekit: livekit::room:1687:livekit::room - disconnected from room with reason: ClientInitiated
2026-08-02 22:42:35+05:30 2026-08-02 17:12:35.425 | INFO     | flash_head.src.pipeline.flash_head_pipeline:generate_batch:538 - [generate_batch] GPU_BREAKDOWN denoise=801.3ms decode=362.9ms color+encode=171.9ms total=1336.7ms batch_size=2
2026-08-02 22:42:35+05:30 2026-08-02 17:12:35.425 | INFO     | flash_head.src.pipeline.flash_head_pipeline:generate_batch:545 - [generate_batch] DENOISE_STEPS total=801.3ms steps=[s0=199.1 s1=200.8 s2=200.7 s3=200.7] n_steps=4 batch_size=2
2026-08-02 22:42:35+05:30 2026-08-02 17:12:35,447 [INFO] BatchedStreamingEngine: Session conc-test-2-bdbbb6 marked for drain (keep_alive=False)
2026-08-02 22:42:35+05:30 2026-08-02 17:12:35,447 [INFO] streaming.websocket_server: Unregistered WebSocket session: conc-test-2-bdbbb6
2026-08-02 22:42:35+05:30 2026-08-02 17:12:35,456 [INFO] BatchedStreamingEngine: Session conc-test-1-909b85 marked for drain (keep_alive=False)
2026-08-02 22:42:35+05:30 2026-08-02 17:12:35,456 [INFO] streaming.websocket_server: Unregistered WebSocket session: conc-test-1-909b85
2026-08-02 22:42:35+05:30 2026-08-02 17:12:35,474 [INFO] batched_stream_processor: [BATCHED-DIAG] {'event': 'connection_state_changed', 't': 84.967, 'state': '0'}
2026-08-02 22:42:35+05:30 2026-08-02 17:12:35,476 [INFO] batched_stream_processor: [BATCHED-DIAG] {'event': 'disconnected', 't': 84.969, 'state': '0', 'reason': '1'}
2026-08-02 22:42:35+05:30 2026-08-02 17:12:35,476 [INFO] livekit: livekit::room:1687:livekit::room - disconnected from room with reason: ClientInitiated
2026-08-02 22:42:35+05:30 2026-08-02 17:12:35,479 [INFO] aiohttp.access: 172.20.16.49 [02/Aug/2026:17:12:35 +0000] "POST /sessions/conc-test-2-bdbbb6/end HTTP/1.1" 200 232 "-" "Python/3.14 aiohttp/3.14.1"
2026-08-02 22:42:35+05:30 2026-08-02 17:12:35,491 [INFO] BatchedStreamingEngine: Session conc-test-3-e61f52 removed (total=2)
2026-08-02 22:42:35+05:30    POST /sessions/conc-test-3-e61f52/end -> 200 OK  (duration: 466.1 ms, execution: 333.1 ms)
2026-08-02 22:42:35+05:30    POST /sessions/conc-test-2-bdbbb6/end -> 200 OK  (duration: 533.7 ms, execution: 342.5 ms)
2026-08-02 22:42:35+05:30 2026-08-02 17:12:35,822 [INFO] batched_stream_processor: [BATCHED-DIAG] {'event': 'connection_state_changed', 't': 88.126, 'state': '0'}
2026-08-02 22:42:35+05:30 2026-08-02 17:12:35,823 [INFO] batched_stream_processor: [BATCHED-DIAG] {'event': 'disconnected', 't': 88.127, 'state': '0', 'reason': '1'}
2026-08-02 22:42:35+05:30 2026-08-02 17:12:35,825 [INFO] aiohttp.access: 172.20.16.49 [02/Aug/2026:17:12:35 +0000] "POST /sessions/conc-test-1-909b85/end HTTP/1.1" 200 232 "-" "Python/3.14 aiohttp/3.14.1"
2026-08-02 22:42:35+05:30 2026-08-02 17:12:35,826 [INFO] livekit: livekit::room:1687:livekit::room - disconnected from room with reason: ClientInitiated
2026-08-02 22:42:36+05:30    POST /sessions/conc-test-1-909b85/end -> 200 OK  (duration: 871.6 ms, execution: 683.7 ms)
2026-08-02 22:42:36+05:30 2026-08-02 17:12:36.819 | INFO     | flash_head.src.pipeline.flash_head_pipeline:generate_batch:538 - [generate_batch] GPU_BREAKDOWN denoise=803.6ms decode=356.7ms color+encode=137.7ms total=1298.4ms batch_size=2
2026-08-02 22:42:36+05:30 2026-08-02 17:12:36.819 | INFO     | flash_head.src.pipeline.flash_head_pipeline:generate_batch:545 - [generate_batch] DENOISE_STEPS total=803.6ms steps=[s0=213.6 s1=197.1 s2=196.0 s3=197.0] n_steps=4 batch_size=2
2026-08-02 22:42:37+05:30 [METRICS] GPU_util=100% GPU_temp=62C GPU_mem=4.1GB/22.1GB (reserved=9.4GB) RSS=11767MB CPU_user=167.5s CPU_sys=16.8s sessions=0 pool=4/4
2026-08-02 22:42:38+05:30 2026-08-02 17:12:38.184 | INFO     | flash_head.src.pipeline.flash_head_pipeline:generate_batch:538 - [generate_batch] GPU_BREAKDOWN denoise=783.1ms decode=352.5ms color+encode=137.1ms total=1273.1ms batch_size=2
2026-08-02 22:42:38+05:30 2026-08-02 17:12:38.184 | INFO     | flash_head.src.pipeline.flash_head_pipeline:generate_batch:545 - [generate_batch] DENOISE_STEPS total=783.1ms steps=[s0=194.2 s1=196.3 s2=196.3 s3=196.2] n_steps=4 batch_size=2
2026-08-02 22:42:39+05:30 2026-08-02 17:12:39.556 | INFO     | flash_head.src.pipeline.flash_head_pipeline:generate_batch:538 - [generate_batch] GPU_BREAKDOWN denoise=783.4ms decode=355.4ms color+encode=138.0ms total=1277.2ms batch_size=2
2026-08-02 22:42:39+05:30 2026-08-02 17:12:39.556 | INFO     | flash_head.src.pipeline.flash_head_pipeline:generate_batch:545 - [generate_batch] DENOISE_STEPS total=783.4ms steps=[s0=193.1 s1=197.4 s2=196.2 s3=196.8] n_steps=4 batch_size=2
2026-08-02 22:42:40+05:30 2026-08-02 17:12:40.924 | INFO     | flash_head.src.pipeline.flash_head_pipeline:generate_batch:538 - [generate_batch] GPU_BREAKDOWN denoise=782.7ms decode=355.2ms color+encode=136.8ms total=1275.0ms batch_size=2
2026-08-02 22:42:40+05:30 2026-08-02 17:12:40.924 | INFO     | flash_head.src.pipeline.flash_head_pipeline:generate_batch:545 - [generate_batch] DENOISE_STEPS total=782.7ms steps=[s0=194.2 s1=195.7 s2=196.7 s3=196.1] n_steps=4 batch_size=2
2026-08-02 22:42:40+05:30 2026-08-02 17:12:40,991 [INFO] BatchedStreamingEngine: cycle=60 batch=2 sessions=['conc-test-1-909b85', 'conc-test-2-bdbbb6'] embed=30.2ms infer=1275.5ms xfer=66.4ms total=1372.2ms
2026-08-02 22:42:42+05:30 2026-08-02 17:12:42.303 | INFO     | flash_head.src.pipeline.flash_head_pipeline:generate_batch:538 - [generate_batch] GPU_BREAKDOWN denoise=784.2ms decode=359.4ms color+encode=137.2ms total=1281.1ms batch_size=2
2026-08-02 22:42:42+05:30 2026-08-02 17:12:42.303 | INFO     | flash_head.src.pipeline.flash_head_pipeline:generate_batch:545 - [generate_batch] DENOISE_STEPS total=784.2ms steps=[s0=194.8 s1=196.3 s2=196.6 s3=196.5] n_steps=4 batch_size=2
2026-08-02 22:42:43+05:30 [METRICS] GPU_util=100% GPU_temp=62C GPU_mem=4.1GB/22.1GB (reserved=9.4GB) RSS=11767MB CPU_user=172.2s CPU_sys=17.3s sessions=0 pool=4/4
2026-08-02 22:42:43+05:30 2026-08-02 17:12:43,276 [INFO] aiohttp.access: 172.20.16.49 [02/Aug/2026:17:12:43 +0000] "GET /readyz HTTP/1.1" 200 399 "-" "Python/3.14 aiohttp/3.14.1"
2026-08-02 22:42:43+05:30     GET /readyz -> 200 OK  (duration: 227.5 ms, execution: 102.0 ms)
2026-08-02 22:42:43+05:30 2026-08-02 17:12:43.682 | INFO     | flash_head.src.pipeline.flash_head_pipeline:generate_batch:538 - [generate_batch] GPU_BREAKDOWN denoise=784.6ms decode=356.8ms color+encode=137.1ms total=1278.9ms batch_size=2
2026-08-02 22:42:43+05:30 2026-08-02 17:12:43.683 | INFO     | flash_head.src.pipeline.flash_head_pipeline:generate_batch:545 - [generate_batch] DENOISE_STEPS total=784.6ms steps=[s0=193.9 s1=196.9 s2=196.2 s3=197.6] n_steps=4 batch_size=2
2026-08-02 22:42:44+05:30 2026-08-02 17:12:44,414 [INFO] aiohttp.access: 172.20.16.49 [02/Aug/2026:17:12:44 +0000] "POST /room/claim HTTP/1.1" 200 238 "-" "Python/3.14 aiohttp/3.14.1"
2026-08-02 22:42:44+05:30    POST /room/claim -> 200 OK  (duration: 424.0 ms, execution: 298.0 ms)
2026-08-02 22:42:45+05:30 2026-08-02 17:12:45.064 | INFO     | flash_head.src.pipeline.flash_head_pipeline:generate_batch:538 - [generate_batch] GPU_BREAKDOWN denoise=783.2ms decode=357.5ms color+encode=137.1ms total=1278.2ms batch_size=2
2026-08-02 22:42:45+05:30 2026-08-02 17:12:45.064 | INFO     | flash_head.src.pipeline.flash_head_pipeline:generate_batch:545 - [generate_batch] DENOISE_STEPS total=783.2ms steps=[s0=193.1 s1=196.5 s2=196.4 s3=197.3] n_steps=4 batch_size=2
2026-08-02 22:42:45+05:30 2026-08-02 17:12:45,773 [INFO] handler: [pod_session_start] Received session=conc-test-1-182b0a room=conc-test-bf5a0e6f ingestion=websocket hasIdleAsset=False
2026-08-02 22:42:45+05:30 2026-08-02 17:12:45,774 [INFO] streaming.websocket_server: Registered WebSocket session: conc-test-1-182b0a
2026-08-02 22:42:45+05:30 2026-08-02 17:12:45,774 [INFO] aiohttp.access: 172.20.16.49 [02/Aug/2026:17:12:45 +0000] "POST /sessions/start HTTP/1.1" 202 271 "-" "Python/3.14 aiohttp/3.14.1"
2026-08-02 22:42:45+05:30 2026-08-02 17:12:45,774 [INFO] handler: [handler] prewarm_pool.release() took 0.0ms for room conc-test-bf5a0e6f
2026-08-02 22:42:45+05:30 2026-08-02 17:12:45,775 [INFO] batched_stream_processor: [BATCHED-DIAG] threading context: thread_id=47695347586752 thread_name=modal-aiohttp-server event_loop_id=47694065450448
2026-08-02 22:42:45+05:30 2026-08-02 17:12:45,775 [INFO] batched_stream_processor: Connecting to LiveKit room=conc-test-bf5a0e6f url=wss://ai-14ksodzi.livekit.cloud session=conc-test-1-182b0a
2026-08-02 22:42:45+05:30 2026-08-02 17:12:45,775 [INFO] batched_stream_processor: [BATCHED-DIAG] room.connect() attempt 1/3 | url=wss://ai-14ksodzi.livekit.cloud
2026-08-02 22:42:45+05:30 2026-08-02 17:12:45,799 [INFO] livekit: livekit_api::signal_client::signal_stream:104:livekit_api::signal_client::signal_stream - connecting to wss://ai-14ksodzi.livekit.cloud/rtc/v1
2026-08-02 22:42:46+05:30    POST /sessions/start -> 202 Accepted  (duration: 425.4 ms, execution: 298.8 ms)
2026-08-02 22:42:46+05:30 2026-08-02 17:12:46.444 | INFO     | flash_head.src.pipeline.flash_head_pipeline:generate_batch:538 - [generate_batch] GPU_BREAKDOWN denoise=782.9ms decode=358.0ms color+encode=137.5ms total=1279.0ms batch_size=2
2026-08-02 22:42:46+05:30 2026-08-02 17:12:46.444 | INFO     | flash_head.src.pipeline.flash_head_pipeline:generate_batch:545 - [generate_batch] DENOISE_STEPS total=782.9ms steps=[s0=193.1 s1=196.7 s2=196.4 s3=196.7] n_steps=4 batch_size=2
2026-08-02 22:42:47+05:30 2026-08-02 17:12:47,406 [INFO] aiohttp.access: 172.20.16.49 [02/Aug/2026:17:12:47 +0000] "POST /room/claim HTTP/1.1" 200 238 "-" "Python/3.14 aiohttp/3.14.1"
2026-08-02 22:42:47+05:30    POST /room/claim -> 200 OK  (duration: 326.2 ms, execution: 200.4 ms)
2026-08-02 22:42:47+05:30 2026-08-02 17:12:47.832 | INFO     | flash_head.src.pipeline.flash_head_pipeline:generate_batch:538 - [generate_batch] GPU_BREAKDOWN denoise=784.1ms decode=364.0ms color+encode=137.7ms total=1286.2ms batch_size=2
2026-08-02 22:42:47+05:30 2026-08-02 17:12:47.832 | INFO     | flash_head.src.pipeline.flash_head_pipeline:generate_batch:545 - [generate_batch] DENOISE_STEPS total=784.1ms steps=[s0=193.7 s1=196.8 s2=197.3 s3=196.3] n_steps=4 batch_size=2
2026-08-02 22:42:47+05:30 2026-08-02 17:12:47,904 [INFO] BatchedStreamingEngine: Session conc-test-2-bdbbb6 removed (total=1)
2026-08-02 22:42:48+05:30 [METRICS] GPU_util=38% GPU_temp=61C GPU_mem=4.0GB/22.1GB (reserved=9.4GB) RSS=11767MB CPU_user=177.3s CPU_sys=17.7s sessions=1 pool=4/4
2026-08-02 22:42:48+05:30 2026-08-02 17:12:48,569 [INFO] handler: [pod_session_start] Received session=conc-test-2-417bcd room=conc-test-d8f35026 ingestion=websocket hasIdleAsset=False
2026-08-02 22:42:48+05:30 2026-08-02 17:12:48,569 [INFO] streaming.websocket_server: Registered WebSocket session: conc-test-2-417bcd
2026-08-02 22:42:48+05:30 2026-08-02 17:12:48,569 [INFO] aiohttp.access: 172.20.16.49 [02/Aug/2026:17:12:48 +0000] "POST /sessions/start HTTP/1.1" 202 271 "-" "Python/3.14 aiohttp/3.14.1"
2026-08-02 22:42:48+05:30 2026-08-02 17:12:48,569 [INFO] handler: [handler] prewarm_pool.release() took 0.0ms for room conc-test-d8f35026
2026-08-02 22:42:48+05:30 2026-08-02 17:12:48,570 [INFO] batched_stream_processor: [BATCHED-DIAG] threading context: thread_id=47695347586752 thread_name=modal-aiohttp-server event_loop_id=47694065450448
2026-08-02 22:42:48+05:30 2026-08-02 17:12:48,570 [INFO] batched_stream_processor: Connecting to LiveKit room=conc-test-d8f35026 url=wss://ai-14ksodzi.livekit.cloud session=conc-test-2-417bcd
2026-08-02 22:42:48+05:30 2026-08-02 17:12:48,570 [INFO] batched_stream_processor: [BATCHED-DIAG] room.connect() attempt 1/3 | url=wss://ai-14ksodzi.livekit.cloud
2026-08-02 22:42:48+05:30 2026-08-02 17:12:48,590 [INFO] livekit: livekit_api::signal_client::signal_stream:104:livekit_api::signal_client::signal_stream - connecting to wss://ai-14ksodzi.livekit.cloud/rtc/v1
2026-08-02 22:42:48+05:30 2026-08-02 17:12:48.592 | INFO     | flash_head.src.pipeline.flash_head_pipeline:generate_batch:538 - [generate_batch] GPU_BREAKDOWN denoise=426.3ms decode=176.6ms color+encode=69.4ms total=672.5ms batch_size=1
2026-08-02 22:42:48+05:30 2026-08-02 17:12:48.592 | INFO     | flash_head.src.pipeline.flash_head_pipeline:generate_batch:545 - [generate_batch] DENOISE_STEPS total=426.3ms steps=[s0=103.0 s1=107.9 s2=108.1 s3=107.2] n_steps=4 batch_size=1
2026-08-02 22:42:48+05:30    POST /sessions/start -> 202 Accepted  (duration: 325.6 ms, execution: 200.5 ms)
2026-08-02 22:42:49+05:30 2026-08-02 17:12:49.555 | INFO     | flash_head.src.pipeline.flash_head_pipeline:generate_batch:538 - [generate_batch] GPU_BREAKDOWN denoise=426.8ms decode=176.9ms color+encode=69.3ms total=673.3ms batch_size=1
2026-08-02 22:42:49+05:30 2026-08-02 17:12:49.555 | INFO     | flash_head.src.pipeline.flash_head_pipeline:generate_batch:545 - [generate_batch] DENOISE_STEPS total=426.8ms steps=[s0=104.0 s1=108.0 s2=107.2 s3=107.6] n_steps=4 batch_size=1
2026-08-02 22:42:50+05:30 2026-08-02 17:12:50.509 | INFO     | flash_head.src.pipeline.flash_head_pipeline:generate_batch:538 - [generate_batch] GPU_BREAKDOWN denoise=424.6ms decode=176.9ms color+encode=69.2ms total=671.0ms batch_size=1
2026-08-02 22:42:50+05:30 2026-08-02 17:12:50.509 | INFO     | flash_head.src.pipeline.flash_head_pipeline:generate_batch:545 - [generate_batch] DENOISE_STEPS total=424.6ms steps=[s0=103.2 s1=107.2 s2=107.3 s3=106.9] n_steps=4 batch_size=1
2026-08-02 22:42:51+05:30 2026-08-02 17:12:51.471 | INFO     | flash_head.src.pipeline.flash_head_pipeline:generate_batch:538 - [generate_batch] GPU_BREAKDOWN denoise=425.4ms decode=177.4ms color+encode=69.1ms total=672.2ms batch_size=1
2026-08-02 22:42:51+05:30 2026-08-02 17:12:51.472 | INFO     | flash_head.src.pipeline.flash_head_pipeline:generate_batch:545 - [generate_batch] DENOISE_STEPS total=425.4ms steps=[s0=102.9 s1=108.1 s2=107.2 s3=107.1] n_steps=4 batch_size=1
2026-08-02 22:42:52+05:30 2026-08-02 17:12:52.430 | INFO     | flash_head.src.pipeline.flash_head_pipeline:generate_batch:538 - [generate_batch] GPU_BREAKDOWN denoise=424.8ms decode=177.0ms color+encode=69.1ms total=671.3ms batch_size=1
2026-08-02 22:42:52+05:30 2026-08-02 17:12:52.430 | INFO     | flash_head.src.pipeline.flash_head_pipeline:generate_batch:545 - [generate_batch] DENOISE_STEPS total=424.8ms steps=[s0=103.0 s1=107.8 s2=107.2 s3=106.7] n_steps=4 batch_size=1
2026-08-02 22:42:52+05:30 2026-08-02 17:12:52,463 [INFO] BatchedStreamingEngine: cycle=70 batch=1 sessions=['conc-test-1-909b85'] embed=15.3ms infer=671.7ms xfer=32.8ms total=719.8ms
2026-08-02 22:42:53+05:30 [METRICS] GPU_util=98% GPU_temp=63C GPU_mem=4.1GB/22.1GB (reserved=9.4GB) RSS=11767MB CPU_user=182.7s CPU_sys=17.9s sessions=2 pool=4/4
2026-08-02 22:42:53+05:30 2026-08-02 17:12:53.389 | INFO     | flash_head.src.pipeline.flash_head_pipeline:generate_batch:538 - [generate_batch] GPU_BREAKDOWN denoise=424.8ms decode=176.1ms color+encode=69.5ms total=670.7ms batch_size=1
2026-08-02 22:42:53+05:30 2026-08-02 17:12:53.390 | INFO     | flash_head.src.pipeline.flash_head_pipeline:generate_batch:545 - [generate_batch] DENOISE_STEPS total=424.8ms steps=[s0=102.6 s1=108.2 s2=107.3 s3=106.7] n_steps=4 batch_size=1
2026-08-02 22:42:54+05:30 2026-08-02 17:12:54.352 | INFO     | flash_head.src.pipeline.flash_head_pipeline:generate_batch:538 - [generate_batch] GPU_BREAKDOWN denoise=425.8ms decode=176.0ms color+encode=69.4ms total=671.5ms batch_size=1
2026-08-02 22:42:54+05:30 2026-08-02 17:12:54.353 | INFO     | flash_head.src.pipeline.flash_head_pipeline:generate_batch:545 - [generate_batch] DENOISE_STEPS total=425.8ms steps=[s0=103.6 s1=107.5 s2=107.1 s3=107.5] n_steps=4 batch_size=1
2026-08-02 22:42:55+05:30 2026-08-02 17:12:55.312 | INFO     | flash_head.src.pipeline.flash_head_pipeline:generate_batch:538 - [generate_batch] GPU_BREAKDOWN denoise=426.3ms decode=177.4ms color+encode=69.3ms total=673.3ms batch_size=1
2026-08-02 22:42:55+05:30 2026-08-02 17:12:55.312 | INFO     | flash_head.src.pipeline.flash_head_pipeline:generate_batch:545 - [generate_batch] DENOISE_STEPS total=426.3ms steps=[s0=102.9 s1=108.7 s2=107.1 s3=107.6] n_steps=4 batch_size=1
2026-08-02 22:42:55+05:30 2026-08-02 17:12:55,347 [INFO] BatchedStreamingEngine: Session conc-test-1-909b85 removed (total=0)
2026-08-02 22:42:58+05:30 [METRICS] GPU_util=0% GPU_temp=59C GPU_mem=4.0GB/22.1GB (reserved=9.4GB) RSS=11767MB CPU_user=187.7s CPU_sys=18.0s sessions=2 pool=4/4
2026-08-02 22:43:00+05:30 2026-08-02 17:13:00,874 [WARNING] livekit: livekit::rtc_engine:516:livekit::rtc_engine - failed to connect: Connection("wait_pc_connection timed out"), retrying... (1/3)
2026-08-02 22:43:00+05:30 2026-08-02 17:13:00,896 [INFO] livekit: livekit_api::signal_client::signal_stream:104:livekit_api::signal_client::signal_stream - connecting to wss://ai-14ksodzi.livekit.cloud/rtc/v1
2026-08-02 22:43:01+05:30 2026-08-02 17:13:01,137 [INFO] batched_stream_processor: Connected to LiveKit room=conc-test-bf5a0e6f (attempt 1, 15361.6 ms). events=0
2026-08-02 22:43:01+05:30 2026-08-02 17:13:01,141 [INFO] batched_stream_processor: [BATCHED-DIAG] {'event': 'connection_state_changed', 't': 15.366, 'state': '1'}
2026-08-02 22:43:01+05:30 2026-08-02 17:13:01,220 [INFO] batched_stream_processor: IDLE_FALLBACK_PUBLISHED session=conc-test-1-182b0a
2026-08-02 22:43:01+05:30 2026-08-02 17:13:01,220 [INFO] batched_stream_processor: Registering session conc-test-1-182b0a with BatchedStreamingEngine
2026-08-02 22:43:01+05:30 2026-08-02 17:13:01,221 [INFO] BatchedStreamingEngine: Session conc-test-1-182b0a added (total=1)
2026-08-02 22:43:01+05:30 2026-08-02 17:13:01,363 [INFO] batched_stream_processor: Session conc-test-1-182b0a registered with engine in 143.3 ms (avatar prepared)
2026-08-02 22:43:01+05:30 2026-08-02 17:13:01,364 [INFO] streaming.state_manager: [SM] Adaptive caps: p95_ms=2075 buffer=52 peak=76 MAX=98 TARGET=78
2026-08-02 22:43:01+05:30 2026-08-02 17:13:01,364 [INFO] streaming.state_manager: [SM] Adaptive caps: p95_ms=2075 buffer=52 peak=76 MAX=98 TARGET=78
2026-08-02 22:43:01+05:30 2026-08-02 17:13:01,365 [INFO] VideoPublisher: [VP-DIAG] First non-None frame received after 0 None ticks (~0.0s). Creating track...
2026-08-02 22:43:01+05:30 2026-08-02 17:13:01,365 [INFO] VideoPublisher: [VP-DIAG] Creating video track 512x512
2026-08-02 22:43:01+05:30 2026-08-02 17:13:01,365 [INFO] VideoPublisher: [VP-DIAG] Calling publish_track()...
2026-08-02 22:43:01+05:30 2026-08-02 17:13:01,370 [INFO] VideoPublisher: [VP-DIAG] publish_track() completed in 4.5 ms
2026-08-02 22:43:01+05:30 2026-08-02 17:13:01,372 [INFO] livekit: livekit::room::e2ee::manager:179:livekit::room::e2ee::manager - packet_trailer not enabled for published track TR_VCLhjNno6mtNWi from aivatar-worker-conc-test-1-182b0a
2026-08-02 22:43:01+05:30 2026-08-02 17:13:01,373 [INFO] batched_stream_processor: [BATCHED-DIAG] {'event': 'local_track_published', 't': 15.598, 'sid': 'TR_VCLhjNno6mtNWi', 'kind': 2}
2026-08-02 22:43:01+05:30 2026-08-02 17:13:01,374 [INFO] batched_stream_processor: IDLE_TRACK_PUBLISHED session=conc-test-1-182b0a room=conc-test-bf5a0e6f
2026-08-02 22:43:01+05:30 2026-08-02 17:13:01,389 [INFO] livekit: livekit::rtc_engine::peer_transport:447:livekit::rtc_engine::peer_transport - Applying x-google-start-bitrate=2700 kbps (ultimate_bps=Some(3000000))
2026-08-02 22:43:01+05:30 2026-08-02 17:13:01,390 [INFO] livekit: livekit::rtc_engine::peer_transport:455:livekit::rtc_engine::peer_transport - SDP munged successfully for video codec
2026-08-02 22:43:03+05:30 2026-08-02 17:13:03,114 [INFO] handler: WS_REQUEST_RECEIVED session=conc-test-1-182b0a origin= ip=172.20.16.49
2026-08-02 22:43:03+05:30 2026-08-02 17:13:03,114 [INFO] handler: WS_CONNECT session=conc-test-1-182b0a origin= ip=172.20.16.49 handlerMs=0.4
2026-08-02 22:43:03+05:30 [METRICS] GPU_util=0% GPU_temp=57C GPU_mem=4.0GB/22.1GB (reserved=9.4GB) RSS=11767MB CPU_user=192.5s CPU_sys=18.3s sessions=2 pool=4/4
2026-08-02 22:43:03+05:30 2026-08-02 17:13:03,673 [WARNING] livekit: livekit::rtc_engine:516:livekit::rtc_engine - failed to connect: Connection("wait_pc_connection timed out"), retrying... (1/3)
2026-08-02 22:43:03+05:30 2026-08-02 17:13:03,694 [INFO] livekit: livekit_api::signal_client::signal_stream:104:livekit_api::signal_client::signal_stream - connecting to wss://ai-14ksodzi.livekit.cloud/rtc/v1
2026-08-02 22:43:03+05:30 2026-08-02 17:13:03,835 [INFO] batched_stream_processor: Connected to LiveKit room=conc-test-d8f35026 (attempt 1, 15264.4 ms). events=0
2026-08-02 22:43:03+05:30 2026-08-02 17:13:03,838 [INFO] batched_stream_processor: [BATCHED-DIAG] {'event': 'connection_state_changed', 't': 15.269, 'state': '1'}
2026-08-02 22:43:03+05:30 2026-08-02 17:13:03,937 [INFO] batched_stream_processor: IDLE_FALLBACK_PUBLISHED session=conc-test-2-417bcd
2026-08-02 22:43:03+05:30 2026-08-02 17:13:03,938 [INFO] batched_stream_processor: Registering session conc-test-2-417bcd with BatchedStreamingEngine
2026-08-02 22:43:03+05:30 2026-08-02 17:13:03,939 [INFO] BatchedStreamingEngine: Session conc-test-2-417bcd added (total=2)
2026-08-02 22:43:04+05:30 2026-08-02 17:13:04,172 [INFO] batched_stream_processor: Session conc-test-2-417bcd registered with engine in 233.9 ms (avatar prepared)
2026-08-02 22:43:04+05:30 2026-08-02 17:13:04,173 [INFO] streaming.state_manager: [SM] Adaptive caps: p95_ms=2075 buffer=52 peak=76 MAX=98 TARGET=78
2026-08-02 22:43:04+05:30 2026-08-02 17:13:04,174 [INFO] streaming.state_manager: [SM] Adaptive caps: p95_ms=2075 buffer=52 peak=76 MAX=98 TARGET=78
2026-08-02 22:43:04+05:30 2026-08-02 17:13:04,174 [INFO] VideoPublisher: [VP-DIAG] First non-None frame received after 0 None ticks (~0.0s). Creating track...
2026-08-02 22:43:04+05:30 2026-08-02 17:13:04,174 [INFO] VideoPublisher: [VP-DIAG] Creating video track 512x512
2026-08-02 22:43:04+05:30 2026-08-02 17:13:04,174 [INFO] VideoPublisher: [VP-DIAG] Calling publish_track()...
2026-08-02 22:43:04+05:30 2026-08-02 17:13:04,179 [INFO] VideoPublisher: [VP-DIAG] publish_track() completed in 4.2 ms
2026-08-02 22:43:04+05:30 2026-08-02 17:13:04,181 [INFO] livekit: livekit::room::e2ee::manager:179:livekit::room::e2ee::manager - packet_trailer not enabled for published track TR_VCePVVURYmpAo4 from aivatar-worker-conc-test-2-417bcd
2026-08-02 22:43:04+05:30 2026-08-02 17:13:04,181 [INFO] batched_stream_processor: [BATCHED-DIAG] {'event': 'local_track_published', 't': 15.612, 'sid': 'TR_VCePVVURYmpAo4', 'kind': 2}
2026-08-02 22:43:04+05:30 2026-08-02 17:13:04,182 [INFO] batched_stream_processor: IDLE_TRACK_PUBLISHED session=conc-test-2-417bcd room=conc-test-d8f35026
2026-08-02 22:43:04+05:30 2026-08-02 17:13:04,198 [INFO] livekit: livekit::rtc_engine::peer_transport:447:livekit::rtc_engine::peer_transport - Applying x-google-start-bitrate=2700 kbps (ultimate_bps=Some(3000000))
2026-08-02 22:43:04+05:30 2026-08-02 17:13:04,199 [INFO] livekit: livekit::rtc_engine::peer_transport:455:livekit::rtc_engine::peer_transport - SDP munged successfully for video codec
2026-08-02 22:43:04+05:30 2026-08-02 17:13:04.813 | INFO     | flash_head.src.pipeline.flash_head_pipeline:generate_batch:538 - [generate_batch] GPU_BREAKDOWN denoise=613.1ms decode=179.1ms color+encode=71.2ms total=864.0ms batch_size=1
2026-08-02 22:43:04+05:30 2026-08-02 17:13:04.813 | INFO     | flash_head.src.pipeline.flash_head_pipeline:generate_batch:545 - [generate_batch] DENOISE_STEPS total=613.1ms steps=[s0=118.5 s1=275.8 s2=108.5 s3=110.3] n_steps=4 batch_size=1
2026-08-02 22:43:04+05:30 2026-08-02 17:13:04,846 [INFO] AudioPublisher: [AP-DIAG] Calling publish_track()...
2026-08-02 22:43:04+05:30 2026-08-02 17:13:04,847 [INFO] streaming.state_manager: [SM] IDLE -> TRANSITION_TO_LIVE (crossfade 8 frames, queue=24)
2026-08-02 22:43:04+05:30 2026-08-02 17:13:04,851 [INFO] AudioPublisher: [AP-DIAG] publish_track() completed in 4.3 ms (16000 Hz, 1 ch)
2026-08-02 22:43:04+05:30 2026-08-02 17:13:04,858 [INFO] batched_stream_processor: [BATCHED-DIAG] {'event': 'local_track_published', 't': 19.084, 'sid': 'TR_AMyv4kCu6JZk9T', 'kind': 1}
2026-08-02 22:43:04+05:30 2026-08-02 17:13:04,869 [INFO] livekit: livekit::rtc_engine::peer_transport:447:livekit::rtc_engine::peer_transport - Applying x-google-start-bitrate=2700 kbps (ultimate_bps=Some(3000000))
2026-08-02 22:43:05+05:30 2026-08-02 17:13:05,166 [INFO] streaming.state_manager: [SM] TRANSITION_TO_LIVE -> LIVE
2026-08-02 22:43:05+05:30 2026-08-02 17:13:05.626 | INFO     | flash_head.src.pipeline.flash_head_pipeline:generate_batch:538 - [generate_batch] GPU_BREAKDOWN denoise=455.9ms decode=178.8ms color+encode=70.8ms total=707.1ms batch_size=1
2026-08-02 22:43:05+05:30 2026-08-02 17:13:05.626 | INFO     | flash_head.src.pipeline.flash_head_pipeline:generate_batch:545 - [generate_batch] DENOISE_STEPS total=455.9ms steps=[s0=128.0 s1=109.3 s2=110.4 s3=108.2] n_steps=4 batch_size=1
2026-08-02 22:43:05+05:30 2026-08-02 17:13:05,732 [INFO] handler: WS_REQUEST_RECEIVED session=conc-test-2-417bcd origin= ip=172.20.16.49
2026-08-02 22:43:05+05:30 2026-08-02 17:13:05,732 [INFO] handler: WS_CONNECT session=conc-test-2-417bcd origin= ip=172.20.16.49 handlerMs=0.4
2026-08-02 22:43:05+05:30 2026-08-02 17:13:05,871 [INFO] batched_stream_processor: [BATCHED-DIAG] {'event': 'quality_changed', 't': 20.096, 'participant': 'aivatar-worker-conc-test-1-182b0a', 'quality': '2'}
2026-08-02 22:43:06+05:30 2026-08-02 17:13:06,367 [INFO] VideoPublisher: VIDEO_PUBLISH_METRICS windowMs=5003 frames=126 effectiveFps=25.2 liveFrames=31 repeatedLiveFrames=0 idleFrames=95 desyncPct=75.4 maxGapMs=54.7 maxCaptureMs=0.9
2026-08-02 22:43:06+05:30 2026-08-02 17:13:06.509 | INFO     | flash_head.src.pipeline.flash_head_pipeline:generate_batch:538 - [generate_batch] GPU_BREAKDOWN denoise=432.7ms decode=179.8ms color+encode=70.9ms total=683.9ms batch_size=1
2026-08-02 22:43:06+05:30 2026-08-02 17:13:06.509 | INFO     | flash_head.src.pipeline.flash_head_pipeline:generate_batch:545 - [generate_batch] DENOISE_STEPS total=432.7ms steps=[s0=104.7 s1=110.2 s2=109.1 s3=108.7] n_steps=4 batch_size=1
2026-08-02 22:43:06+05:30 2026-08-02 17:13:06,896 [INFO] handler: UTTERANCE_END_RECEIVED session=conc-test-1-182b0a
2026-08-02 22:43:06+05:30 2026-08-02 17:13:06,897 [INFO] batched_stream_processor: BATCHED_DRAIN_STARTED session=conc-test-1-182b0a keep_alive=True
2026-08-02 22:43:06+05:30 2026-08-02 17:13:06,897 [INFO] BatchedStreamingEngine: Session conc-test-1-182b0a marked for drain (keep_alive=True)
2026-08-02 22:43:07+05:30 2026-08-02 17:13:07.255 | INFO     | flash_head.src.pipeline.flash_head_pipeline:generate_batch:538 - [generate_batch] GPU_BREAKDOWN denoise=448.3ms decode=178.5ms color+encode=70.0ms total=697.1ms batch_size=1
2026-08-02 22:43:07+05:30 2026-08-02 17:13:07.255 | INFO     | flash_head.src.pipeline.flash_head_pipeline:generate_batch:545 - [generate_batch] DENOISE_STEPS total=448.3ms steps=[s0=105.5 s1=110.1 s2=121.9 s3=110.8] n_steps=4 batch_size=1
2026-08-02 22:43:07+05:30 2026-08-02 17:13:07,296 [INFO] AudioPublisher: [AP-DIAG] Calling publish_track()...
2026-08-02 22:43:07+05:30 2026-08-02 17:13:07,297 [INFO] streaming.state_manager: [SM] IDLE -> TRANSITION_TO_LIVE (crossfade 8 frames, queue=24)
2026-08-02 22:43:07+05:30 2026-08-02 17:13:07,302 [INFO] AudioPublisher: [AP-DIAG] publish_track() completed in 6.3 ms (16000 Hz, 1 ch)
2026-08-02 22:43:07+05:30 2026-08-02 17:13:07,305 [INFO] batched_stream_processor: [BATCHED-DIAG] {'event': 'local_track_published', 't': 18.735, 'sid': 'TR_AMq8orC55mWn6s', 'kind': 1}
2026-08-02 22:43:07+05:30 2026-08-02 17:13:07,314 [INFO] livekit: livekit::rtc_engine::peer_transport:447:livekit::rtc_engine::peer_transport - Applying x-google-start-bitrate=2700 kbps (ultimate_bps=Some(3000000))
2026-08-02 22:43:07+05:30 2026-08-02 17:13:07,614 [INFO] streaming.state_manager: [SM] TRANSITION_TO_LIVE -> LIVE
2026-08-02 22:43:08+05:30 [METRICS] GPU_util=100% GPU_temp=62C GPU_mem=4.1GB/22.1GB (reserved=9.4GB) RSS=11767MB CPU_user=199.7s CPU_sys=18.8s sessions=2 pool=4/4
2026-08-02 22:43:08+05:30 2026-08-02 17:13:08,248 [INFO] streaming.state_manager: [SM] LIVE -> TRANSITION_TO_IDLE (crossfade 8 frames)
2026-08-02 22:43:08+05:30 2026-08-02 17:13:08,566 [INFO] streaming.state_manager: [SM] TRANSITION_TO_IDLE -> IDLE
2026-08-02 22:43:08+05:30 2026-08-02 17:13:08,671 [INFO] batched_stream_processor: [BATCHED-DIAG] {'event': 'quality_changed', 't': 20.101, 'participant': 'aivatar-worker-conc-test-2-417bcd', 'quality': '2'}
2026-08-02 22:43:08+05:30 2026-08-02 17:13:08.686 | INFO     | flash_head.src.pipeline.flash_head_pipeline:generate_batch:538 - [generate_batch] GPU_BREAKDOWN denoise=795.6ms decode=369.0ms color+encode=139.7ms total=1304.7ms batch_size=2
2026-08-02 22:43:08+05:30 2026-08-02 17:13:08.686 | INFO     | flash_head.src.pipeline.flash_head_pipeline:generate_batch:545 - [generate_batch] DENOISE_STEPS total=795.6ms steps=[s0=196.2 s1=198.8 s2=200.1 s3=200.5] n_steps=4 batch_size=2
2026-08-02 22:43:08+05:30 2026-08-02 17:13:08,765 [INFO] streaming.state_manager: [SM] IDLE -> TRANSITION_TO_LIVE (crossfade 8 frames, queue=24)
2026-08-02 22:43:09+05:30 2026-08-02 17:13:09,084 [INFO] streaming.state_manager: [SM] TRANSITION_TO_LIVE -> LIVE
2026-08-02 22:43:09+05:30 2026-08-02 17:13:09,176 [INFO] VideoPublisher: VIDEO_PUBLISH_METRICS windowMs=5003 frames=126 effectiveFps=25.2 liveFrames=29 repeatedLiveFrames=11 idleFrames=86 desyncPct=77.0 maxGapMs=52.0 maxCaptureMs=1.4
2026-08-02 22:43:09+05:30 2026-08-02 17:13:09,857 [INFO] handler: UTTERANCE_END_RECEIVED session=conc-test-2-417bcd
2026-08-02 22:43:09+05:30 2026-08-02 17:13:09,857 [INFO] batched_stream_processor: BATCHED_DRAIN_STARTED session=conc-test-2-417bcd keep_alive=True
2026-08-02 22:43:09+05:30 2026-08-02 17:13:09,857 [INFO] BatchedStreamingEngine: Session conc-test-2-417bcd marked for drain (keep_alive=True)
2026-08-02 22:43:10+05:30 2026-08-02 17:13:10.084 | INFO     | flash_head.src.pipeline.flash_head_pipeline:generate_batch:538 - [generate_batch] GPU_BREAKDOWN denoise=793.9ms decode=360.8ms color+encode=139.3ms total=1294.4ms batch_size=2
2026-08-02 22:43:10+05:30 2026-08-02 17:13:10.084 | INFO     | flash_head.src.pipeline.flash_head_pipeline:generate_batch:545 - [generate_batch] DENOISE_STEPS total=793.9ms steps=[s0=195.9 s1=199.4 s2=199.0 s3=199.6] n_steps=4 batch_size=2
2026-08-02 22:43:11+05:30 2026-08-02 17:13:11,368 [INFO] VideoPublisher: VIDEO_PUBLISH_METRICS windowMs=5000 frames=125 effectiveFps=25.0 liveFrames=75 repeatedLiveFrames=29 idleFrames=21 desyncPct=40.0 maxGapMs=46.5 maxCaptureMs=6.1
2026-08-02 22:43:11+05:30 2026-08-02 17:13:11.481 | INFO     | flash_head.src.pipeline.flash_head_pipeline:generate_batch:538 - [generate_batch] GPU_BREAKDOWN denoise=795.8ms decode=364.8ms color+encode=139.3ms total=1300.8ms batch_size=2
2026-08-02 22:43:11+05:30 2026-08-02 17:13:11.481 | INFO     | flash_head.src.pipeline.flash_head_pipeline:generate_batch:545 - [generate_batch] DENOISE_STEPS total=795.8ms steps=[s0=196.6 s1=199.4 s2=199.9 s3=200.0] n_steps=4 batch_size=2
2026-08-02 22:43:11+05:30 2026-08-02 17:13:11,550 [INFO] BatchedStreamingEngine: cycle=80 batch=2 sessions=['conc-test-1-182b0a', 'conc-test-2-417bcd'] embed=32.0ms infer=1301.3ms xfer=68.3ms total=1401.7ms
2026-08-02 22:43:12+05:30 2026-08-02 17:13:12,635 [INFO] batched_stream_processor: [BATCHED-DIAG] {'event': 'participant_connected', 't': 24.065, 'identity': 'viewer-manual-conc-test-2-417bcd'}
2026-08-02 22:43:12+05:30 2026-08-02 17:13:12.888 | INFO     | flash_head.src.pipeline.flash_head_pipeline:generate_batch:538 - [generate_batch] GPU_BREAKDOWN denoise=799.4ms decode=364.8ms color+encode=140.1ms total=1304.9ms batch_size=2
2026-08-02 22:43:12+05:30 2026-08-02 17:13:12.888 | INFO     | flash_head.src.pipeline.flash_head_pipeline:generate_batch:545 - [generate_batch] DENOISE_STEPS total=799.4ms steps=[s0=198.2 s1=200.7 s2=200.4 s3=200.0] n_steps=4 batch_size=2
2026-08-02 22:43:13+05:30 [METRICS] GPU_util=100% GPU_temp=62C GPU_mem=4.1GB/22.1GB (reserved=9.4GB) RSS=11767MB CPU_user=206.9s CPU_sys=19.2s sessions=2 pool=4/4
2026-08-02 22:43:14+05:30 2026-08-02 17:13:14,216 [INFO] VideoPublisher: VIDEO_PUBLISH_METRICS windowMs=5039 frames=126 effectiveFps=25.0 liveFrames=84 repeatedLiveFrames=42 idleFrames=0 desyncPct=33.3 maxGapMs=43.1 maxCaptureMs=0.7
2026-08-02 22:43:14+05:30 2026-08-02 17:13:14.285 | INFO     | flash_head.src.pipeline.flash_head_pipeline:generate_batch:538 - [generate_batch] GPU_BREAKDOWN denoise=796.5ms decode=362.8ms color+encode=139.4ms total=1299.1ms batch_size=2
2026-08-02 22:43:14+05:30 2026-08-02 17:13:14.285 | INFO     | flash_head.src.pipeline.flash_head_pipeline:generate_batch:545 - [generate_batch] DENOISE_STEPS total=796.5ms steps=[s0=196.8 s1=199.8 s2=199.9 s3=200.0] n_steps=4 batch_size=2
2026-08-02 22:43:15+05:30 2026-08-02 17:13:15.684 | INFO     | flash_head.src.pipeline.flash_head_pipeline:generate_batch:538 - [generate_batch] GPU_BREAKDOWN denoise=793.8ms decode=368.0ms color+encode=140.0ms total=1302.2ms batch_size=2
2026-08-02 22:43:15+05:30 2026-08-02 17:13:15.684 | INFO     | flash_head.src.pipeline.flash_head_pipeline:generate_batch:545 - [generate_batch] DENOISE_STEPS total=793.8ms steps=[s0=196.7 s1=198.6 s2=198.8 s3=199.7] n_steps=4 batch_size=2
2026-08-02 22:43:16+05:30 2026-08-02 17:13:16,408 [INFO] VideoPublisher: VIDEO_PUBLISH_METRICS windowMs=5039 frames=126 effectiveFps=25.0 liveFrames=90 repeatedLiveFrames=36 idleFrames=0 desyncPct=28.6 maxGapMs=45.7 maxCaptureMs=0.9
2026-08-02 22:43:17+05:30 2026-08-02 17:13:17.086 | INFO     | flash_head.src.pipeline.flash_head_pipeline:generate_batch:538 - [generate_batch] GPU_BREAKDOWN denoise=797.3ms decode=363.9ms color+encode=139.9ms total=1301.6ms batch_size=2
2026-08-02 22:43:17+05:30 2026-08-02 17:13:17.086 | INFO     | flash_head.src.pipeline.flash_head_pipeline:generate_batch:545 - [generate_batch] DENOISE_STEPS total=797.3ms steps=[s0=197.4 s1=199.8 s2=200.1 s3=200.0] n_steps=4 batch_size=2
2026-08-02 22:43:18+05:30 [METRICS] GPU_util=100% GPU_temp=63C GPU_mem=4.1GB/22.1GB (reserved=9.4GB) RSS=11767MB CPU_user=214.2s CPU_sys=19.9s sessions=2 pool=4/4
2026-08-02 22:43:18+05:30 2026-08-02 17:13:18.484 | INFO     | flash_head.src.pipeline.flash_head_pipeline:generate_batch:538 - [generate_batch] GPU_BREAKDOWN denoise=795.5ms decode=363.3ms color+encode=139.6ms total=1298.7ms batch_size=2
2026-08-02 22:43:18+05:30 2026-08-02 17:13:18.484 | INFO     | flash_head.src.pipeline.flash_head_pipeline:generate_batch:545 - [generate_batch] DENOISE_STEPS total=795.5ms steps=[s0=197.0 s1=199.1 s2=200.2 s3=199.2] n_steps=4 batch_size=2
2026-08-02 22:43:19+05:30 2026-08-02 17:13:19,217 [INFO] VideoPublisher: VIDEO_PUBLISH_METRICS windowMs=5001 frames=125 effectiveFps=25.0 liveFrames=89 repeatedLiveFrames=36 idleFrames=0 desyncPct=28.8 maxGapMs=41.7 maxCaptureMs=0.8
2026-08-02 22:43:19+05:30 2026-08-02 17:13:19.886 | INFO     | flash_head.src.pipeline.flash_head_pipeline:generate_batch:538 - [generate_batch] GPU_BREAKDOWN denoise=795.8ms decode=364.2ms color+encode=140.3ms total=1300.7ms batch_size=2
2026-08-02 22:43:19+05:30 2026-08-02 17:13:19.886 | INFO     | flash_head.src.pipeline.flash_head_pipeline:generate_batch:545 - [generate_batch] DENOISE_STEPS total=795.8ms steps=[s0=196.5 s1=199.1 s2=199.8 s3=200.3] n_steps=4 batch_size=2
2026-08-02 22:43:21+05:30 2026-08-02 17:13:21,130 [INFO] handler: UTTERANCE_END_RECEIVED session=conc-test-1-182b0a
2026-08-02 22:43:21+05:30 2026-08-02 17:13:21.293 | INFO     | flash_head.src.pipeline.flash_head_pipeline:generate_batch:538 - [generate_batch] GPU_BREAKDOWN denoise=797.6ms decode=365.7ms color+encode=140.3ms total=1303.9ms batch_size=2
2026-08-02 22:43:21+05:30 2026-08-02 17:13:21.293 | INFO     | flash_head.src.pipeline.flash_head_pipeline:generate_batch:545 - [generate_batch] DENOISE_STEPS total=797.6ms steps=[s0=197.8 s1=199.8 s2=200.1 s3=199.8] n_steps=4 batch_size=2
2026-08-02 22:43:21+05:30 2026-08-02 17:13:21,408 [INFO] VideoPublisher: VIDEO_PUBLISH_METRICS windowMs=5001 frames=125 effectiveFps=25.0 liveFrames=80 repeatedLiveFrames=45 idleFrames=0 desyncPct=36.0 maxGapMs=47.1 maxCaptureMs=7.1
2026-08-02 22:43:22+05:30 2026-08-02 17:13:22.699 | INFO     | flash_head.src.pipeline.flash_head_pipeline:generate_batch:538 - [generate_batch] GPU_BREAKDOWN denoise=798.4ms decode=364.2ms color+encode=141.5ms total=1304.5ms batch_size=2
2026-08-02 22:43:22+05:30 2026-08-02 17:13:22.699 | INFO     | flash_head.src.pipeline.flash_head_pipeline:generate_batch:545 - [generate_batch] DENOISE_STEPS total=798.4ms steps=[s0=198.4 s1=200.1 s2=200.0 s3=199.9] n_steps=4 batch_size=2
2026-08-02 22:43:23+05:30 [METRICS] GPU_util=99% GPU_temp=64C GPU_mem=4.2GB/22.1GB (reserved=9.4GB) RSS=11767MB CPU_user=221.5s CPU_sys=20.5s sessions=2 pool=4/4
2026-08-02 22:43:24+05:30 2026-08-02 17:13:24,050 [INFO] handler: UTTERANCE_END_RECEIVED session=conc-test-2-417bcd
2026-08-02 22:43:24+05:30 2026-08-02 17:13:24.093 | INFO     | flash_head.src.pipeline.flash_head_pipeline:generate_batch:538 - [generate_batch] GPU_BREAKDOWN denoise=795.1ms decode=360.7ms color+encode=139.3ms total=1295.5ms batch_size=2
2026-08-02 22:43:24+05:30 2026-08-02 17:13:24.094 | INFO     | flash_head.src.pipeline.flash_head_pipeline:generate_batch:545 - [generate_batch] DENOISE_STEPS total=795.1ms steps=[s0=196.8 s1=199.6 s2=199.0 s3=199.8] n_steps=4 batch_size=2
2026-08-02 22:43:24+05:30 2026-08-02 17:13:24,256 [INFO] VideoPublisher: VIDEO_PUBLISH_METRICS windowMs=5039 frames=126 effectiveFps=25.0 liveFrames=82 repeatedLiveFrames=44 idleFrames=0 desyncPct=34.9 maxGapMs=46.4 maxCaptureMs=0.9
2026-08-02 22:43:25+05:30 2026-08-02 17:13:25.499 | INFO     | flash_head.src.pipeline.flash_head_pipeline:generate_batch:538 - [generate_batch] GPU_BREAKDOWN denoise=794.6ms decode=367.4ms color+encode=140.0ms total=1302.4ms batch_size=2
2026-08-02 22:43:25+05:30 2026-08-02 17:13:25.499 | INFO     | flash_head.src.pipeline.flash_head_pipeline:generate_batch:545 - [generate_batch] DENOISE_STEPS total=794.6ms steps=[s0=196.5 s1=199.1 s2=199.3 s3=199.6] n_steps=4 batch_size=2
2026-08-02 22:43:25+05:30 2026-08-02 17:13:25,571 [INFO] BatchedStreamingEngine: cycle=90 batch=2 sessions=['conc-test-1-182b0a', 'conc-test-2-417bcd'] embed=35.2ms infer=1302.9ms xfer=71.5ms total=1409.7ms
2026-08-02 22:43:26+05:30 2026-08-02 17:13:26,447 [INFO] VideoPublisher: VIDEO_PUBLISH_METRICS windowMs=5038 frames=126 effectiveFps=25.0 liveFrames=93 repeatedLiveFrames=33 idleFrames=0 desyncPct=26.2 maxGapMs=46.1 maxCaptureMs=0.9
2026-08-02 22:43:26+05:30 2026-08-02 17:13:26.899 | INFO     | flash_head.src.pipeline.flash_head_pipeline:generate_batch:538 - [generate_batch] GPU_BREAKDOWN denoise=794.5ms decode=360.7ms color+encode=140.7ms total=1296.3ms batch_size=2
2026-08-02 22:43:26+05:30 2026-08-02 17:13:26.900 | INFO     | flash_head.src.pipeline.flash_head_pipeline:generate_batch:545 - [generate_batch] DENOISE_STEPS total=794.5ms steps=[s0=196.1 s1=198.8 s2=200.0 s3=199.6] n_steps=4 batch_size=2
2026-08-02 22:43:26+05:30 2026-08-02 17:13:26,967 [INFO] BatchedStreamingEngine: Session conc-test-1-182b0a reactivated (keep_alive)
2026-08-02 22:43:27+05:30 2026-08-02 17:13:27.663 | INFO     | flash_head.src.pipeline.flash_head_pipeline:generate_batch:538 - [generate_batch] GPU_BREAKDOWN denoise=429.5ms decode=178.9ms color+encode=70.2ms total=678.9ms batch_size=1
2026-08-02 22:43:27+05:30 2026-08-02 17:13:27.663 | INFO     | flash_head.src.pipeline.flash_head_pipeline:generate_batch:545 - [generate_batch] DENOISE_STEPS total=429.5ms steps=[s0=104.2 s1=108.4 s2=108.7 s3=108.2] n_steps=4 batch_size=1
2026-08-02 22:43:28+05:30 [METRICS] GPU_util=99% GPU_temp=64C GPU_mem=4.1GB/22.1GB (reserved=9.4GB) RSS=11767MB CPU_user=228.9s CPU_sys=21.1s sessions=2 pool=4/4
2026-08-02 22:43:28+05:30 2026-08-02 17:13:28,407 [INFO] streaming.state_manager: [SM] LIVE -> TRANSITION_TO_IDLE (crossfade 8 frames)
2026-08-02 22:43:28+05:30 2026-08-02 17:13:28.634 | INFO     | flash_head.src.pipeline.flash_head_pipeline:generate_batch:538 - [generate_batch] GPU_BREAKDOWN denoise=436.3ms decode=178.6ms color+encode=70.4ms total=685.9ms batch_size=1
2026-08-02 22:43:28+05:30 2026-08-02 17:13:28.634 | INFO     | flash_head.src.pipeline.flash_head_pipeline:generate_batch:545 - [generate_batch] DENOISE_STEPS total=436.3ms steps=[s0=104.3 s1=108.8 s2=108.7 s3=114.4] n_steps=4 batch_size=1
2026-08-02 22:43:28+05:30 2026-08-02 17:13:28,667 [INFO] BatchedStreamingEngine: Session conc-test-2-417bcd reactivated (keep_alive)
2026-08-02 22:43:28+05:30 2026-08-02 17:13:28,726 [INFO] streaming.state_manager: [SM] TRANSITION_TO_IDLE -> IDLE
2026-08-02 22:43:28+05:30 2026-08-02 17:13:28,888 [INFO] batched_stream_processor: BATCHED_DRAIN_COMPLETED session=conc-test-1-182b0a cycles=199 elapsed=21991.0ms keep_alive=True
2026-08-02 22:43:28+05:30 2026-08-02 17:13:28,950 [INFO] batched_stream_processor: BATCHED_DRAIN_STARTED session=conc-test-1-182b0a keep_alive=True
2026-08-02 22:43:28+05:30 2026-08-02 17:13:28,950 [INFO] BatchedStreamingEngine: Session conc-test-1-182b0a marked for drain (keep_alive=True)
2026-08-02 22:43:29+05:30 2026-08-02 17:13:29,297 [INFO] VideoPublisher: VIDEO_PUBLISH_METRICS windowMs=5040 frames=126 effectiveFps=25.0 liveFrames=104 repeatedLiveFrames=22 idleFrames=0 desyncPct=17.5 maxGapMs=44.6 maxCaptureMs=0.8
2026-08-02 22:43:29+05:30 2026-08-02 17:13:29.624 | INFO     | flash_head.src.pipeline.flash_head_pipeline:generate_batch:538 - [generate_batch] GPU_BREAKDOWN denoise=445.1ms decode=180.1ms color+encode=70.4ms total=696.3ms batch_size=1
2026-08-02 22:43:29+05:30 2026-08-02 17:13:29.624 | INFO     | flash_head.src.pipeline.flash_head_pipeline:generate_batch:545 - [generate_batch] DENOISE_STEPS total=445.1ms steps=[s0=118.6 s1=109.0 s2=109.1 s3=108.4] n_steps=4 batch_size=1
2026-08-02 22:43:29+05:30 2026-08-02 17:13:29,685 [INFO] streaming.state_manager: [SM] IDLE -> TRANSITION_TO_LIVE (crossfade 8 frames, queue=24)
2026-08-02 22:43:30+05:30 2026-08-02 17:13:30,005 [INFO] streaming.state_manager: [SM] TRANSITION_TO_LIVE -> LIVE
2026-08-02 22:43:30+05:30 2026-08-02 17:13:30,336 [INFO] streaming.state_manager: [SM] LIVE -> TRANSITION_TO_IDLE (crossfade 8 frames)
2026-08-02 22:43:30+05:30 2026-08-02 17:13:30.549 | INFO     | flash_head.src.pipeline.flash_head_pipeline:generate_batch:538 - [generate_batch] GPU_BREAKDOWN denoise=431.7ms decode=178.2ms color+encode=70.9ms total=681.1ms batch_size=1
2026-08-02 22:43:30+05:30 2026-08-02 17:13:30.549 | INFO     | flash_head.src.pipeline.flash_head_pipeline:generate_batch:545 - [generate_batch] DENOISE_STEPS total=431.7ms steps=[s0=104.6 s1=109.3 s2=109.2 s3=108.6] n_steps=4 batch_size=1
2026-08-02 22:43:30+05:30 2026-08-02 17:13:30,655 [INFO] streaming.state_manager: [SM] TRANSITION_TO_IDLE -> IDLE
2026-08-02 22:43:30+05:30 2026-08-02 17:13:30,800 [INFO] batched_stream_processor: BATCHED_DRAIN_COMPLETED session=conc-test-2-417bcd cycles=187 elapsed=20943.5ms keep_alive=True
2026-08-02 22:43:30+05:30 2026-08-02 17:13:30,867 [INFO] batched_stream_processor: BATCHED_DRAIN_STARTED session=conc-test-2-417bcd keep_alive=True
2026-08-02 22:43:30+05:30 2026-08-02 17:13:30,867 [INFO] BatchedStreamingEngine: Session conc-test-2-417bcd marked for drain (keep_alive=True)
2026-08-02 22:43:31+05:30 2026-08-02 17:13:31,366 [INFO] streaming.state_manager: [SM] Adaptive caps: p95_ms=2073 buffer=52 peak=76 MAX=98 TARGET=78
2026-08-02 22:43:31+05:30 2026-08-02 17:13:31,488 [INFO] VideoPublisher: VIDEO_PUBLISH_METRICS windowMs=5040 frames=126 effectiveFps=25.0 liveFrames=63 repeatedLiveFrames=23 idleFrames=40 desyncPct=50.0 maxGapMs=46.5 maxCaptureMs=0.9
2026-08-02 22:43:31+05:30 2026-08-02 17:13:31.543 | INFO     | flash_head.src.pipeline.flash_head_pipeline:generate_batch:538 - [generate_batch] GPU_BREAKDOWN denoise=459.8ms decode=178.2ms color+encode=70.4ms total=709.0ms batch_size=1
2026-08-02 22:43:31+05:30 2026-08-02 17:13:31.543 | INFO     | flash_head.src.pipeline.flash_head_pipeline:generate_batch:545 - [generate_batch] DENOISE_STEPS total=459.8ms steps=[s0=126.5 s1=115.7 s2=109.3 s3=108.3] n_steps=4 batch_size=1
2026-08-02 22:43:31+05:30 2026-08-02 17:13:31,615 [INFO] streaming.state_manager: [SM] IDLE -> TRANSITION_TO_LIVE (crossfade 8 frames, queue=24)
2026-08-02 22:43:31+05:30 2026-08-02 17:13:31,934 [INFO] streaming.state_manager: [SM] TRANSITION_TO_LIVE -> LIVE
2026-08-02 22:43:32+05:30 2026-08-02 17:13:32,129 [INFO] streaming.state_manager: [SM] LIVE -> TRANSITION_TO_IDLE (crossfade 8 frames)
2026-08-02 22:43:32+05:30 2026-08-02 17:13:32,444 [INFO] streaming.state_manager: [SM] TRANSITION_TO_IDLE -> IDLE
2026-08-02 22:43:32+05:30 2026-08-02 17:13:32.911 | INFO     | flash_head.src.pipeline.flash_head_pipeline:generate_batch:538 - [generate_batch] GPU_BREAKDOWN denoise=798.9ms decode=361.8ms color+encode=139.8ms total=1301.0ms batch_size=2
2026-08-02 22:43:32+05:30 2026-08-02 17:13:32.911 | INFO     | flash_head.src.pipeline.flash_head_pipeline:generate_batch:545 - [generate_batch] DENOISE_STEPS total=798.9ms steps=[s0=199.3 s1=199.6 s2=200.0 s3=200.1] n_steps=4 batch_size=2
2026-08-02 22:43:32+05:30 2026-08-02 17:13:32,965 [INFO] streaming.state_manager: [SM] IDLE -> TRANSITION_TO_LIVE (crossfade 8 frames, queue=24)
2026-08-02 22:43:33+05:30 2026-08-02 17:13:33,284 [INFO] streaming.state_manager: [SM] TRANSITION_TO_LIVE -> LIVE
2026-08-02 22:43:33+05:30 [METRICS] GPU_util=91% GPU_temp=65C GPU_mem=4.1GB/22.1GB (reserved=9.4GB) RSS=11767MB CPU_user=236.3s CPU_sys=21.8s sessions=2 pool=4/4
2026-08-02 22:43:34+05:30 2026-08-02 17:13:34,175 [INFO] streaming.state_manager: [SM] Adaptive caps: p95_ms=2073 buffer=52 peak=76 MAX=98 TARGET=78
2026-08-02 22:43:34+05:30 2026-08-02 17:13:34.312 | INFO     | flash_head.src.pipeline.flash_head_pipeline:generate_batch:538 - [generate_batch] GPU_BREAKDOWN denoise=799.4ms decode=361.8ms color+encode=141.1ms total=1303.1ms batch_size=2
2026-08-02 22:43:34+05:30 2026-08-02 17:13:34.312 | INFO     | flash_head.src.pipeline.flash_head_pipeline:generate_batch:545 - [generate_batch] DENOISE_STEPS total=799.4ms steps=[s0=197.0 s1=201.4 s2=200.4 s3=200.6] n_steps=4 batch_size=2
2026-08-02 22:43:34+05:30 2026-08-02 17:13:34,335 [INFO] VideoPublisher: VIDEO_PUBLISH_METRICS windowMs=5038 frames=126 effectiveFps=25.0 liveFrames=54 repeatedLiveFrames=32 idleFrames=40 desyncPct=57.1 maxGapMs=45.8 maxCaptureMs=1.0
2026-08-02 22:43:35+05:30 2026-08-02 17:13:35,361 [INFO] handler: UTTERANCE_END_RECEIVED session=conc-test-1-182b0a
2026-08-02 22:43:35+05:30 2026-08-02 17:13:35.718 | INFO     | flash_head.src.pipeline.flash_head_pipeline:generate_batch:538 - [generate_batch] GPU_BREAKDOWN denoise=800.2ms decode=363.2ms color+encode=139.6ms total=1303.5ms batch_size=2
2026-08-02 22:43:35+05:30 2026-08-02 17:13:35.719 | INFO     | flash_head.src.pipeline.flash_head_pipeline:generate_batch:545 - [generate_batch] DENOISE_STEPS total=800.2ms steps=[s0=199.4 s1=200.1 s2=200.4 s3=200.3] n_steps=4 batch_size=2
2026-08-02 22:43:36+05:30 2026-08-02 17:13:36,528 [INFO] VideoPublisher: VIDEO_PUBLISH_METRICS windowMs=5039 frames=126 effectiveFps=25.0 liveFrames=64 repeatedLiveFrames=33 idleFrames=29 desyncPct=49.2 maxGapMs=43.2 maxCaptureMs=1.2
2026-08-02 22:43:37+05:30 2026-08-02 17:13:37.120 | INFO     | flash_head.src.pipeline.flash_head_pipeline:generate_batch:538 - [generate_batch] GPU_BREAKDOWN denoise=795.3ms decode=364.4ms color+encode=140.1ms total=1300.7ms batch_size=2
2026-08-02 22:43:37+05:30 2026-08-02 17:13:37.120 | INFO     | flash_head.src.pipeline.flash_head_pipeline:generate_batch:545 - [generate_batch] DENOISE_STEPS total=795.3ms steps=[s0=196.8 s1=199.1 s2=199.2 s3=200.1] n_steps=4 batch_size=2
2026-08-02 22:43:37+05:30 2026-08-02 17:13:37,186 [INFO] BatchedStreamingEngine: cycle=100 batch=2 sessions=['conc-test-1-182b0a', 'conc-test-2-417bcd'] embed=35.5ms infer=1301.3ms xfer=65.1ms total=1402.0ms
2026-08-02 22:43:38+05:30 2026-08-02 17:13:38,252 [INFO] handler: UTTERANCE_END_RECEIVED session=conc-test-2-417bcd
2026-08-02 22:43:38+05:30 [METRICS] GPU_util=100% GPU_temp=65C GPU_mem=4.1GB/22.1GB (reserved=9.4GB) RSS=11767MB CPU_user=243.9s CPU_sys=22.4s sessions=2 pool=4/4
2026-08-02 22:43:38+05:30 2026-08-02 17:13:38.525 | INFO     | flash_head.src.pipeline.flash_head_pipeline:generate_batch:538 - [generate_batch] GPU_BREAKDOWN denoise=795.5ms decode=369.0ms color+encode=139.4ms total=1304.8ms batch_size=2
2026-08-02 22:43:38+05:30 2026-08-02 17:13:38.525 | INFO     | flash_head.src.pipeline.flash_head_pipeline:generate_batch:545 - [generate_batch] DENOISE_STEPS total=795.5ms steps=[s0=196.2 s1=199.2 s2=199.6 s3=200.6] n_steps=4 batch_size=2
2026-08-02 22:43:39+05:30 2026-08-02 17:13:39,336 [INFO] VideoPublisher: VIDEO_PUBLISH_METRICS windowMs=5000 frames=125 effectiveFps=25.0 liveFrames=91 repeatedLiveFrames=34 idleFrames=0 desyncPct=27.2 maxGapMs=41.9 maxCaptureMs=0.9
2026-08-02 22:43:39+05:30 2026-08-02 17:13:39.928 | INFO     | flash_head.src.pipeline.flash_head_pipeline:generate_batch:538 - [generate_batch] GPU_BREAKDOWN denoise=795.7ms decode=367.3ms color+encode=139.6ms total=1303.0ms batch_size=2
2026-08-02 22:43:39+05:30 2026-08-02 17:13:39.928 | INFO     | flash_head.src.pipeline.flash_head_pipeline:generate_batch:545 - [generate_batch] DENOISE_STEPS total=795.7ms steps=[s0=196.5 s1=200.0 s2=199.6 s3=199.7] n_steps=4 batch_size=2
2026-08-02 22:43:41+05:30 2026-08-02 17:13:41.331 | INFO     | flash_head.src.pipeline.flash_head_pipeline:generate_batch:538 - [generate_batch] GPU_BREAKDOWN denoise=797.0ms decode=361.8ms color+encode=139.7ms total=1299.1ms batch_size=2
2026-08-02 22:43:41+05:30 2026-08-02 17:13:41.331 | INFO     | flash_head.src.pipeline.flash_head_pipeline:generate_batch:545 - [generate_batch] DENOISE_STEPS total=797.0ms steps=[s0=197.3 s1=199.9 s2=199.9 s3=199.9] n_steps=4 batch_size=2
2026-08-02 22:43:41+05:30 2026-08-02 17:13:41,568 [INFO] VideoPublisher: VIDEO_PUBLISH_METRICS windowMs=5041 frames=126 effectiveFps=25.0 liveFrames=81 repeatedLiveFrames=45 idleFrames=0 desyncPct=35.7 maxGapMs=44.8 maxCaptureMs=1.0
2026-08-02 22:43:42+05:30 2026-08-02 17:13:42.735 | INFO     | flash_head.src.pipeline.flash_head_pipeline:generate_batch:538 - [generate_batch] GPU_BREAKDOWN denoise=800.0ms decode=361.2ms color+encode=140.1ms total=1301.9ms batch_size=2
2026-08-02 22:43:42+05:30 2026-08-02 17:13:42.735 | INFO     | flash_head.src.pipeline.flash_head_pipeline:generate_batch:545 - [generate_batch] DENOISE_STEPS total=800.0ms steps=[s0=197.3 s1=200.8 s2=201.3 s3=200.6] n_steps=4 batch_size=2
2026-08-02 22:43:43+05:30 [METRICS] GPU_util=99% GPU_temp=66C GPU_mem=4.1GB/22.1GB (reserved=9.4GB) RSS=11767MB CPU_user=251.2s CPU_sys=23.1s sessions=2 pool=4/4
2026-08-02 22:43:44+05:30 2026-08-02 17:13:44.137 | INFO     | flash_head.src.pipeline.flash_head_pipeline:generate_batch:538 - [generate_batch] GPU_BREAKDOWN denoise=798.5ms decode=363.1ms color+encode=140.5ms total=1302.7ms batch_size=2
2026-08-02 22:43:44+05:30 2026-08-02 17:13:44.137 | INFO     | flash_head.src.pipeline.flash_head_pipeline:generate_batch:545 - [generate_batch] DENOISE_STEPS total=798.5ms steps=[s0=198.1 s1=199.9 s2=200.4 s3=200.1] n_steps=4 batch_size=2
2026-08-02 22:43:44+05:30 2026-08-02 17:13:44,337 [INFO] VideoPublisher: VIDEO_PUBLISH_METRICS windowMs=5001 frames=125 effectiveFps=25.0 liveFrames=81 repeatedLiveFrames=44 idleFrames=0 desyncPct=35.2 maxGapMs=46.7 maxCaptureMs=7.5
2026-08-02 22:43:45+05:30 2026-08-02 17:13:45.540 | INFO     | flash_head.src.pipeline.flash_head_pipeline:generate_batch:538 - [generate_batch] GPU_BREAKDOWN denoise=796.7ms decode=365.1ms color+encode=141.4ms total=1304.1ms batch_size=2
2026-08-02 22:43:45+05:30 2026-08-02 17:13:45.540 | INFO     | flash_head.src.pipeline.flash_head_pipeline:generate_batch:545 - [generate_batch] DENOISE_STEPS total=796.7ms steps=[s0=196.7 s1=199.9 s2=200.2 s3=200.0] n_steps=4 batch_size=2
2026-08-02 22:43:46+05:30 2026-08-02 17:13:46,607 [INFO] VideoPublisher: VIDEO_PUBLISH_METRICS windowMs=5039 frames=126 effectiveFps=25.0 liveFrames=91 repeatedLiveFrames=35 idleFrames=0 desyncPct=27.8 maxGapMs=48.5 maxCaptureMs=0.9
2026-08-02 22:43:46+05:30 2026-08-02 17:13:46.945 | INFO     | flash_head.src.pipeline.flash_head_pipeline:generate_batch:538 - [generate_batch] GPU_BREAKDOWN denoise=797.1ms decode=364.6ms color+encode=141.2ms total=1303.2ms batch_size=2
2026-08-02 22:43:46+05:30 2026-08-02 17:13:46.945 | INFO     | flash_head.src.pipeline.flash_head_pipeline:generate_batch:545 - [generate_batch] DENOISE_STEPS total=797.1ms steps=[s0=197.2 s1=200.0 s2=199.8 s3=200.1] n_steps=4 batch_size=2
2026-08-02 22:43:48+05:30 2026-08-02 17:13:48.345 | INFO     | flash_head.src.pipeline.flash_head_pipeline:generate_batch:538 - [generate_batch] GPU_BREAKDOWN denoise=796.1ms decode=364.4ms color+encode=140.5ms total=1301.5ms batch_size=2
2026-08-02 22:43:48+05:30 2026-08-02 17:13:48.345 | INFO     | flash_head.src.pipeline.flash_head_pipeline:generate_batch:545 - [generate_batch] DENOISE_STEPS total=796.1ms steps=[s0=196.9 s1=200.1 s2=199.1 s3=200.0] n_steps=4 batch_size=2
2026-08-02 22:43:48+05:30 [METRICS] GPU_util=99% GPU_temp=66C GPU_mem=4.0GB/22.1GB (reserved=9.4GB) RSS=11767MB CPU_user=258.2s CPU_sys=23.9s sessions=2 pool=4/4
2026-08-02 22:43:49+05:30 2026-08-02 17:13:49,376 [INFO] VideoPublisher: VIDEO_PUBLISH_METRICS windowMs=5039 frames=126 effectiveFps=25.0 liveFrames=92 repeatedLiveFrames=34 idleFrames=0 desyncPct=27.0 maxGapMs=44.9 maxCaptureMs=7.9
2026-08-02 22:43:49+05:30 2026-08-02 17:13:49,567 [INFO] handler: UTTERANCE_END_RECEIVED session=conc-test-1-182b0a
2026-08-02 22:43:49+05:30 2026-08-02 17:13:49.774 | INFO     | flash_head.src.pipeline.flash_head_pipeline:generate_batch:538 - [generate_batch] GPU_BREAKDOWN denoise=817.2ms decode=361.9ms color+encode=140.5ms total=1320.1ms batch_size=2
2026-08-02 22:43:49+05:30 2026-08-02 17:13:49.774 | INFO     | flash_head.src.pipeline.flash_head_pipeline:generate_batch:545 - [generate_batch] DENOISE_STEPS total=817.2ms steps=[s0=197.5 s1=203.2 s2=200.7 s3=215.8] n_steps=4 batch_size=2
2026-08-02 22:43:51+05:30 2026-08-02 17:13:51.183 | INFO     | flash_head.src.pipeline.flash_head_pipeline:generate_batch:538 - [generate_batch] GPU_BREAKDOWN denoise=799.2ms decode=364.5ms color+encode=141.2ms total=1305.2ms batch_size=2
2026-08-02 22:43:51+05:30 2026-08-02 17:13:51.183 | INFO     | flash_head.src.pipeline.flash_head_pipeline:generate_batch:545 - [generate_batch] DENOISE_STEPS total=799.2ms steps=[s0=197.8 s1=201.4 s2=200.1 s3=199.9] n_steps=4 batch_size=2
2026-08-02 22:43:51+05:30 2026-08-02 17:13:51,248 [INFO] BatchedStreamingEngine: cycle=110 batch=2 sessions=['conc-test-1-182b0a', 'conc-test-2-417bcd'] embed=35.5ms infer=1305.7ms xfer=64.3ms total=1405.6ms
2026-08-02 22:43:51+05:30 2026-08-02 17:13:51,647 [INFO] VideoPublisher: VIDEO_PUBLISH_METRICS windowMs=5039 frames=126 effectiveFps=25.0 liveFrames=83 repeatedLiveFrames=43 idleFrames=0 desyncPct=34.1 maxGapMs=44.5 maxCaptureMs=1.5
2026-08-02 22:43:52+05:30 2026-08-02 17:13:52,476 [INFO] handler: UTTERANCE_END_RECEIVED session=conc-test-2-417bcd
2026-08-02 22:43:52+05:30 2026-08-02 17:13:52.589 | INFO     | flash_head.src.pipeline.flash_head_pipeline:generate_batch:538 - [generate_batch] GPU_BREAKDOWN denoise=797.3ms decode=370.2ms color+encode=140.2ms total=1308.5ms batch_size=2
2026-08-02 22:43:52+05:30 2026-08-02 17:13:52.589 | INFO     | flash_head.src.pipeline.flash_head_pipeline:generate_batch:545 - [generate_batch] DENOISE_STEPS total=797.3ms steps=[s0=197.2 s1=199.6 s2=200.2 s3=200.3] n_steps=4 batch_size=2
2026-08-02 22:43:52+05:30 2026-08-02 17:13:52,653 [INFO] BatchedStreamingEngine: Session conc-test-1-182b0a reactivated (keep_alive)
2026-08-02 22:43:53+05:30 2026-08-02 17:13:53.358 | INFO     | flash_head.src.pipeline.flash_head_pipeline:generate_batch:538 - [generate_batch] GPU_BREAKDOWN denoise=435.4ms decode=179.8ms color+encode=70.9ms total=687.1ms batch_size=1
2026-08-02 22:43:53+05:30 2026-08-02 17:13:53.358 | INFO     | flash_head.src.pipeline.flash_head_pipeline:generate_batch:545 - [generate_batch] DENOISE_STEPS total=435.4ms steps=[s0=108.7 s1=108.3 s2=109.4 s3=109.0] n_steps=4 batch_size=1
2026-08-02 22:43:53+05:30 2026-08-02 17:13:53,391 [INFO] BatchedStreamingEngine: Session conc-test-2-417bcd reactivated (keep_alive)
2026-08-02 22:43:53+05:30 [METRICS] GPU_util=100% GPU_temp=65C GPU_mem=4.0GB/22.1GB (reserved=9.4GB) RSS=11767MB CPU_user=265.6s CPU_sys=24.5s sessions=2 pool=4/4
2026-08-02 22:43:54+05:30 2026-08-02 17:13:54,087 [INFO] streaming.state_manager: [SM] LIVE -> TRANSITION_TO_IDLE (crossfade 8 frames)
2026-08-02 22:43:54+05:30 2026-08-02 17:13:54,405 [INFO] streaming.state_manager: [SM] TRANSITION_TO_IDLE -> IDLE
2026-08-02 22:43:54+05:30 2026-08-02 17:13:54,416 [INFO] VideoPublisher: VIDEO_PUBLISH_METRICS windowMs=5039 frames=126 effectiveFps=25.0 liveFrames=93 repeatedLiveFrames=33 idleFrames=0 desyncPct=26.2 maxGapMs=46.4 maxCaptureMs=1.0
2026-08-02 22:43:54+05:30 2026-08-02 17:13:54,551 [INFO] batched_stream_processor: BATCHED_DRAIN_COMPLETED session=conc-test-1-182b0a cycles=235 elapsed=25601.3ms keep_alive=True
2026-08-02 22:43:54+05:30 2026-08-02 17:13:54,612 [INFO] batched_stream_processor: BATCHED_DRAIN_STARTED session=conc-test-1-182b0a keep_alive=True
2026-08-02 22:43:54+05:30 2026-08-02 17:13:54,612 [INFO] BatchedStreamingEngine: Session conc-test-1-182b0a marked for drain (keep_alive=True)
2026-08-02 22:43:55+05:30 2026-08-02 17:13:55,056 [INFO] streaming.state_manager: [SM] LIVE -> TRANSITION_TO_IDLE (crossfade 8 frames)
2026-08-02 22:43:55+05:30 2026-08-02 17:13:55.286 | INFO     | flash_head.src.pipeline.flash_head_pipeline:generate_batch:538 - [generate_batch] GPU_BREAKDOWN denoise=446.5ms decode=179.2ms color+encode=70.3ms total=696.6ms batch_size=1
2026-08-02 22:43:55+05:30 2026-08-02 17:13:55.287 | INFO     | flash_head.src.pipeline.flash_head_pipeline:generate_batch:545 - [generate_batch] DENOISE_STEPS total=446.5ms steps=[s0=119.9 s1=108.9 s2=108.1 s3=109.6] n_steps=4 batch_size=1
2026-08-02 22:43:55+05:30 2026-08-02 17:13:55,325 [INFO] streaming.state_manager: [SM] IDLE -> TRANSITION_TO_LIVE (crossfade 8 frames, queue=24)
2026-08-02 22:43:55+05:30 2026-08-02 17:13:55,374 [INFO] streaming.state_manager: [SM] TRANSITION_TO_IDLE -> IDLE
2026-08-02 22:43:55+05:30 2026-08-02 17:13:55,545 [INFO] batched_stream_processor: BATCHED_DRAIN_COMPLETED session=conc-test-2-417bcd cycles=223 elapsed=24678.1ms keep_alive=True
2026-08-02 22:43:55+05:30 2026-08-02 17:13:55,589 [INFO] batched_stream_processor: BATCHED_DRAIN_STARTED session=conc-test-2-417bcd keep_alive=True
2026-08-02 22:43:55+05:30 2026-08-02 17:13:55,589 [INFO] BatchedStreamingEngine: Session conc-test-2-417bcd marked for drain (keep_alive=True)
2026-08-02 22:43:55+05:30 2026-08-02 17:13:55,645 [INFO] streaming.state_manager: [SM] TRANSITION_TO_LIVE -> LIVE
2026-08-02 22:43:56+05:30 2026-08-02 17:13:56.044 | INFO     | flash_head.src.pipeline.flash_head_pipeline:generate_batch:538 - [generate_batch] GPU_BREAKDOWN denoise=451.4ms decode=179.0ms color+encode=70.6ms total=701.4ms batch_size=1
2026-08-02 22:43:56+05:30 2026-08-02 17:13:56.044 | INFO     | flash_head.src.pipeline.flash_head_pipeline:generate_batch:545 - [generate_batch] DENOISE_STEPS total=451.4ms steps=[s0=104.4 s1=112.7 s2=124.5 s3=109.9] n_steps=4 batch_size=1
2026-08-02 22:43:56+05:30 2026-08-02 17:13:56,647 [INFO] VideoPublisher: VIDEO_PUBLISH_METRICS windowMs=5000 frames=125 effectiveFps=25.0 liveFrames=63 repeatedLiveFrames=23 idleFrames=39 desyncPct=49.6 maxGapMs=48.7 maxCaptureMs=1.2
2026-08-02 22:43:56+05:30 2026-08-02 17:13:56.778 | INFO     | flash_head.src.pipeline.flash_head_pipeline:generate_batch:538 - [generate_batch] GPU_BREAKDOWN denoise=435.3ms decode=181.0ms color+encode=70.2ms total=686.8ms batch_size=1
2026-08-02 22:43:56+05:30 2026-08-02 17:13:56.778 | INFO     | flash_head.src.pipeline.flash_head_pipeline:generate_batch:545 - [generate_batch] DENOISE_STEPS total=435.3ms steps=[s0=105.0 s1=110.2 s2=109.3 s3=110.8] n_steps=4 batch_size=1
2026-08-02 22:43:56+05:30 2026-08-02 17:13:56,818 [INFO] streaming.state_manager: [SM] IDLE -> TRANSITION_TO_LIVE (crossfade 8 frames, queue=24)
2026-08-02 22:43:57+05:30 2026-08-02 17:13:57,134 [INFO] streaming.state_manager: [SM] TRANSITION_TO_LIVE -> LIVE
2026-08-02 22:43:57+05:30 2026-08-02 17:13:57,767 [INFO] streaming.state_manager: [SM] LIVE -> TRANSITION_TO_IDLE (crossfade 8 frames)
2026-08-02 22:43:58+05:30 2026-08-02 17:13:58,086 [INFO] streaming.state_manager: [SM] TRANSITION_TO_IDLE -> IDLE
2026-08-02 22:43:58+05:30 2026-08-02 17:13:58.146 | INFO     | flash_head.src.pipeline.flash_head_pipeline:generate_batch:538 - [generate_batch] GPU_BREAKDOWN denoise=799.0ms decode=364.6ms color+encode=139.7ms total=1303.7ms batch_size=2
2026-08-02 22:43:58+05:30 2026-08-02 17:13:58.147 | INFO     | flash_head.src.pipeline.flash_head_pipeline:generate_batch:545 - [generate_batch] DENOISE_STEPS total=799.0ms steps=[s0=198.9 s1=200.0 s2=199.4 s3=200.6] n_steps=4 batch_size=2
2026-08-02 22:43:58+05:30 2026-08-02 17:13:58,206 [INFO] streaming.state_manager: [SM] IDLE -> TRANSITION_TO_LIVE (crossfade 8 frames, queue=24)
2026-08-02 22:43:58+05:30 2026-08-02 17:13:58,524 [INFO] streaming.state_manager: [SM] TRANSITION_TO_LIVE -> LIVE
2026-08-02 22:43:58+05:30 [METRICS] GPU_util=59% GPU_temp=66C GPU_mem=4.1GB/22.1GB (reserved=9.4GB) RSS=11767MB CPU_user=272.9s CPU_sys=24.9s sessions=2 pool=4/4
2026-08-02 22:43:59+05:30 2026-08-02 17:13:59,416 [INFO] VideoPublisher: VIDEO_PUBLISH_METRICS windowMs=5000 frames=125 effectiveFps=25.0 liveFrames=44 repeatedLiveFrames=29 idleFrames=52 desyncPct=64.8 maxGapMs=45.7 maxCaptureMs=0.7
2026-08-02 22:43:59+05:30 2026-08-02 17:13:59.542 | INFO     | flash_head.src.pipeline.flash_head_pipeline:generate_batch:538 - [generate_batch] GPU_BREAKDOWN denoise=799.9ms decode=359.6ms color+encode=140.4ms total=1300.3ms batch_size=2
2026-08-02 22:43:59+05:30 2026-08-02 17:13:59.542 | INFO     | flash_head.src.pipeline.flash_head_pipeline:generate_batch:545 - [generate_batch] DENOISE_STEPS total=799.9ms steps=[s0=197.8 s1=201.4 s2=200.9 s3=199.8] n_steps=4 batch_size=2
2026-08-02 22:44:00+05:30 2026-08-02 17:14:00.939 | INFO     | flash_head.src.pipeline.flash_head_pipeline:generate_batch:538 - [generate_batch] GPU_BREAKDOWN denoise=796.8ms decode=364.5ms color+encode=140.8ms total=1302.4ms batch_size=2
2026-08-02 22:44:00+05:30 2026-08-02 17:14:00.940 | INFO     | flash_head.src.pipeline.flash_head_pipeline:generate_batch:545 - [generate_batch] DENOISE_STEPS total=796.8ms steps=[s0=197.3 s1=199.8 s2=200.2 s3=199.6] n_steps=4 batch_size=2
2026-08-02 22:44:01+05:30 2026-08-02 17:14:01,406 [INFO] streaming.state_manager: [SM] Adaptive caps: p95_ms=2069 buffer=52 peak=76 MAX=98 TARGET=78
2026-08-02 22:44:01+05:30 2026-08-02 17:14:01,688 [INFO] VideoPublisher: VIDEO_PUBLISH_METRICS windowMs=5040 frames=126 effectiveFps=25.0 liveFrames=74 repeatedLiveFrames=33 idleFrames=19 desyncPct=41.3 maxGapMs=48.7 maxCaptureMs=0.9
2026-08-02 22:44:02+05:30 2026-08-02 17:14:02.367 | INFO     | flash_head.src.pipeline.flash_head_pipeline:generate_batch:538 - [generate_batch] GPU_BREAKDOWN denoise=797.2ms decode=365.3ms color+encode=140.8ms total=1303.9ms batch_size=2
2026-08-02 22:44:02+05:30 2026-08-02 17:14:02.367 | INFO     | flash_head.src.pipeline.flash_head_pipeline:generate_batch:545 - [generate_batch] DENOISE_STEPS total=797.2ms steps=[s0=197.9 s1=200.0 s2=199.7 s3=199.6] n_steps=4 batch_size=2
2026-08-02 22:44:03+05:30 [METRICS] GPU_util=100% GPU_temp=66C GPU_mem=4.1GB/22.1GB (reserved=9.4GB) RSS=11767MB CPU_user=280.2s CPU_sys=25.6s sessions=2 pool=4/4
2026-08-02 22:44:03+05:30 2026-08-02 17:14:03,737 [INFO] handler: UTTERANCE_END_RECEIVED session=conc-test-1-182b0a
2026-08-02 22:44:03+05:30 2026-08-02 17:14:03.776 | INFO     | flash_head.src.pipeline.flash_head_pipeline:generate_batch:538 - [generate_batch] GPU_BREAKDOWN denoise=799.3ms decode=361.8ms color+encode=140.6ms total=1302.2ms batch_size=2
2026-08-02 22:44:03+05:30 2026-08-02 17:14:03.776 | INFO     | flash_head.src.pipeline.flash_head_pipeline:generate_batch:545 - [generate_batch] DENOISE_STEPS total=799.3ms steps=[s0=198.1 s1=201.0 s2=199.8 s3=200.5] n_steps=4 batch_size=2
2026-08-02 22:44:03+05:30 2026-08-02 17:14:03,842 [INFO] BatchedStreamingEngine: cycle=120 batch=2 sessions=['conc-test-1-182b0a', 'conc-test-2-417bcd'] embed=37.8ms infer=1302.7ms xfer=65.1ms total=1405.7ms
2026-08-02 22:44:04+05:30 2026-08-02 17:14:04,214 [INFO] streaming.state_manager: [SM] Adaptive caps: p95_ms=2067 buffer=52 peak=76 MAX=98 TARGET=78
2026-08-02 22:44:04+05:30 2026-08-02 17:14:04,456 [INFO] VideoPublisher: VIDEO_PUBLISH_METRICS windowMs=5040 frames=126 effectiveFps=25.0 liveFrames=88 repeatedLiveFrames=38 idleFrames=0 desyncPct=30.2 maxGapMs=46.3 maxCaptureMs=1.3
2026-08-02 22:44:05+05:30 2026-08-02 17:14:05.182 | INFO     | flash_head.src.pipeline.flash_head_pipeline:generate_batch:538 - [generate_batch] GPU_BREAKDOWN denoise=796.7ms decode=367.1ms color+encode=140.2ms total=1304.6ms batch_size=2
2026-08-02 22:44:05+05:30 2026-08-02 17:14:05.182 | INFO     | flash_head.src.pipeline.flash_head_pipeline:generate_batch:545 - [generate_batch] DENOISE_STEPS total=796.7ms steps=[s0=196.3 s1=199.4 s2=200.8 s3=200.1] n_steps=4 batch_size=2
2026-08-02 22:44:06+05:30 2026-08-02 17:14:06,119 [INFO] handler: UTTERANCE_END_RECEIVED session=conc-test-2-417bcd
2026-08-02 22:44:06+05:30 2026-08-02 17:14:06.587 | INFO     | flash_head.src.pipeline.flash_head_pipeline:generate_batch:538 - [generate_batch] GPU_BREAKDOWN denoise=797.1ms decode=365.9ms color+encode=141.2ms total=1304.7ms batch_size=2
2026-08-02 22:44:06+05:30 2026-08-02 17:14:06.587 | INFO     | flash_head.src.pipeline.flash_head_pipeline:generate_batch:545 - [generate_batch] DENOISE_STEPS total=797.1ms steps=[s0=197.2 s1=200.0 s2=199.7 s3=200.2] n_steps=4 batch_size=2
2026-08-02 22:44:06+05:30 2026-08-02 17:14:06,688 [INFO] VideoPublisher: VIDEO_PUBLISH_METRICS windowMs=5000 frames=125 effectiveFps=25.0 liveFrames=80 repeatedLiveFrames=45 idleFrames=0 desyncPct=36.0 maxGapMs=44.7 maxCaptureMs=1.1
2026-08-02 22:44:08+05:30 2026-08-02 17:14:08.001 | INFO     | flash_head.src.pipeline.flash_head_pipeline:generate_batch:538 - [generate_batch] GPU_BREAKDOWN denoise=799.1ms decode=366.8ms color+encode=140.1ms total=1306.5ms batch_size=2
2026-08-02 22:44:08+05:30 2026-08-02 17:14:08.001 | INFO     | flash_head.src.pipeline.flash_head_pipeline:generate_batch:545 - [generate_batch] DENOISE_STEPS total=799.1ms steps=[s0=197.8 s1=199.9 s2=199.6 s3=201.8] n_steps=4 batch_size=2
2026-08-02 22:44:08+05:30 [METRICS] GPU_util=99% GPU_temp=67C GPU_mem=4.1GB/22.1GB (reserved=9.4GB) RSS=11767MB CPU_user=287.4s CPU_sys=26.3s sessions=2 pool=4/4
2026-08-02 22:44:08+05:30 2026-08-02 17:14:08,731 [INFO] handler: WS_CLOSED session=conc-test-2-417bcd ip=172.20.16.49
2026-08-02 22:44:08+05:30 2026-08-02 17:14:08,732 [INFO] handler: WS_CONNECTION_LOST session=conc-test-2-417bcd ip=172.20.16.49
2026-08-02 22:44:08+05:30 2026-08-02 17:14:08,732 [INFO] aiohttp.access: 172.20.16.49 [02/Aug/2026:17:13:05 +0000] "GET /ws/conc-test-2-417bcd HTTP/1.1" 101 0 "-" "Python/3.14 websockets/16.1.1"
2026-08-02 22:44:08+05:30 2026-08-02 17:14:08,745 [INFO] handler: WS_CLOSED session=conc-test-1-182b0a ip=172.20.16.49
2026-08-02 22:44:08+05:30 2026-08-02 17:14:08,746 [INFO] handler: WS_CONNECTION_LOST session=conc-test-1-182b0a ip=172.20.16.49
2026-08-02 22:44:08+05:30 2026-08-02 17:14:08,746 [INFO] aiohttp.access: 172.20.16.49 [02/Aug/2026:17:13:03 +0000] "GET /ws/conc-test-1-182b0a HTTP/1.1" 101 0 "-" "Python/3.14 websockets/16.1.1"
2026-08-02 22:44:08+05:30 CONNECT /ws/conc-test-2-417bcd -> 101 Switching Protocols  (duration: 63.2 s, execution: 63.1 s)
2026-08-02 22:44:08+05:30 CONNECT /ws/conc-test-1-182b0a -> 101 Switching Protocols  (duration: 65.9 s, execution: 65.7 s)
2026-08-02 22:44:09+05:30 2026-08-02 17:14:09.417 | INFO     | flash_head.src.pipeline.flash_head_pipeline:generate_batch:538 - [generate_batch] GPU_BREAKDOWN denoise=797.8ms decode=369.3ms color+encode=141.0ms total=1308.7ms batch_size=2
2026-08-02 22:44:09+05:30 2026-08-02 17:14:09.417 | INFO     | flash_head.src.pipeline.flash_head_pipeline:generate_batch:545 - [generate_batch] DENOISE_STEPS total=797.8ms steps=[s0=197.4 s1=200.4 s2=199.9 s3=200.0] n_steps=4 batch_size=2
2026-08-02 22:44:09+05:30 2026-08-02 17:14:09,458 [INFO] VideoPublisher: VIDEO_PUBLISH_METRICS windowMs=5001 frames=125 effectiveFps=25.0 liveFrames=80 repeatedLiveFrames=45 idleFrames=0 desyncPct=36.0 maxGapMs=44.7 maxCaptureMs=1.3
2026-08-02 22:44:09+05:30 2026-08-02 17:14:09,671 [INFO] batched_stream_processor: [BATCHED-DIAG] {'event': 'participant_disconnected', 't': 81.102, 'identity': 'viewer-script-conc-test-2-417bcd'}
2026-08-02 22:44:09+05:30 2026-08-02 17:14:09,873 [INFO] batched_stream_processor: [BATCHED-DIAG] {'event': 'participant_disconnected', 't': 84.098, 'identity': 'viewer-script-conc-test-1-182b0a'}
2026-08-02 22:44:09+05:30 2026-08-02 17:14:09,893 [INFO] BatchedStreamingEngine: Session conc-test-2-417bcd marked for drain (keep_alive=False)
2026-08-02 22:44:09+05:30 2026-08-02 17:14:09,893 [INFO] streaming.websocket_server: Unregistered WebSocket session: conc-test-2-417bcd
2026-08-02 22:44:09+05:30 2026-08-02 17:14:09,990 [INFO] BatchedStreamingEngine: Session conc-test-1-182b0a marked for drain (keep_alive=False)
2026-08-02 22:44:09+05:30 2026-08-02 17:14:09,990 [INFO] streaming.websocket_server: Unregistered WebSocket session: conc-test-1-182b0a
2026-08-02 22:44:10+05:30 2026-08-02 17:14:10,057 [INFO] batched_stream_processor: [BATCHED-DIAG] {'event': 'connection_state_changed', 't': 81.487, 'state': '0'}
2026-08-02 22:44:10+05:30 2026-08-02 17:14:10,057 [INFO] batched_stream_processor: [BATCHED-DIAG] {'event': 'disconnected', 't': 81.487, 'state': '0', 'reason': '1'}
2026-08-02 22:44:10+05:30 2026-08-02 17:14:10,058 [INFO] aiohttp.access: 172.20.16.49 [02/Aug/2026:17:14:09 +0000] "POST /sessions/conc-test-2-417bcd/end HTTP/1.1" 200 232 "-" "Python/3.14 aiohttp/3.14.1"
2026-08-02 22:44:10+05:30    POST /sessions/conc-test-2-417bcd/end -> 200 OK  (duration: 593.8 ms, execution: 470.6 ms)
2026-08-02 22:44:10+05:30 2026-08-02 17:14:10,460 [INFO] batched_stream_processor: [BATCHED-DIAG] {'event': 'connection_state_changed', 't': 84.685, 'state': '0'}
2026-08-02 22:44:10+05:30 2026-08-02 17:14:10,460 [INFO] batched_stream_processor: [BATCHED-DIAG] {'event': 'disconnected', 't': 84.685, 'state': '0', 'reason': '1'}
2026-08-02 22:44:10+05:30 2026-08-02 17:14:10,461 [INFO] aiohttp.access: 172.20.16.49 [02/Aug/2026:17:14:09 +0000] "POST /sessions/conc-test-1-182b0a/end HTTP/1.1" 200 232 "-" "Python/3.14 aiohttp/3.14.1"
2026-08-02 22:44:10+05:30    POST /sessions/conc-test-1-182b0a/end -> 200 OK  (duration: 873.4 ms, execution: 674.3 ms)
2026-08-02 22:44:10+05:30 2026-08-02 17:14:10.854 | INFO     | flash_head.src.pipeline.flash_head_pipeline:generate_batch:538 - [generate_batch] GPU_BREAKDOWN denoise=834.2ms decode=357.5ms color+encode=138.5ms total=1330.6ms batch_size=2
2026-08-02 22:44:10+05:30 2026-08-02 17:14:10.854 | INFO     | flash_head.src.pipeline.flash_head_pipeline:generate_batch:545 - [generate_batch] DENOISE_STEPS total=834.2ms steps=[s0=198.6 s1=205.5 s2=222.2 s3=207.9] n_steps=4 batch_size=2
2026-08-02 22:44:12+05:30 2026-08-02 17:14:12.244 | INFO     | flash_head.src.pipeline.flash_head_pipeline:generate_batch:538 - [generate_batch] GPU_BREAKDOWN denoise=789.2ms decode=358.6ms color+encode=138.0ms total=1286.3ms batch_size=2
2026-08-02 22:44:12+05:30 2026-08-02 17:14:12.244 | INFO     | flash_head.src.pipeline.flash_head_pipeline:generate_batch:545 - [generate_batch] DENOISE_STEPS total=789.2ms steps=[s0=194.3 s1=197.7 s2=198.7 s3=198.4] n_steps=4 batch_size=2
2026-08-02 22:44:13+05:30 [METRICS] GPU_util=99% GPU_temp=68C GPU_mem=4.4GB/22.1GB (reserved=9.4GB) RSS=11767MB CPU_user=293.3s CPU_sys=26.9s sessions=0 pool=4/4
2026-08-02 22:44:13+05:30 2026-08-02 17:14:13.638 | INFO     | flash_head.src.pipeline.flash_head_pipeline:generate_batch:538 - [generate_batch] GPU_BREAKDOWN denoise=788.9ms decode=365.5ms color+encode=138.3ms total=1293.1ms batch_size=2
2026-08-02 22:44:13+05:30 2026-08-02 17:14:13.638 | INFO     | flash_head.src.pipeline.flash_head_pipeline:generate_batch:545 - [generate_batch] DENOISE_STEPS total=788.9ms steps=[s0=195.5 s1=197.8 s2=197.4 s3=198.2] n_steps=4 batch_size=2
2026-08-02 22:44:15+05:30 2026-08-02 17:14:15.028 | INFO     | flash_head.src.pipeline.flash_head_pipeline:generate_batch:538 - [generate_batch] GPU_BREAKDOWN denoise=789.2ms decode=366.1ms color+encode=139.3ms total=1295.1ms batch_size=2
2026-08-02 22:44:15+05:30 2026-08-02 17:14:15.029 | INFO     | flash_head.src.pipeline.flash_head_pipeline:generate_batch:545 - [generate_batch] DENOISE_STEPS total=789.2ms steps=[s0=195.0 s1=198.5 s2=198.0 s3=197.7] n_steps=4 batch_size=2
2026-08-02 22:44:16+05:30 2026-08-02 17:14:16.416 | INFO     | flash_head.src.pipeline.flash_head_pipeline:generate_batch:538 - [generate_batch] GPU_BREAKDOWN denoise=790.5ms decode=365.9ms color+encode=138.0ms total=1294.9ms batch_size=2
2026-08-02 22:44:16+05:30 2026-08-02 17:14:16.416 | INFO     | flash_head.src.pipeline.flash_head_pipeline:generate_batch:545 - [generate_batch] DENOISE_STEPS total=790.5ms steps=[s0=194.7 s1=198.8 s2=198.5 s3=198.5] n_steps=4 batch_size=2
2026-08-02 22:44:17+05:30 2026-08-02 17:14:17.803 | INFO     | flash_head.src.pipeline.flash_head_pipeline:generate_batch:538 - [generate_batch] GPU_BREAKDOWN denoise=788.4ms decode=362.1ms color+encode=138.4ms total=1289.4ms batch_size=2
2026-08-02 22:44:17+05:30 2026-08-02 17:14:17.803 | INFO     | flash_head.src.pipeline.flash_head_pipeline:generate_batch:545 - [generate_batch] DENOISE_STEPS total=788.4ms steps=[s0=194.8 s1=198.0 s2=198.3 s3=197.3] n_steps=4 batch_size=2
2026-08-02 22:44:17+05:30 2026-08-02 17:14:17,871 [INFO] BatchedStreamingEngine: cycle=130 batch=2 sessions=['conc-test-1-182b0a', 'conc-test-2-417bcd'] embed=30.4ms infer=1289.9ms xfer=67.4ms total=1387.8ms
2026-08-02 22:44:17+05:30 2026-08-02 17:14:17,872 [INFO] BatchedStreamingEngine: Session conc-test-1-182b0a removed (total=1)
2026-08-02 22:44:18+05:30 2026-08-02 17:14:18.562 | INFO     | flash_head.src.pipeline.flash_head_pipeline:generate_batch:538 - [generate_batch] GPU_BREAKDOWN denoise=427.3ms decode=176.4ms color+encode=70.0ms total=674.1ms batch_size=1
2026-08-02 22:44:18+05:30 2026-08-02 17:14:18.562 | INFO     | flash_head.src.pipeline.flash_head_pipeline:generate_batch:545 - [generate_batch] DENOISE_STEPS total=427.3ms steps=[s0=103.5 s1=107.9 s2=108.1 s3=107.8] n_steps=4 batch_size=1
2026-08-02 22:44:18+05:30 2026-08-02 17:14:18,599 [INFO] BatchedStreamingEngine: Session conc-test-2-417bcd removed (total=0)
2026-08-02 22:44:18+05:30 [METRICS] GPU_util=90% GPU_temp=68C GPU_mem=4.0GB/22.1GB (reserved=9.4GB) RSS=11767MB CPU_user=298.1s CPU_sys=27.2s sessions=0 pool=4/4
2026-08-02 22:44:23+05:30 [METRICS] GPU_util=0% GPU_temp=62C GPU_mem=4.0GB/22.1GB (reserved=9.4GB) RSS=11767MB CPU_user=302.5s CPU_sys=27.4s sessions=0 pool=4/4
2026-08-02 22:44:28+05:30 [METRICS] GPU_util=0% GPU_temp=61C GPU_mem=4.0GB/22.1GB (reserved=9.4GB) RSS=11767MB CPU_user=307.0s CPU_sys=27.5s sessions=0 pool=4/4
2026-08-02 22:44:33+05:30 [METRICS] GPU_util=0% GPU_temp=59C GPU_mem=4.0GB/22.1GB (reserved=9.4GB) RSS=11767MB CPU_user=311.5s CPU_sys=27.7s sessions=0 pool=4/4
2026-08-02 22:44:38+05:30 [METRICS] GPU_util=0% GPU_temp=58C GPU_mem=4.0GB/22.1GB (reserved=9.4GB) RSS=11767MB CPU_user=315.9s CPU_sys=27.9s sessions=0 pool=4/4
2026-08-02 22:44:43+05:30 [METRICS] GPU_util=0% GPU_temp=57C GPU_mem=4.0GB/22.1GB (reserved=9.4GB) RSS=11767MB CPU_user=320.4s CPU_sys=28.0s sessions=0 pool=4/4
2026-08-02 22:44:48+05:30 [METRICS] GPU_util=0% GPU_temp=56C GPU_mem=4.0GB/22.1GB (reserved=9.4GB) RSS=11767MB CPU_user=324.9s CPU_sys=28.1s sessions=0 pool=4/4
2026-08-02 22:44:53+05:30 [METRICS] GPU_util=0% GPU_temp=55C GPU_mem=4.0GB/22.1GB (reserved=9.4GB) RSS=11767MB CPU_user=329.2s CPU_sys=28.3s sessions=0 pool=4/4
2026-08-02 22:44:58+05:30 [METRICS] GPU_util=0% GPU_temp=54C GPU_mem=4.0GB/22.1GB (reserved=9.4GB) RSS=11767MB CPU_user=333.4s CPU_sys=28.4s sessions=0 pool=4/4
2026-08-02 22:45:03+05:30 [METRICS] GPU_util=0% GPU_temp=53C GPU_mem=4.0GB/22.1GB (reserved=9.4GB) RSS=11767MB CPU_user=337.7s CPU_sys=28.5s sessions=0 pool=4/4
2026-08-02 22:45:08+05:30 [METRICS] GPU_util=0% GPU_temp=53C GPU_mem=4.0GB/22.1GB (reserved=9.4GB) RSS=11767MB CPU_user=342.2s CPU_sys=28.6s sessions=0 pool=4/4
2026-08-02 22:45:09+05:30 Creating GPU memory snapshot for Function.
2026-08-02 22:45:13+05:30 [METRICS] GPU_util=0% GPU_temp=52C GPU_mem=4.0GB/22.1GB (reserved=9.4GB) RSS=11767MB CPU_user=346.5s CPU_sys=28.8s sessions=0 pool=4/4
2026-08-02 22:45:19+05:30 [METRICS] GPU_util=0% GPU_temp=51C GPU_mem=4.0GB/22.1GB (reserved=9.4GB) RSS=11767MB CPU_user=351.2s CPU_sys=28.9s sessions=0 pool=4/4
2026-08-02 22:45:19+05:30 
2026-08-02 22:45:19+05:30 =============
2026-08-02 22:45:19+05:30 == PyTorch ==
2026-08-02 22:45:19+05:30 =============
2026-08-02 22:45:19+05:30 
2026-08-02 22:45:19+05:30 NVIDIA Release 26.05 (build 313520559)
2026-08-02 22:45:19+05:30 PyTorch Version 2.12.0a0+5aff392
2026-08-02 22:45:19+05:30 Container image Copyright (c) 2026, NVIDIA CORPORATION & AFFILIATES. All rights reserved.
2026-08-02 22:45:19+05:30 Copyright (c) 2014-2024 Facebook Inc.
2026-08-02 22:45:19+05:30 Copyright (c) 2011-2014 Idiap Research Institute (Ronan Collobert)
2026-08-02 22:45:19+05:30 Copyright (c) 2012-2014 Deepmind Technologies    (Koray Kavukcuoglu)
2026-08-02 22:45:19+05:30 Copyright (c) 2011-2012 NEC Laboratories America (Koray Kavukcuoglu)
2026-08-02 22:45:19+05:30 Copyright (c) 2011-2013 NYU                      (Clement Farabet)
2026-08-02 22:45:19+05:30 Copyright (c) 2006-2010 NEC Laboratories America (Ronan Collobert, Leon Bottou, Iain Melvin, Jason Weston)
2026-08-02 22:45:19+05:30 Copyright (c) 2006      Idiap Research Institute (Samy Bengio)
2026-08-02 22:45:19+05:30 Copyright (c) 2001-2004 Idiap Research Institute (Ronan Collobert, Samy Bengio, Johnny Mariethoz)
2026-08-02 22:45:19+05:30 Copyright (c) 2015      Google Inc.
2026-08-02 22:45:19+05:30 Copyright (c) 2015      Yangqing Jia
2026-08-02 22:45:19+05:30 Copyright (c) 2013-2016 The Caffe contributors
2026-08-02 22:45:19+05:30 All rights reserved.
2026-08-02 22:45:19+05:30 
2026-08-02 22:45:19+05:30 Various files include modifications (c) NVIDIA CORPORATION & AFFILIATES.  All rights reserved.
2026-08-02 22:45:19+05:30 
2026-08-02 22:45:19+05:30 GOVERNING TERMS: The software and materials are governed by the NVIDIA Software License Agreement
2026-08-02 22:45:19+05:30 (found at https://www.nvidia.com/en-us/agreements/enterprise-software/nvidia-software-license-agreement/)
2026-08-02 22:45:19+05:30 and the Product-Specific Terms for NVIDIA AI Products
2026-08-02 22:45:19+05:30 (found at https://www.nvidia.com/en-us/agreements/enterprise-software/product-specific-terms-for-ai-products/).
2026-08-02 22:45:20+05:30 
2026-08-02 22:45:20+05:30 WARNING: CUDA Minor Version Compatibility mode ENABLED.
2026-08-02 22:45:20+05:30   Using driver version 580.95.05 which has support for CUDA 13.0.  This container
2026-08-02 22:45:20+05:30   was built with CUDA 13.2 and will be run in Minor Version Compatibility mode.
2026-08-02 22:45:20+05:30   CUDA Forward Compatibility is preferred over Minor Version Compatibility for use
2026-08-02 22:45:20+05:30   with this container but was unavailable:
2026-08-02 22:45:20+05:30   [[]]
2026-08-02 22:45:20+05:30   See https://docs.nvidia.com/deploy/cuda-compatibility/ for details.
2026-08-02 22:45:20+05:30 
2026-08-02 22:45:23+05:30 [STRESS] Snapshot load with WORKER_CONCURRENCY=4
2026-08-02 22:45:24+05:30 [METRICS] GPU_util=0% GPU_temp=51C GPU_mem=4.0GB/22.1GB (reserved=9.4GB) RSS=11767MB CPU_user=355.5s CPU_sys=29.0s sessions=0 pool=4/4
2026-08-02 22:45:29+05:30 [METRICS] GPU_util=0% GPU_temp=50C GPU_mem=4.0GB/22.1GB (reserved=9.4GB) RSS=11767MB CPU_user=359.8s CPU_sys=29.2s sessions=0 pool=4/4
2026-08-02 22:45:29+05:30 [SNAP_CREATE_START] pid=2 cuda_available=True allocated=0 reserved=0 memory_snapshot_segments=0
2026-08-02 22:45:44+05:30 W0802 17:15:44.104000 2 torch/utils/_pytree.py:630] <enum 'KernelPreference'> is an Enum subclass and is now natively supported by torch.compile as an opaque value type. Calling register_constant() on Enum subclasses is deprecated and will be an error in a future release.
2026-08-02 22:45:44+05:30 W0802 17:15:44.452000 2 torch/utils/_pytree.py:630] <enum 'ScaleCalculationMode'> is an Enum subclass and is now natively supported by torch.compile as an opaque value type. Calling register_constant() on Enum subclasses is deprecated and will be an error in a future release.
2026-08-02 22:45:44+05:30 Unable to import `torchao` Tensor objects. This may affect loading checkpoints serialized with `torchao`
2026-08-02 22:45:52+05:30 [SNAP_CREATE] flash_attn version: 2.7.4.post1
2026-08-02 22:45:52+05:30 [SNAP_CREATE] flash_attn_interface (FA3) NOT available
2026-08-02 22:45:52+05:30 [SNAP_CREATE] sageattention available
2026-08-02 22:45:52+05:30 [SNAP_CREATE] Loading FlashHead pipeline on GPU...
2026-08-02 22:45:52+05:30 2026-08-02 17:15:52.199 | INFO     | flash_head.inference:get_pipeline:21 - ulysses_degree: 1, ring_degree: 1, device: cuda
2026-08-02 22:45:57+05:30 There are modules in CausalVideoAutoencoder that should be kept in float32: []. Casting directly with `to()` can lead to inconsistent results; set `torch_dtype` in `from_pretrained()` instead to keep these modules in float32.
2026-08-02 22:46:00+05:30 There are modules in WanModelAudioProject that should be kept in float32: []. Casting directly with `to()` can lead to inconsistent results; set `torch_dtype` in `from_pretrained()` instead to keep these modules in float32.
2026-08-02 22:46:03+05:30 Some weights of Wav2Vec2Model were not initialized from the model checkpoint at /app/models/wav2vec2-base-960h and are newly initialized: ['masked_spec_embed']
2026-08-02 22:46:03+05:30 You should probably TRAIN this model on a down-stream task to be able to use it for predictions and inference.
2026-08-02 22:46:03+05:30 2026-08-02 17:16:03.607 | INFO     | flash_head.src.pipeline.flash_head_pipeline:get_cached_lite_components:102 - Cached Lite model components for reuse
2026-08-02 22:46:03+05:30 [SNAP_CREATE] Pipeline loaded in 11408.8ms
2026-08-02 22:46:03+05:30 [SNAP_CREATE_POST_PIPELINE_LOAD] pid=2 cuda_available=True allocated=4294345216 reserved=4578082816 memory_snapshot_segments=0
2026-08-02 22:46:03+05:30 [SNAP_CREATE] Running warmup inference on GPU...
2026-08-02 22:46:11+05:30 2026-08-02 17:16:11.272 | INFO     | flash_head.src.pipeline.flash_head_pipeline:generate:392 - [generate] DENOISE_STEPS total=5481.6ms steps=[s0=5142.8 s1=112.5 s2=113.0 s3=113.3] n_steps=4
2026-08-02 22:46:11+05:30 [SNAP_CREATE] Warmup completed in 7669.8ms
2026-08-02 22:46:11+05:30 [SNAP_CREATE_POST_WARMUP] pid=2 cuda_available=True allocated=4306209792 reserved=5941231616 memory_snapshot_segments=0
2026-08-02 22:46:11+05:30 [SNAP_CREATE] torch.compile state after warmup: is_compiled=False
2026-08-02 22:46:11+05:30 [SNAP_CREATE_AFTER_CLEANUP] pid=2 cuda_available=True allocated=4303916032 reserved=4580179968 memory_snapshot_segments=0
2026-08-02 22:46:11+05:30 [SNAP_PRE_RESET] SIGSEGV handler: <function _crash_handler at 0x2a8e54abac00>
2026-08-02 22:46:11+05:30 [SNAP_PRE_RESET] SIGABRT handler: <function _crash_handler at 0x2a8e54abac00>
2026-08-02 22:46:11+05:30 [SNAP_PRE_RESET] SIGBUS handler: <function _crash_handler at 0x2a8e54abac00>
2026-08-02 22:46:11+05:30 [SNAP_PRE_RESET] SIGFPE handler: <function _crash_handler at 0x2a8e54abac00>
2026-08-02 22:46:11+05:30 [SNAP] Resetting signal 11 from <function _crash_handler at 0x2a8e54abac00> to SIG_DFL
2026-08-02 22:46:11+05:30 [SNAP] Resetting signal 6 from <function _crash_handler at 0x2a8e54abac00> to SIG_DFL
2026-08-02 22:46:11+05:30 [SNAP] Resetting signal 7 from <function _crash_handler at 0x2a8e54abac00> to SIG_DFL
2026-08-02 22:46:11+05:30 [SNAP] Resetting signal 8 from <function _crash_handler at 0x2a8e54abac00> to SIG_DFL
2026-08-02 22:46:11+05:30 [SNAP_POST_RESET] SIGSEGV handler: 0
2026-08-02 22:46:11+05:30 [SNAP_POST_RESET] SIGABRT handler: 0
2026-08-02 22:46:11+05:30 [SNAP_POST_RESET] SIGBUS handler: 0
2026-08-02 22:46:11+05:30 [SNAP_POST_RESET] SIGFPE handler: 0
2026-08-02 22:46:11+05:30 [SNAP_CREATE] Ready for GPU snapshot (memory optimized)
2026-08-02 22:47:04+05:30 Snapshot created. Restoring Function from memory snapshot.
2026-08-02 22:47:05+05:30 Restoring Function from memory snapshot.
2026-08-02 22:47:11+05:30 [RESTORE] Starting GPU snapshot restore
2026-08-02 22:47:11+05:30 [RESTORE_START] pid=2 cuda_available=True allocated=4303916032 reserved=4580179968 memory_snapshot_segments=0
2026-08-02 22:47:11+05:30 [RESTORE] cuda.is_available=True dist.is_initialized=False
2026-08-02 22:47:11+05:30 [RESTORE] allocated=4303916032 reserved=4580179968 memory_snapshot_segments=0
2026-08-02 22:47:11+05:30 [RESTORE] snap_pipeline exists: device=cuda
2026-08-02 22:47:11+05:30 [RESTORE_POST] SIGSEGV handler: 0
2026-08-02 22:47:11+05:30 [RESTORE_POST] SIGABRT handler: 0
2026-08-02 22:47:11+05:30 [RESTORE_POST] SIGBUS handler: 0
2026-08-02 22:47:11+05:30 [RESTORE_POST] SIGFPE handler: 0
2026-08-02 22:47:11+05:30 [RESTORE] torch.compile state: is_compiled=False
2026-08-02 22:47:11+05:30 [RESTORE_FINAL] pid=2 cuda_available=True allocated=4303916032 reserved=4580179968 memory_snapshot_segments=0
2026-08-02 22:47:11+05:30 [RESTORE] GPU snapshot restore complete
2026-08-02 22:47:11+05:30 [SERVE] Starting serve() post-restore (STRESS TEST, concurrency=4)
2026-08-02 22:47:12+05:30 2026-08-02 17:17:12,363 [INFO] handler: Using baked FlashHead checkpoint directory: /app/models/SoulX-FlashHead-1_3B
2026-08-02 22:47:12+05:30 2026-08-02 17:17:12,364 [INFO] utils.model_pool: Initializing FlashHead pool: initial_size=4 max_size=4
2026-08-02 22:47:12+05:30 2026-08-02 17:17:12,364 [INFO] utils.model_pool: Loading pipeline 1/4...
2026-08-02 22:47:12+05:30 2026-08-02 17:17:12.364 | INFO     | flash_head.inference:get_pipeline:21 - ulysses_degree: 1, ring_degree: 1, device: cuda
2026-08-02 22:47:12+05:30 2026-08-02 17:17:12.364 | INFO     | flash_head.src.pipeline.flash_head_pipeline:get_cached_lite_components:68 - Reusing cached Lite model components
2026-08-02 22:47:12+05:30 2026-08-02 17:17:12,364 [INFO] utils.model_pool: Pipeline 1/4 loaded successfully.
2026-08-02 22:47:12+05:30 2026-08-02 17:17:12,364 [INFO] utils.model_pool: Loading pipeline 2/4...
2026-08-02 22:47:12+05:30 2026-08-02 17:17:12.364 | INFO     | flash_head.inference:get_pipeline:21 - ulysses_degree: 1, ring_degree: 1, device: cuda
2026-08-02 22:47:12+05:30 2026-08-02 17:17:12.365 | INFO     | flash_head.src.pipeline.flash_head_pipeline:get_cached_lite_components:68 - Reusing cached Lite model components
2026-08-02 22:47:12+05:30 2026-08-02 17:17:12,365 [INFO] utils.model_pool: Pipeline 2/4 loaded successfully.
2026-08-02 22:47:12+05:30 2026-08-02 17:17:12,365 [INFO] utils.model_pool: Loading pipeline 3/4...
2026-08-02 22:47:12+05:30 2026-08-02 17:17:12.365 | INFO     | flash_head.inference:get_pipeline:21 - ulysses_degree: 1, ring_degree: 1, device: cuda
2026-08-02 22:47:12+05:30 2026-08-02 17:17:12.365 | INFO     | flash_head.src.pipeline.flash_head_pipeline:get_cached_lite_components:68 - Reusing cached Lite model components
2026-08-02 22:47:12+05:30 2026-08-02 17:17:12,365 [INFO] utils.model_pool: Pipeline 3/4 loaded successfully.
2026-08-02 22:47:12+05:30 2026-08-02 17:17:12,365 [INFO] utils.model_pool: Loading pipeline 4/4...
2026-08-02 22:47:12+05:30 2026-08-02 17:17:12.365 | INFO     | flash_head.inference:get_pipeline:21 - ulysses_degree: 1, ring_degree: 1, device: cuda
2026-08-02 22:47:12+05:30 2026-08-02 17:17:12.365 | INFO     | flash_head.src.pipeline.flash_head_pipeline:get_cached_lite_components:68 - Reusing cached Lite model components
2026-08-02 22:47:12+05:30 2026-08-02 17:17:12,365 [INFO] utils.model_pool: Pipeline 4/4 loaded successfully.
2026-08-02 22:47:12+05:30 2026-08-02 17:17:12,366 [INFO] BatchedStreamingEngine: BatchedStreamingEngine background thread started
2026-08-02 22:47:12+05:30 [STRESS] BatchedStreamingEngine started (wait_window=20ms)
2026-08-02 22:47:12+05:30 [STRESS] /readyz patched: prewarm check relaxed
2026-08-02 22:47:12+05:30 [SERVE_POST_RESTORE] flash_attn version: 2.7.4.post1
2026-08-02 22:47:12+05:30 [SERVE_POST_RESTORE] flash_attn_interface (FA3) NOT available
2026-08-02 22:47:12+05:30 [SERVE_POST_RESTORE] sageattention available
2026-08-02 22:47:12+05:30 2026-08-02 17:17:12,368 [INFO] default_avatar_cache: [default-avatar-cache] Manifest not found at /app/config/default_avatars.manifest.json. Falling back to per-session URL fetch.
2026-08-02 22:47:12+05:30 [modal] Default avatar manifest not found at /app/config/default_avatars.manifest.json - falling back to per-session URL fetch
2026-08-02 22:47:12+05:30 [modal] Default idle cache: cachedIdleVideoCount=0 failed=0
2026-08-02 22:47:12+05:30 [SERVE] Snapshot pipeline in model_pool: current_size=4 available=4
2026-08-02 22:47:12+05:30 2026-08-02 17:17:12,370 [INFO] modal_app_stress: aiohttp background thread started ident=46797011293888
2026-08-02 22:47:12+05:30 2026-08-02 17:17:12,371 [INFO] streaming.websocket_server: Starting WebSocket ingestion server on ws://0.0.0.0:8765
2026-08-02 22:47:12+05:30 2026-08-02 17:17:12,377 [INFO] websockets.server: server listening on 0.0.0.0:8765
2026-08-02 22:47:12+05:30 [SERVE] Models already on GPU from snapshot - marking ready immediately
2026-08-02 22:47:12+05:30 [SERVE_START] pid=2 cuda_available=True allocated=4303916032 reserved=4580179968 memory_snapshot_segments=0
2026-08-02 22:47:13+05:30 [prewarm] Connecting to wss://ai-14ksodzi.livekit.cloud room=prewarm-4d0cb32d slot=1/1 attempt=1/required...
2026-08-02 22:47:13+05:30 Nvidia Decoder is supported.
2026-08-02 22:47:13+05:30 2026-08-02 17:17:13,942 [INFO] livekit: livekit_api::signal_client::signal_stream:104:livekit_api::signal_client::signal_stream - connecting to wss://ai-14ksodzi.livekit.cloud/rtc/v1
2026-08-02 22:47:14+05:30 [prewarm] Connected slot=1/1 in 953.2 ms, adding to pool
2026-08-02 22:47:14+05:30 2026-08-02 17:17:14,183 [INFO] modal_app_stress: aiohttp site started thread=46797011293888 event_loop=46797020391296
2026-08-02 22:47:14+05:30 [STRESS] All 4 pool slots filled from snapshot pipeline. No additional pipelines to load.
2026-08-02 22:47:14+05:30 [STRESS] Prewarm pool size=1. Test script will mint rooms for sessions 2-N.
2026-08-02 22:47:14+05:30 [METRICS] GPU_util=0% GPU_temp=60C GPU_mem=4.0GB/22.0GB (reserved=4.3GB) RSS=11956MB CPU_user=41.4s CPU_sys=10.2s sessions=0 pool=4/4
2026-08-02 22:47:19+05:30 [METRICS] GPU_util=0% GPU_temp=61C GPU_mem=4.0GB/22.0GB (reserved=4.3GB) RSS=11956MB CPU_user=45.1s CPU_sys=10.2s sessions=0 pool=4/4
2026-08-02 22:47:21+05:30 2026-08-02 17:17:21,553 [INFO] aiohttp.access: 172.20.0.203 [02/Aug/2026:17:17:21 +0000] "GET /readyz HTTP/1.1" 200 398 "-" "Python/3.14 aiohttp/3.14.1"
2026-08-02 22:47:21+05:30     GET /readyz -> 200 OK  (duration: 202.7 ms, execution: 156.2 ms)
2026-08-02 22:47:22+05:30 2026-08-02 17:17:22,613 [INFO] handler: [claim_room] Claimed room prewarm-4d0cb32d for new session
2026-08-02 22:47:22+05:30 2026-08-02 17:17:22,614 [INFO] aiohttp.access: 172.20.0.203 [02/Aug/2026:17:17:22 +0000] "POST /room/claim HTTP/1.1" 200 965 "-" "Python/3.14 aiohttp/3.14.1"
2026-08-02 22:47:22+05:30    POST /room/claim -> 200 OK  (duration: 83.4 ms, execution: 41.4 ms)
2026-08-02 22:47:23+05:30 2026-08-02 17:17:23,731 [INFO] handler: [pod_session_start] Received session=conc-test-1-930852 room=prewarm-4d0cb32d ingestion=websocket hasIdleAsset=False
2026-08-02 22:47:23+05:30 2026-08-02 17:17:23,731 [INFO] streaming.websocket_server: Registered WebSocket session: conc-test-1-930852
2026-08-02 22:47:23+05:30 2026-08-02 17:17:23,732 [INFO] aiohttp.access: 172.20.0.203 [02/Aug/2026:17:17:23 +0000] "POST /sessions/start HTTP/1.1" 202 271 "-" "Python/3.14 aiohttp/3.14.1"
2026-08-02 22:47:23+05:30 2026-08-02 17:17:23,735 [INFO] handler: [handler] Reusing pre-warmed LiveKit room prewarm-4d0cb32d connection_state=1 identity=prewarm-prewarm-4d0cb32d
2026-08-02 22:47:23+05:30 2026-08-02 17:17:23,735 [INFO] batched_stream_processor: [BATCHED-DIAG] threading context: thread_id=46797011293888 thread_name=modal-aiohttp-server event_loop_id=46797020391296
2026-08-02 22:47:23+05:30 2026-08-02 17:17:23,736 [INFO] batched_stream_processor: Connecting to LiveKit room=prewarm-4d0cb32d url=wss://ai-14ksodzi.livekit.cloud session=conc-test-1-930852
2026-08-02 22:47:23+05:30 2026-08-02 17:17:23,736 [INFO] batched_stream_processor: Reusing pre-connected LiveKit room=prewarm-4d0cb32d session=conc-test-1-930852 connection_state=1
2026-08-02 22:47:23+05:30    POST /sessions/start -> 202 Accepted  (duration: 96.1 ms, execution: 50.7 ms)
2026-08-02 22:47:24+05:30 2026-08-02 17:17:24,154 [INFO] batched_stream_processor: IDLE_FALLBACK_PUBLISHED session=conc-test-1-930852
2026-08-02 22:47:24+05:30 2026-08-02 17:17:24,154 [INFO] batched_stream_processor: Registering session conc-test-1-930852 with BatchedStreamingEngine
2026-08-02 22:47:24+05:30 2026-08-02 17:17:24,161 [INFO] BatchedStreamingEngine: Session conc-test-1-930852 added (total=1)
2026-08-02 22:47:24+05:30 [METRICS] GPU_util=0% GPU_temp=61C GPU_mem=4.0GB/22.0GB (reserved=4.3GB) RSS=11956MB CPU_user=48.8s CPU_sys=10.5s sessions=1 pool=4/4
2026-08-02 22:47:24+05:30 2026-08-02 17:17:24,761 [INFO] batched_stream_processor: Session conc-test-1-930852 registered with engine in 606.9 ms (avatar prepared)
2026-08-02 22:47:24+05:30 2026-08-02 17:17:24,762 [INFO] streaming.state_manager: [SM] Adaptive caps: p95_ms=350 buffer=9 peak=33 MAX=42 TARGET=33
2026-08-02 22:47:24+05:30 2026-08-02 17:17:24,762 [INFO] streaming.state_manager: [SM] Adaptive caps: p95_ms=350 buffer=9 peak=33 MAX=42 TARGET=33
2026-08-02 22:47:24+05:30 2026-08-02 17:17:24,763 [INFO] VideoPublisher: [VP-DIAG] First non-None frame received after 0 None ticks (~0.0s). Creating track...
2026-08-02 22:47:24+05:30 2026-08-02 17:17:24,763 [INFO] VideoPublisher: [VP-DIAG] Creating video track 512x512
2026-08-02 22:47:24+05:30 2026-08-02 17:17:24,766 [INFO] VideoPublisher: [VP-DIAG] Calling publish_track()...
2026-08-02 22:47:24+05:30 2026-08-02 17:17:24,782 [INFO] VideoPublisher: [VP-DIAG] publish_track() completed in 15.8 ms
2026-08-02 22:47:24+05:30 2026-08-02 17:17:24,793 [INFO] livekit: livekit::room::e2ee::manager:179:livekit::room::e2ee::manager - packet_trailer not enabled for published track TR_VCaFgXNnG8UGuY from prewarm-prewarm-4d0cb32d
2026-08-02 22:47:24+05:30 2026-08-02 17:17:24,794 [INFO] batched_stream_processor: [BATCHED-DIAG] {'event': 'local_track_published', 't': 1.059, 'sid': 'TR_VCaFgXNnG8UGuY', 'kind': 2}
2026-08-02 22:47:24+05:30 2026-08-02 17:17:24,795 [INFO] batched_stream_processor: IDLE_TRACK_PUBLISHED session=conc-test-1-930852 room=prewarm-4d0cb32d
2026-08-02 22:47:24+05:30 2026-08-02 17:17:24,841 [INFO] livekit: livekit::rtc_engine::peer_transport:447:livekit::rtc_engine::peer_transport - Applying x-google-start-bitrate=2700 kbps (ultimate_bps=Some(3000000))
2026-08-02 22:47:24+05:30 2026-08-02 17:17:24,842 [INFO] livekit: livekit::rtc_engine::peer_transport:455:livekit::rtc_engine::peer_transport - SDP munged successfully for video codec
2026-08-02 22:47:24+05:30 2026-08-02 17:17:24,913 [INFO] batched_stream_processor: [BATCHED-DIAG] {'event': 'participant_connected', 't': 1.177, 'identity': 'viewer-script-conc-test-1-930852'}
2026-08-02 22:47:25+05:30 2026-08-02 17:17:25,653 [INFO] aiohttp.access: 172.20.0.203 [02/Aug/2026:17:17:25 +0000] "POST /room/claim HTTP/1.1" 200 238 "-" "Python/3.14 aiohttp/3.14.1"
2026-08-02 22:47:25+05:30    POST /room/claim -> 200 OK  (duration: 80.0 ms, execution: 39.6 ms)
2026-08-02 22:47:26+05:30 2026-08-02 17:17:26,607 [INFO] handler: [pod_session_start] Received session=conc-test-2-4b127e room=conc-test-e04d2ad8 ingestion=websocket hasIdleAsset=False
2026-08-02 22:47:26+05:30 2026-08-02 17:17:26,608 [INFO] streaming.websocket_server: Registered WebSocket session: conc-test-2-4b127e
2026-08-02 22:47:26+05:30 2026-08-02 17:17:26,609 [INFO] aiohttp.access: 172.20.0.203 [02/Aug/2026:17:17:26 +0000] "POST /sessions/start HTTP/1.1" 202 271 "-" "Python/3.14 aiohttp/3.14.1"
2026-08-02 22:47:26+05:30 2026-08-02 17:17:26,610 [INFO] handler: [handler] prewarm_pool.release() took 0.0ms for room conc-test-e04d2ad8
2026-08-02 22:47:26+05:30 2026-08-02 17:17:26,611 [INFO] batched_stream_processor: [BATCHED-DIAG] threading context: thread_id=46797011293888 thread_name=modal-aiohttp-server event_loop_id=46797020391296
2026-08-02 22:47:26+05:30 2026-08-02 17:17:26,611 [INFO] batched_stream_processor: Connecting to LiveKit room=conc-test-e04d2ad8 url=wss://ai-14ksodzi.livekit.cloud session=conc-test-2-4b127e
2026-08-02 22:47:26+05:30 2026-08-02 17:17:26,612 [INFO] batched_stream_processor: [BATCHED-DIAG] room.connect() attempt 1/3 | url=wss://ai-14ksodzi.livekit.cloud
2026-08-02 22:47:26+05:30    POST /sessions/start -> 202 Accepted  (duration: 84.3 ms, execution: 48.3 ms)
2026-08-02 22:47:26+05:30 2026-08-02 17:17:26,722 [INFO] livekit: livekit_api::signal_client::signal_stream:104:livekit_api::signal_client::signal_stream - connecting to wss://ai-14ksodzi.livekit.cloud/rtc/v1
2026-08-02 22:47:26+05:30 2026-08-02 17:17:26,897 [INFO] handler: WS_REQUEST_RECEIVED session=conc-test-1-930852 origin= ip=172.20.0.203
2026-08-02 22:47:26+05:30 2026-08-02 17:17:26,899 [INFO] handler: WS_CONNECT session=conc-test-1-930852 origin= ip=172.20.0.203 handlerMs=1.5
2026-08-02 22:47:27+05:30 2026-08-02 17:17:27,061 [INFO] batched_stream_processor: Connected to LiveKit room=conc-test-e04d2ad8 (attempt 1, 449.6 ms). events=0
2026-08-02 22:47:27+05:30 2026-08-02 17:17:27,076 [INFO] batched_stream_processor: [BATCHED-DIAG] {'event': 'connection_state_changed', 't': 0.464, 'state': '1'}
2026-08-02 22:47:27+05:30 2026-08-02 17:17:27,128 [INFO] batched_stream_processor: [BATCHED-DIAG] {'event': 'participant_connected', 't': 0.516, 'identity': 'viewer-script-conc-test-2-4b127e'}
2026-08-02 22:47:27+05:30 2026-08-02 17:17:27,466 [INFO] batched_stream_processor: IDLE_FALLBACK_PUBLISHED session=conc-test-2-4b127e
2026-08-02 22:47:27+05:30 2026-08-02 17:17:27,467 [INFO] batched_stream_processor: Registering session conc-test-2-4b127e with BatchedStreamingEngine
2026-08-02 22:47:27+05:30 2026-08-02 17:17:27,500 [INFO] BatchedStreamingEngine: Session conc-test-2-4b127e added (total=2)
2026-08-02 22:47:28+05:30 2026-08-02 17:17:28,880 [INFO] batched_stream_processor: Session conc-test-2-4b127e registered with engine in 1412.7 ms (avatar prepared)
2026-08-02 22:47:28+05:30 2026-08-02 17:17:28,881 [INFO] streaming.state_manager: [SM] Adaptive caps: p95_ms=700 buffer=18 peak=42 MAX=54 TARGET=43
2026-08-02 22:47:28+05:30 2026-08-02 17:17:28,883 [INFO] streaming.state_manager: [SM] Adaptive caps: p95_ms=700 buffer=18 peak=42 MAX=54 TARGET=43
2026-08-02 22:47:28+05:30 2026-08-02 17:17:28,884 [INFO] VideoPublisher: [VP-DIAG] First non-None frame received after 0 None ticks (~0.0s). Creating track...
2026-08-02 22:47:28+05:30 2026-08-02 17:17:28,885 [INFO] VideoPublisher: [VP-DIAG] Creating video track 512x512
2026-08-02 22:47:28+05:30 2026-08-02 17:17:28,888 [INFO] VideoPublisher: [VP-DIAG] Calling publish_track()...
2026-08-02 22:47:28+05:30 2026-08-02 17:17:28,908 [INFO] VideoPublisher: [VP-DIAG] publish_track() completed in 19.2 ms
2026-08-02 22:47:28+05:30 2026-08-02 17:17:28,919 [INFO] batched_stream_processor: [BATCHED-DIAG] {'event': 'local_track_published', 't': 2.308, 'sid': 'TR_VCte6jvbx7JTnT', 'kind': 2}
2026-08-02 22:47:28+05:30 2026-08-02 17:17:28,921 [INFO] batched_stream_processor: IDLE_TRACK_PUBLISHED session=conc-test-2-4b127e room=conc-test-e04d2ad8
2026-08-02 22:47:28+05:30 2026-08-02 17:17:28,936 [INFO] livekit: livekit::room::e2ee::manager:179:livekit::room::e2ee::manager - packet_trailer not enabled for published track TR_VCte6jvbx7JTnT from aivatar-worker-conc-test-2-4b127e
2026-08-02 22:47:28+05:30 2026-08-02 17:17:28,984 [INFO] livekit: livekit::rtc_engine::peer_transport:447:livekit::rtc_engine::peer_transport - Applying x-google-start-bitrate=2700 kbps (ultimate_bps=Some(3000000))
2026-08-02 22:47:28+05:30 2026-08-02 17:17:28,987 [INFO] livekit: livekit::rtc_engine::peer_transport:455:livekit::rtc_engine::peer_transport - SDP munged successfully for video codec
2026-08-02 22:47:29+05:30 [METRICS] GPU_util=4% GPU_temp=62C GPU_mem=4.1GB/22.0GB (reserved=5.6GB) RSS=11956MB CPU_user=56.8s CPU_sys=11.7s sessions=2 pool=4/4
2026-08-02 22:47:29+05:30 2026-08-02 17:17:29,772 [INFO] VideoPublisher: VIDEO_PUBLISH_METRICS windowMs=5010 frames=126 effectiveFps=25.1 liveFrames=0 repeatedLiveFrames=0 idleFrames=126 desyncPct=100.0 maxGapMs=61.5 maxCaptureMs=11.2
2026-08-02 22:47:30+05:30 2026-08-02 17:17:30,629 [INFO] handler: WS_REQUEST_RECEIVED session=conc-test-2-4b127e origin= ip=172.20.0.203
2026-08-02 22:47:30+05:30 2026-08-02 17:17:30,630 [INFO] handler: WS_CONNECT session=conc-test-2-4b127e origin= ip=172.20.0.203 handlerMs=0.8
2026-08-02 22:47:31+05:30 2026-08-02 17:17:31.237 | INFO     | flash_head.src.pipeline.flash_head_pipeline:generate_batch:538 - [generate_batch] GPU_BREAKDOWN denoise=2478.0ms decode=260.1ms color+encode=176.8ms total=2919.7ms batch_size=1
2026-08-02 22:47:31+05:30 2026-08-02 17:17:31.237 | INFO     | flash_head.src.pipeline.flash_head_pipeline:generate_batch:545 - [generate_batch] DENOISE_STEPS total=2478.0ms steps=[s0=1468.6 s1=413.1 s2=275.3 s3=321.0] n_steps=4 batch_size=1
2026-08-02 22:47:31+05:30 2026-08-02 17:17:31,340 [INFO] AudioPublisher: [AP-DIAG] Calling publish_track()...
2026-08-02 22:47:31+05:30 2026-08-02 17:17:31,345 [INFO] streaming.state_manager: [SM] IDLE -> TRANSITION_TO_LIVE (crossfade 8 frames, queue=24)
2026-08-02 22:47:31+05:30 2026-08-02 17:17:31,371 [WARNING] VideoPublisher: VIDEO_PUBLISH_GAP gapMs=82.1 targetFps=25 frameSource=idle
2026-08-02 22:47:31+05:30 2026-08-02 17:17:31,380 [INFO] AudioPublisher: [AP-DIAG] publish_track() completed in 39.1 ms (16000 Hz, 1 ch)
2026-08-02 22:47:31+05:30 2026-08-02 17:17:31,396 [INFO] batched_stream_processor: [BATCHED-DIAG] {'event': 'local_track_published', 't': 7.661, 'sid': 'TR_AMUCNBdyqrWwUb', 'kind': 1}
2026-08-02 22:47:31+05:30 2026-08-02 17:17:31,418 [WARNING] VideoPublisher: VIDEO_PUBLISH_GAP gapMs=131.5 targetFps=25 frameSource=transition_to_live
2026-08-02 22:47:31+05:30 2026-08-02 17:17:31,452 [INFO] livekit: livekit::rtc_engine::peer_transport:447:livekit::rtc_engine::peer_transport - Applying x-google-start-bitrate=2700 kbps (ultimate_bps=Some(3000000))
2026-08-02 22:47:31+05:30 2026-08-02 17:17:31,605 [INFO] handler: UTTERANCE_END_RECEIVED session=conc-test-1-930852
2026-08-02 22:47:31+05:30 2026-08-02 17:17:31,607 [INFO] batched_stream_processor: BATCHED_DRAIN_STARTED session=conc-test-1-930852 keep_alive=True
2026-08-02 22:47:31+05:30 2026-08-02 17:17:31,608 [INFO] BatchedStreamingEngine: Session conc-test-1-930852 marked for drain (keep_alive=True)
2026-08-02 22:47:31+05:30 2026-08-02 17:17:31,645 [INFO] streaming.state_manager: [SM] TRANSITION_TO_LIVE -> LIVE
2026-08-02 22:47:31+05:30 2026-08-02 17:17:31,831 [INFO] batched_stream_processor: [BATCHED-DIAG] {'event': 'quality_changed', 't': 5.22, 'participant': 'aivatar-worker-conc-test-2-4b127e', 'quality': '2'}
2026-08-02 22:47:32+05:30 2026-08-02 17:17:32,817 [INFO] streaming.state_manager: [SM] LIVE -> TRANSITION_TO_IDLE (crossfade 8 frames)
2026-08-02 22:47:33+05:30 2026-08-02 17:17:33,127 [INFO] streaming.state_manager: [SM] TRANSITION_TO_IDLE -> IDLE
2026-08-02 22:47:33+05:30 2026-08-02 17:17:33,891 [INFO] VideoPublisher: VIDEO_PUBLISH_METRICS windowMs=5010 frames=126 effectiveFps=25.2 liveFrames=0 repeatedLiveFrames=0 idleFrames=126 desyncPct=100.0 maxGapMs=82.1 maxCaptureMs=8.4
2026-08-02 22:47:34+05:30 2026-08-02 17:17:34.068 | INFO     | flash_head.src.pipeline.flash_head_pipeline:generate_batch:538 - [generate_batch] GPU_BREAKDOWN denoise=1284.2ms decode=580.7ms color+encode=195.5ms total=2066.5ms batch_size=2
2026-08-02 22:47:34+05:30 2026-08-02 17:17:34.068 | INFO     | flash_head.src.pipeline.flash_head_pipeline:generate_batch:545 - [generate_batch] DENOISE_STEPS total=1284.2ms steps=[s0=516.6 s1=264.1 s2=266.7 s3=236.7] n_steps=4 batch_size=2
2026-08-02 22:47:34+05:30 2026-08-02 17:17:34,168 [INFO] streaming.state_manager: [SM] IDLE -> TRANSITION_TO_LIVE (crossfade 8 frames, queue=24)
2026-08-02 22:47:34+05:30 2026-08-02 17:17:34,228 [INFO] AudioPublisher: [AP-DIAG] Calling publish_track()...
2026-08-02 22:47:34+05:30 2026-08-02 17:17:34,244 [INFO] AudioPublisher: [AP-DIAG] publish_track() completed in 16.0 ms (16000 Hz, 1 ch)
2026-08-02 22:47:34+05:30 2026-08-02 17:17:34,253 [INFO] batched_stream_processor: [BATCHED-DIAG] {'event': 'local_track_published', 't': 7.642, 'sid': 'TR_AMFiMMpvzJfbZg', 'kind': 1}
2026-08-02 22:47:34+05:30 2026-08-02 17:17:34,254 [INFO] streaming.state_manager: [SM] IDLE -> TRANSITION_TO_LIVE (crossfade 8 frames, queue=24)
2026-08-02 22:47:34+05:30 2026-08-02 17:17:34,301 [WARNING] VideoPublisher: VIDEO_PUBLISH_GAP gapMs=88.6 targetFps=25 frameSource=transition_to_live
2026-08-02 22:47:34+05:30 2026-08-02 17:17:34,333 [INFO] livekit: livekit::rtc_engine::peer_transport:447:livekit::rtc_engine::peer_transport - Applying x-google-start-bitrate=2700 kbps (ultimate_bps=Some(3000000))
2026-08-02 22:47:34+05:30 2026-08-02 17:17:34,487 [INFO] streaming.state_manager: [SM] TRANSITION_TO_LIVE -> LIVE
2026-08-02 22:47:34+05:30 [METRICS] GPU_util=5% GPU_temp=64C GPU_mem=4.0GB/22.0GB (reserved=7.2GB) RSS=11956MB CPU_user=66.9s CPU_sys=12.7s sessions=2 pool=4/4
2026-08-02 22:47:34+05:30 2026-08-02 17:17:34,567 [INFO] streaming.state_manager: [SM] TRANSITION_TO_LIVE -> LIVE
2026-08-02 22:47:34+05:30 2026-08-02 17:17:34,778 [INFO] VideoPublisher: VIDEO_PUBLISH_METRICS windowMs=5006 frames=125 effectiveFps=25.0 liveFrames=25 repeatedLiveFrames=12 idleFrames=88 desyncPct=80.0 maxGapMs=131.5 maxCaptureMs=6.2
2026-08-02 22:47:35+05:30 2026-08-02 17:17:35,611 [INFO] handler: UTTERANCE_END_RECEIVED session=conc-test-2-4b127e
2026-08-02 22:47:35+05:30 2026-08-02 17:17:35,611 [INFO] batched_stream_processor: BATCHED_DRAIN_STARTED session=conc-test-2-4b127e keep_alive=True
2026-08-02 22:47:35+05:30 2026-08-02 17:17:35,611 [INFO] BatchedStreamingEngine: Session conc-test-2-4b127e marked for drain (keep_alive=True)
2026-08-02 22:47:35+05:30 2026-08-02 17:17:35,652 [INFO] streaming.state_manager: [SM] LIVE -> TRANSITION_TO_IDLE (crossfade 8 frames)
2026-08-02 22:47:35+05:30 2026-08-02 17:17:35,732 [INFO] streaming.state_manager: [SM] LIVE -> TRANSITION_TO_IDLE (crossfade 8 frames)
2026-08-02 22:47:35+05:30 2026-08-02 17:17:35,963 [INFO] streaming.state_manager: [SM] TRANSITION_TO_IDLE -> IDLE
2026-08-02 22:47:36+05:30 2026-08-02 17:17:36,044 [INFO] streaming.state_manager: [SM] TRANSITION_TO_IDLE -> IDLE
2026-08-02 22:47:36+05:30 2026-08-02 17:17:36.374 | INFO     | flash_head.src.pipeline.flash_head_pipeline:generate_batch:538 - [generate_batch] GPU_BREAKDOWN denoise=942.7ms decode=486.5ms color+encode=186.4ms total=1621.9ms batch_size=2
2026-08-02 22:47:36+05:30 2026-08-02 17:17:36.375 | INFO     | flash_head.src.pipeline.flash_head_pipeline:generate_batch:545 - [generate_batch] DENOISE_STEPS total=942.7ms steps=[s0=273.2 s1=221.9 s2=222.0 s3=225.6] n_steps=4 batch_size=2
2026-08-02 22:47:36+05:30 2026-08-02 17:17:36,443 [INFO] streaming.state_manager: [SM] IDLE -> TRANSITION_TO_LIVE (crossfade 8 frames, queue=24)
2026-08-02 22:47:36+05:30 2026-08-02 17:17:36,483 [INFO] streaming.state_manager: [SM] IDLE -> TRANSITION_TO_LIVE (crossfade 8 frames, queue=24)
2026-08-02 22:47:36+05:30 2026-08-02 17:17:36,763 [INFO] streaming.state_manager: [SM] TRANSITION_TO_LIVE -> LIVE
2026-08-02 22:47:36+05:30 2026-08-02 17:17:36,804 [INFO] streaming.state_manager: [SM] TRANSITION_TO_LIVE -> LIVE
2026-08-02 22:47:37+05:30 2026-08-02 17:17:37,932 [INFO] streaming.state_manager: [SM] LIVE -> TRANSITION_TO_IDLE (crossfade 8 frames)
2026-08-02 22:47:37+05:30 2026-08-02 17:17:37,971 [INFO] streaming.state_manager: [SM] LIVE -> TRANSITION_TO_IDLE (crossfade 8 frames)
2026-08-02 22:47:38+05:30 2026-08-02 17:17:38.071 | INFO     | flash_head.src.pipeline.flash_head_pipeline:generate_batch:538 - [generate_batch] GPU_BREAKDOWN denoise=883.8ms decode=485.6ms color+encode=185.7ms total=1555.7ms batch_size=2
2026-08-02 22:47:38+05:30 2026-08-02 17:17:38.071 | INFO     | flash_head.src.pipeline.flash_head_pipeline:generate_batch:545 - [generate_batch] DENOISE_STEPS total=883.8ms steps=[s0=214.5 s1=222.2 s2=222.2 s3=225.0] n_steps=4 batch_size=2
2026-08-02 22:47:38+05:30 2026-08-02 17:17:38,123 [INFO] streaming.state_manager: [SM] IDLE -> TRANSITION_TO_LIVE (crossfade 8 frames, queue=24)
2026-08-02 22:47:38+05:30 2026-08-02 17:17:38,171 [INFO] streaming.state_manager: [SM] IDLE -> TRANSITION_TO_LIVE (crossfade 8 frames, queue=24)
2026-08-02 22:47:38+05:30 2026-08-02 17:17:38,443 [INFO] streaming.state_manager: [SM] TRANSITION_TO_LIVE -> LIVE
2026-08-02 22:47:38+05:30 2026-08-02 17:17:38,484 [INFO] streaming.state_manager: [SM] TRANSITION_TO_LIVE -> LIVE
2026-08-02 22:47:38+05:30 2026-08-02 17:17:38,930 [INFO] VideoPublisher: VIDEO_PUBLISH_METRICS windowMs=5038 frames=126 effectiveFps=25.0 liveFrames=46 repeatedLiveFrames=24 idleFrames=56 desyncPct=63.5 maxGapMs=88.6 maxCaptureMs=5.1
2026-08-02 22:47:39+05:30 2026-08-02 17:17:39,607 [INFO] streaming.state_manager: [SM] LIVE -> TRANSITION_TO_IDLE (crossfade 8 frames)
2026-08-02 22:47:39+05:30 [METRICS] GPU_util=100% GPU_temp=69C GPU_mem=4.1GB/22.0GB (reserved=7.2GB) RSS=11956MB CPU_user=74.9s CPU_sys=13.1s sessions=2 pool=4/4
2026-08-02 22:47:39+05:30 2026-08-02 17:17:39,651 [INFO] streaming.state_manager: [SM] LIVE -> TRANSITION_TO_IDLE (crossfade 8 frames)
2026-08-02 22:47:39+05:30 2026-08-02 17:17:39.773 | INFO     | flash_head.src.pipeline.flash_head_pipeline:generate_batch:538 - [generate_batch] GPU_BREAKDOWN denoise=890.7ms decode=488.2ms color+encode=186.4ms total=1566.6ms batch_size=2
2026-08-02 22:47:39+05:30 2026-08-02 17:17:39.773 | INFO     | flash_head.src.pipeline.flash_head_pipeline:generate_batch:545 - [generate_batch] DENOISE_STEPS total=890.7ms steps=[s0=217.3 s1=222.3 s2=223.1 s3=228.1] n_steps=4 batch_size=2
2026-08-02 22:47:39+05:30 2026-08-02 17:17:39,806 [INFO] VideoPublisher: VIDEO_PUBLISH_METRICS windowMs=5027 frames=126 effectiveFps=25.1 liveFrames=43 repeatedLiveFrames=36 idleFrames=47 desyncPct=65.9 maxGapMs=49.2 maxCaptureMs=1.1
2026-08-02 22:47:39+05:30 2026-08-02 17:17:39,843 [INFO] streaming.state_manager: [SM] IDLE -> TRANSITION_TO_LIVE (crossfade 8 frames, queue=24)
2026-08-02 22:47:39+05:30 2026-08-02 17:17:39,883 [INFO] streaming.state_manager: [SM] IDLE -> TRANSITION_TO_LIVE (crossfade 8 frames, queue=24)
2026-08-02 22:47:40+05:30 2026-08-02 17:17:40,163 [INFO] streaming.state_manager: [SM] TRANSITION_TO_LIVE -> LIVE
2026-08-02 22:47:40+05:30 2026-08-02 17:17:40,204 [INFO] streaming.state_manager: [SM] TRANSITION_TO_LIVE -> LIVE
2026-08-02 22:47:41+05:30 2026-08-02 17:17:41,333 [INFO] streaming.state_manager: [SM] LIVE -> TRANSITION_TO_IDLE (crossfade 8 frames)
2026-08-02 22:47:41+05:30 2026-08-02 17:17:41,366 [INFO] streaming.state_manager: [SM] LIVE -> TRANSITION_TO_IDLE (crossfade 8 frames)
2026-08-02 22:47:41+05:30 2026-08-02 17:17:41.477 | INFO     | flash_head.src.pipeline.flash_head_pipeline:generate_batch:538 - [generate_batch] GPU_BREAKDOWN denoise=887.9ms decode=487.0ms color+encode=191.0ms total=1566.7ms batch_size=2
2026-08-02 22:47:41+05:30 2026-08-02 17:17:41.477 | INFO     | flash_head.src.pipeline.flash_head_pipeline:generate_batch:545 - [generate_batch] DENOISE_STEPS total=887.9ms steps=[s0=215.9 s1=223.8 s2=222.5 s3=225.7] n_steps=4 batch_size=2
2026-08-02 22:47:41+05:30 2026-08-02 17:17:41,563 [INFO] streaming.state_manager: [SM] IDLE -> TRANSITION_TO_LIVE (crossfade 8 frames, queue=24)
2026-08-02 22:47:41+05:30 2026-08-02 17:17:41,620 [INFO] streaming.state_manager: [SM] IDLE -> TRANSITION_TO_LIVE (crossfade 8 frames, queue=24)
2026-08-02 22:47:41+05:30 2026-08-02 17:17:41,883 [INFO] streaming.state_manager: [SM] TRANSITION_TO_LIVE -> LIVE
2026-08-02 22:47:41+05:30 2026-08-02 17:17:41,923 [INFO] streaming.state_manager: [SM] TRANSITION_TO_LIVE -> LIVE
2026-08-02 22:47:43+05:30 2026-08-02 17:17:43,065 [INFO] streaming.state_manager: [SM] LIVE -> TRANSITION_TO_IDLE (crossfade 8 frames)
2026-08-02 22:47:43+05:30 2026-08-02 17:17:43,104 [INFO] streaming.state_manager: [SM] LIVE -> TRANSITION_TO_IDLE (crossfade 8 frames)
2026-08-02 22:47:43+05:30 2026-08-02 17:17:43,363 [INFO] streaming.state_manager: [SM] TRANSITION_TO_IDLE -> IDLE
2026-08-02 22:47:43+05:30 2026-08-02 17:17:43,404 [INFO] streaming.state_manager: [SM] TRANSITION_TO_IDLE -> IDLE
2026-08-02 22:47:43+05:30 2026-08-02 17:17:43.839 | INFO     | flash_head.src.pipeline.flash_head_pipeline:generate_batch:538 - [generate_batch] GPU_BREAKDOWN denoise=1447.8ms decode=480.7ms color+encode=189.5ms total=2119.7ms batch_size=2
2026-08-02 22:47:43+05:30 2026-08-02 17:17:43.840 | INFO     | flash_head.src.pipeline.flash_head_pipeline:generate_batch:545 - [generate_batch] DENOISE_STEPS total=1447.8ms steps=[s0=478.0 s1=435.5 s2=238.7 s3=295.6] n_steps=4 batch_size=2
2026-08-02 22:47:43+05:30 2026-08-02 17:17:43,924 [INFO] streaming.state_manager: [SM] IDLE -> TRANSITION_TO_LIVE (crossfade 8 frames, queue=24)
2026-08-02 22:47:43+05:30 2026-08-02 17:17:43,931 [INFO] VideoPublisher: VIDEO_PUBLISH_METRICS windowMs=5000 frames=125 effectiveFps=25.0 liveFrames=39 repeatedLiveFrames=36 idleFrames=50 desyncPct=68.8 maxGapMs=76.5 maxCaptureMs=5.5
2026-08-02 22:47:43+05:30 2026-08-02 17:17:43,975 [INFO] streaming.state_manager: [SM] IDLE -> TRANSITION_TO_LIVE (crossfade 8 frames, queue=24)
2026-08-02 22:47:44+05:30 2026-08-02 17:17:44,245 [INFO] streaming.state_manager: [SM] TRANSITION_TO_LIVE -> LIVE
2026-08-02 22:47:44+05:30 2026-08-02 17:17:44,284 [INFO] streaming.state_manager: [SM] TRANSITION_TO_LIVE -> LIVE
2026-08-02 22:47:44+05:30 [METRICS] GPU_util=40% GPU_temp=71C GPU_mem=4.1GB/22.0GB (reserved=7.2GB) RSS=11956MB CPU_user=84.8s CPU_sys=13.7s sessions=2 pool=4/4
2026-08-02 22:47:44+05:30 2026-08-02 17:17:44,820 [INFO] VideoPublisher: VIDEO_PUBLISH_METRICS windowMs=5014 frames=125 effectiveFps=24.9 liveFrames=49 repeatedLiveFrames=24 idleFrames=52 desyncPct=60.8 maxGapMs=57.6 maxCaptureMs=8.2
2026-08-02 22:47:45+05:30 2026-08-02 17:17:45,424 [INFO] streaming.state_manager: [SM] LIVE -> TRANSITION_TO_IDLE (crossfade 8 frames)
2026-08-02 22:47:45+05:30 2026-08-02 17:17:45,454 [INFO] streaming.state_manager: [SM] LIVE -> TRANSITION_TO_IDLE (crossfade 8 frames)
2026-08-02 22:47:45+05:30 2026-08-02 17:17:45,619 [INFO] handler: UTTERANCE_END_RECEIVED session=conc-test-1-930852
2026-08-02 22:47:45+05:30 2026-08-02 17:17:45,725 [INFO] streaming.state_manager: [SM] TRANSITION_TO_IDLE -> IDLE
2026-08-02 22:47:45+05:30 2026-08-02 17:17:45,766 [INFO] streaming.state_manager: [SM] TRANSITION_TO_IDLE -> IDLE
2026-08-02 22:47:46+05:30 2026-08-02 17:17:46.168 | INFO     | flash_head.src.pipeline.flash_head_pipeline:generate_batch:538 - [generate_batch] GPU_BREAKDOWN denoise=1422.6ms decode=499.3ms color+encode=193.0ms total=2120.8ms batch_size=2
2026-08-02 22:47:46+05:30 2026-08-02 17:17:46.170 | INFO     | flash_head.src.pipeline.flash_head_pipeline:generate_batch:545 - [generate_batch] DENOISE_STEPS total=1422.6ms steps=[s0=395.4 s1=270.2 s2=314.8 s3=442.3] n_steps=4 batch_size=2
2026-08-02 22:47:46+05:30 2026-08-02 17:17:46,243 [INFO] streaming.state_manager: [SM] IDLE -> TRANSITION_TO_LIVE (crossfade 8 frames, queue=24)
2026-08-02 22:47:46+05:30 2026-08-02 17:17:46,324 [INFO] streaming.state_manager: [SM] IDLE -> TRANSITION_TO_LIVE (crossfade 8 frames, queue=24)
2026-08-02 22:47:46+05:30 2026-08-02 17:17:46,563 [INFO] streaming.state_manager: [SM] TRANSITION_TO_LIVE -> LIVE
2026-08-02 22:47:46+05:30 2026-08-02 17:17:46,644 [INFO] streaming.state_manager: [SM] TRANSITION_TO_LIVE -> LIVE
2026-08-02 22:47:47+05:30 2026-08-02 17:17:47,728 [INFO] streaming.state_manager: [SM] LIVE -> TRANSITION_TO_IDLE (crossfade 8 frames)
2026-08-02 22:47:47+05:30 2026-08-02 17:17:47,820 [INFO] streaming.state_manager: [SM] LIVE -> TRANSITION_TO_IDLE (crossfade 8 frames)
2026-08-02 22:47:48+05:30 2026-08-02 17:17:48,045 [INFO] streaming.state_manager: [SM] TRANSITION_TO_IDLE -> IDLE
2026-08-02 22:47:48+05:30 2026-08-02 17:17:48,123 [INFO] streaming.state_manager: [SM] TRANSITION_TO_IDLE -> IDLE
2026-08-02 22:47:48+05:30 2026-08-02 17:17:48.426 | INFO     | flash_head.src.pipeline.flash_head_pipeline:generate_batch:538 - [generate_batch] GPU_BREAKDOWN denoise=1359.4ms decode=479.1ms color+encode=195.1ms total=2036.7ms batch_size=2
2026-08-02 22:47:48+05:30 2026-08-02 17:17:48.427 | INFO     | flash_head.src.pipeline.flash_head_pipeline:generate_batch:545 - [generate_batch] DENOISE_STEPS total=1359.4ms steps=[s0=318.7 s1=403.9 s2=337.1 s3=299.7] n_steps=4 batch_size=2
2026-08-02 22:47:48+05:30 2026-08-02 17:17:48,431 [INFO] handler: UTTERANCE_END_RECEIVED session=conc-test-2-4b127e
2026-08-02 22:47:48+05:30 2026-08-02 17:17:48,525 [INFO] streaming.state_manager: [SM] IDLE -> TRANSITION_TO_LIVE (crossfade 8 frames, queue=24)
2026-08-02 22:47:48+05:30 2026-08-02 17:17:48,563 [INFO] streaming.state_manager: [SM] IDLE -> TRANSITION_TO_LIVE (crossfade 8 frames, queue=24)
2026-08-02 22:47:48+05:30 2026-08-02 17:17:48,845 [INFO] streaming.state_manager: [SM] TRANSITION_TO_LIVE -> LIVE
2026-08-02 22:47:48+05:30 2026-08-02 17:17:48,885 [INFO] streaming.state_manager: [SM] TRANSITION_TO_LIVE -> LIVE
2026-08-02 22:47:48+05:30 2026-08-02 17:17:48,936 [INFO] VideoPublisher: VIDEO_PUBLISH_METRICS windowMs=5005 frames=125 effectiveFps=25.0 liveFrames=36 repeatedLiveFrames=24 idleFrames=65 desyncPct=71.2 maxGapMs=66.1 maxCaptureMs=15.0
2026-08-02 22:47:49+05:30 [METRICS] GPU_util=100% GPU_temp=73C GPU_mem=4.1GB/22.0GB (reserved=7.2GB) RSS=11956MB CPU_user=94.9s CPU_sys=14.5s sessions=2 pool=4/4
2026-08-02 22:47:49+05:30 2026-08-02 17:17:49,849 [INFO] VideoPublisher: VIDEO_PUBLISH_METRICS windowMs=5027 frames=126 effectiveFps=25.1 liveFrames=36 repeatedLiveFrames=33 idleFrames=57 desyncPct=71.4 maxGapMs=58.0 maxCaptureMs=9.7
2026-08-02 22:47:50+05:30 2026-08-02 17:17:50,008 [INFO] streaming.state_manager: [SM] LIVE -> TRANSITION_TO_IDLE (crossfade 8 frames)
2026-08-02 22:47:50+05:30 2026-08-02 17:17:50,051 [INFO] streaming.state_manager: [SM] LIVE -> TRANSITION_TO_IDLE (crossfade 8 frames)
2026-08-02 22:47:50+05:30 2026-08-02 17:17:50.242 | INFO     | flash_head.src.pipeline.flash_head_pipeline:generate_batch:538 - [generate_batch] GPU_BREAKDOWN denoise=959.3ms decode=489.3ms color+encode=189.5ms total=1639.1ms batch_size=2
2026-08-02 22:47:50+05:30 2026-08-02 17:17:50.242 | INFO     | flash_head.src.pipeline.flash_head_pipeline:generate_batch:545 - [generate_batch] DENOISE_STEPS total=959.3ms steps=[s0=224.5 s1=244.4 s2=252.0 s3=238.4] n_steps=4 batch_size=2
2026-08-02 22:47:50+05:30 2026-08-02 17:17:50,324 [INFO] streaming.state_manager: [SM] IDLE -> TRANSITION_TO_LIVE (crossfade 8 frames, queue=24)
2026-08-02 22:47:50+05:30 2026-08-02 17:17:50,365 [INFO] streaming.state_manager: [SM] TRANSITION_TO_IDLE -> IDLE
2026-08-02 22:47:50+05:30 2026-08-02 17:17:50,375 [INFO] BatchedStreamingEngine: cycle=10 batch=2 sessions=['conc-test-1-930852', 'conc-test-2-4b127e'] embed=61.2ms infer=1640.3ms xfer=131.9ms total=1833.6ms
2026-08-02 22:47:50+05:30 2026-08-02 17:17:50,415 [INFO] streaming.state_manager: [SM] IDLE -> TRANSITION_TO_LIVE (crossfade 8 frames, queue=24)
2026-08-02 22:47:50+05:30 2026-08-02 17:17:50,646 [INFO] streaming.state_manager: [SM] TRANSITION_TO_LIVE -> LIVE
2026-08-02 22:47:50+05:30 2026-08-02 17:17:50,727 [INFO] streaming.state_manager: [SM] TRANSITION_TO_LIVE -> LIVE
2026-08-02 22:47:51+05:30 2026-08-02 17:17:51,807 [INFO] streaming.state_manager: [SM] LIVE -> TRANSITION_TO_IDLE (crossfade 8 frames)
2026-08-02 22:47:51+05:30 2026-08-02 17:17:51,892 [INFO] streaming.state_manager: [SM] LIVE -> TRANSITION_TO_IDLE (crossfade 8 frames)
2026-08-02 22:47:52+05:30 2026-08-02 17:17:52.065 | INFO     | flash_head.src.pipeline.flash_head_pipeline:generate_batch:538 - [generate_batch] GPU_BREAKDOWN denoise=914.2ms decode=488.6ms color+encode=193.6ms total=1597.3ms batch_size=2
2026-08-02 22:47:52+05:30 2026-08-02 17:17:52.067 | INFO     | flash_head.src.pipeline.flash_head_pipeline:generate_batch:545 - [generate_batch] DENOISE_STEPS total=914.2ms steps=[s0=234.6 s1=224.8 s2=226.2 s3=228.5] n_steps=4 batch_size=2
2026-08-02 22:47:52+05:30 2026-08-02 17:17:52,124 [INFO] streaming.state_manager: [SM] TRANSITION_TO_IDLE -> IDLE
2026-08-02 22:47:52+05:30 2026-08-02 17:17:52,163 [INFO] streaming.state_manager: [SM] IDLE -> TRANSITION_TO_LIVE (crossfade 8 frames, queue=24)
2026-08-02 22:47:52+05:30 2026-08-02 17:17:52,206 [INFO] streaming.state_manager: [SM] IDLE -> TRANSITION_TO_LIVE (crossfade 8 frames, queue=24)
2026-08-02 22:47:52+05:30 2026-08-02 17:17:52,484 [INFO] streaming.state_manager: [SM] TRANSITION_TO_LIVE -> LIVE
2026-08-02 22:47:52+05:30 2026-08-02 17:17:52,525 [INFO] streaming.state_manager: [SM] TRANSITION_TO_LIVE -> LIVE
2026-08-02 22:47:53+05:30 2026-08-02 17:17:53,652 [INFO] streaming.state_manager: [SM] LIVE -> TRANSITION_TO_IDLE (crossfade 8 frames)
2026-08-02 22:47:53+05:30 2026-08-02 17:17:53,688 [INFO] streaming.state_manager: [SM] LIVE -> TRANSITION_TO_IDLE (crossfade 8 frames)
2026-08-02 22:47:53+05:30 2026-08-02 17:17:53.846 | INFO     | flash_head.src.pipeline.flash_head_pipeline:generate_batch:538 - [generate_batch] GPU_BREAKDOWN denoise=916.0ms decode=492.7ms color+encode=188.4ms total=1598.1ms batch_size=2
2026-08-02 22:47:53+05:30 2026-08-02 17:17:53.846 | INFO     | flash_head.src.pipeline.flash_head_pipeline:generate_batch:545 - [generate_batch] DENOISE_STEPS total=916.0ms steps=[s0=232.1 s1=226.8 s2=229.2 s3=227.9] n_steps=4 batch_size=2
2026-08-02 22:47:53+05:30 2026-08-02 17:17:53,923 [INFO] streaming.state_manager: [SM] IDLE -> TRANSITION_TO_LIVE (crossfade 8 frames, queue=24)
2026-08-02 22:47:53+05:30 2026-08-02 17:17:53,971 [INFO] streaming.state_manager: [SM] IDLE -> TRANSITION_TO_LIVE (crossfade 8 frames, queue=24)
2026-08-02 22:47:53+05:30 2026-08-02 17:17:53,986 [INFO] VideoPublisher: VIDEO_PUBLISH_METRICS windowMs=5049 frames=126 effectiveFps=25.0 liveFrames=49 repeatedLiveFrames=36 idleFrames=41 desyncPct=61.1 maxGapMs=69.2 maxCaptureMs=5.8
2026-08-02 22:47:54+05:30 2026-08-02 17:17:54,245 [INFO] streaming.state_manager: [SM] TRANSITION_TO_LIVE -> LIVE
2026-08-02 22:47:54+05:30 2026-08-02 17:17:54,285 [INFO] streaming.state_manager: [SM] TRANSITION_TO_LIVE -> LIVE
2026-08-02 22:47:54+05:30 2026-08-02 17:17:54,770 [INFO] streaming.state_manager: [SM] Adaptive caps: p95_ms=2885 buffer=73 peak=97 MAX=126 TARGET=100
2026-08-02 22:47:54+05:30 [METRICS] GPU_util=100% GPU_temp=74C GPU_mem=4.1GB/22.0GB (reserved=7.2GB) RSS=11956MB CPU_user=104.5s CPU_sys=14.9s sessions=2 pool=4/4
2026-08-02 22:47:54+05:30 2026-08-02 17:17:54,855 [INFO] VideoPublisher: VIDEO_PUBLISH_METRICS windowMs=5006 frames=125 effectiveFps=25.0 liveFrames=50 repeatedLiveFrames=27 idleFrames=48 desyncPct=60.0 maxGapMs=66.0 maxCaptureMs=5.4
2026-08-02 22:47:55+05:30 2026-08-02 17:17:55,407 [INFO] streaming.state_manager: [SM] LIVE -> TRANSITION_TO_IDLE (crossfade 8 frames)
2026-08-02 22:47:55+05:30 2026-08-02 17:17:55,447 [INFO] streaming.state_manager: [SM] LIVE -> TRANSITION_TO_IDLE (crossfade 8 frames)
2026-08-02 22:47:55+05:30 2026-08-02 17:17:55.651 | INFO     | flash_head.src.pipeline.flash_head_pipeline:generate_batch:538 - [generate_batch] GPU_BREAKDOWN denoise=934.7ms decode=491.3ms color+encode=190.0ms total=1617.6ms batch_size=2
2026-08-02 22:47:55+05:30 2026-08-02 17:17:55.653 | INFO     | flash_head.src.pipeline.flash_head_pipeline:generate_batch:545 - [generate_batch] DENOISE_STEPS total=934.7ms steps=[s0=242.1 s1=227.3 s2=230.4 s3=234.9] n_steps=4 batch_size=2
2026-08-02 22:47:55+05:30 2026-08-02 17:17:55,724 [INFO] streaming.state_manager: [SM] IDLE -> TRANSITION_TO_LIVE (crossfade 8 frames, queue=24)
2026-08-02 22:47:55+05:30 2026-08-02 17:17:55,763 [INFO] streaming.state_manager: [SM] TRANSITION_TO_IDLE -> IDLE
2026-08-02 22:47:55+05:30 2026-08-02 17:17:55,806 [INFO] streaming.state_manager: [SM] IDLE -> TRANSITION_TO_LIVE (crossfade 8 frames, queue=24)
2026-08-02 22:47:56+05:30 2026-08-02 17:17:56,043 [INFO] streaming.state_manager: [SM] TRANSITION_TO_LIVE -> LIVE
2026-08-02 22:47:56+05:30 2026-08-02 17:17:56,129 [INFO] streaming.state_manager: [SM] TRANSITION_TO_LIVE -> LIVE
2026-08-02 22:47:57+05:30 2026-08-02 17:17:57,206 [INFO] streaming.state_manager: [SM] LIVE -> TRANSITION_TO_IDLE (crossfade 8 frames)
2026-08-02 22:47:57+05:30 2026-08-02 17:17:57,286 [INFO] streaming.state_manager: [SM] LIVE -> TRANSITION_TO_IDLE (crossfade 8 frames)
2026-08-02 22:47:57+05:30 2026-08-02 17:17:57,524 [INFO] streaming.state_manager: [SM] TRANSITION_TO_IDLE -> IDLE
2026-08-02 22:47:57+05:30 2026-08-02 17:17:57,603 [INFO] streaming.state_manager: [SM] TRANSITION_TO_IDLE -> IDLE
2026-08-02 22:47:57+05:30 2026-08-02 17:17:57.683 | INFO     | flash_head.src.pipeline.flash_head_pipeline:generate_batch:538 - [generate_batch] GPU_BREAKDOWN denoise=1137.3ms decode=484.7ms color+encode=188.2ms total=1811.1ms batch_size=2
2026-08-02 22:47:57+05:30 2026-08-02 17:17:57.683 | INFO     | flash_head.src.pipeline.flash_head_pipeline:generate_batch:545 - [generate_batch] DENOISE_STEPS total=1137.3ms steps=[s0=274.2 s1=283.0 s2=268.9 s3=311.3] n_steps=4 batch_size=2
2026-08-02 22:47:57+05:30 2026-08-02 17:17:57,762 [INFO] streaming.state_manager: [SM] IDLE -> TRANSITION_TO_LIVE (crossfade 8 frames, queue=24)
2026-08-02 22:47:57+05:30 2026-08-02 17:17:57,808 [INFO] streaming.state_manager: [SM] IDLE -> TRANSITION_TO_LIVE (crossfade 8 frames, queue=24)
2026-08-02 22:47:58+05:30 2026-08-02 17:17:58,085 [INFO] streaming.state_manager: [SM] TRANSITION_TO_LIVE -> LIVE
2026-08-02 22:47:58+05:30 2026-08-02 17:17:58,124 [INFO] streaming.state_manager: [SM] TRANSITION_TO_LIVE -> LIVE
2026-08-02 22:47:58+05:30 2026-08-02 17:17:58,884 [INFO] streaming.state_manager: [SM] Adaptive caps: p95_ms=2873 buffer=72 peak=96 MAX=124 TARGET=99
2026-08-02 22:47:59+05:30 2026-08-02 17:17:59,009 [INFO] VideoPublisher: VIDEO_PUBLISH_METRICS windowMs=5023 frames=126 effectiveFps=25.1 liveFrames=51 repeatedLiveFrames=30 idleFrames=45 desyncPct=59.5 maxGapMs=50.5 maxCaptureMs=4.7
2026-08-02 22:47:59+05:30 2026-08-02 17:17:59,248 [INFO] streaming.state_manager: [SM] LIVE -> TRANSITION_TO_IDLE (crossfade 8 frames)
2026-08-02 22:47:59+05:30 2026-08-02 17:17:59,285 [INFO] streaming.state_manager: [SM] LIVE -> TRANSITION_TO_IDLE (crossfade 8 frames)
2026-08-02 22:47:59+05:30 2026-08-02 17:17:59.399 | INFO     | flash_head.src.pipeline.flash_head_pipeline:generate_batch:538 - [generate_batch] GPU_BREAKDOWN denoise=896.7ms decode=492.4ms color+encode=186.6ms total=1576.3ms batch_size=2
2026-08-02 22:47:59+05:30 2026-08-02 17:17:59.400 | INFO     | flash_head.src.pipeline.flash_head_pipeline:generate_batch:545 - [generate_batch] DENOISE_STEPS total=896.7ms steps=[s0=216.6 s1=225.9 s2=223.5 s3=230.7] n_steps=4 batch_size=2
2026-08-02 22:47:59+05:30 2026-08-02 17:17:59,484 [INFO] streaming.state_manager: [SM] IDLE -> TRANSITION_TO_LIVE (crossfade 8 frames, queue=24)
2026-08-02 22:47:59+05:30 2026-08-02 17:17:59,528 [INFO] streaming.state_manager: [SM] IDLE -> TRANSITION_TO_LIVE (crossfade 8 frames, queue=24)
2026-08-02 22:47:59+05:30 2026-08-02 17:17:59,803 [INFO] streaming.state_manager: [SM] TRANSITION_TO_LIVE -> LIVE
2026-08-02 22:47:59+05:30 2026-08-02 17:17:59,844 [INFO] streaming.state_manager: [SM] TRANSITION_TO_LIVE -> LIVE
2026-08-02 22:47:59+05:30 2026-08-02 17:17:59,887 [INFO] VideoPublisher: VIDEO_PUBLISH_METRICS windowMs=5032 frames=126 effectiveFps=25.0 liveFrames=38 repeatedLiveFrames=36 idleFrames=52 desyncPct=69.8 maxGapMs=50.7 maxCaptureMs=4.0
2026-08-02 22:47:59+05:30 [METRICS] GPU_util=100% GPU_temp=75C GPU_mem=4.1GB/22.0GB (reserved=7.2GB) RSS=11956MB CPU_user=113.7s CPU_sys=15.4s sessions=2 pool=4/4
2026-08-02 22:47:59+05:30 2026-08-02 17:17:59,934 [INFO] handler: UTTERANCE_END_RECEIVED session=conc-test-1-930852
2026-08-02 22:48:00+05:30 2026-08-02 17:18:00,482 [INFO] batched_stream_processor: [BATCHED-DIAG] {'event': 'participant_connected', 't': 33.87, 'identity': 'viewer-manual-conc-test-2-4b127e'}
2026-08-02 22:48:00+05:30 2026-08-02 17:18:00,967 [INFO] streaming.state_manager: [SM] LIVE -> TRANSITION_TO_IDLE (crossfade 8 frames)
2026-08-02 22:48:01+05:30 2026-08-02 17:18:01,006 [INFO] streaming.state_manager: [SM] LIVE -> TRANSITION_TO_IDLE (crossfade 8 frames)
2026-08-02 22:48:01+05:30 2026-08-02 17:18:01.127 | INFO     | flash_head.src.pipeline.flash_head_pipeline:generate_batch:538 - [generate_batch] GPU_BREAKDOWN denoise=897.4ms decode=492.6ms color+encode=189.4ms total=1580.4ms batch_size=2
2026-08-02 22:48:01+05:30 2026-08-02 17:18:01.127 | INFO     | flash_head.src.pipeline.flash_head_pipeline:generate_batch:545 - [generate_batch] DENOISE_STEPS total=897.4ms steps=[s0=215.5 s1=226.8 s2=224.0 s3=231.1] n_steps=4 batch_size=2
2026-08-02 22:48:01+05:30 2026-08-02 17:18:01,203 [INFO] streaming.state_manager: [SM] IDLE -> TRANSITION_TO_LIVE (crossfade 8 frames, queue=24)
2026-08-02 22:48:01+05:30 2026-08-02 17:18:01,250 [INFO] streaming.state_manager: [SM] IDLE -> TRANSITION_TO_LIVE (crossfade 8 frames, queue=24)
2026-08-02 22:48:01+05:30 2026-08-02 17:18:01,523 [INFO] streaming.state_manager: [SM] TRANSITION_TO_LIVE -> LIVE
2026-08-02 22:48:01+05:30 2026-08-02 17:18:01,563 [INFO] streaming.state_manager: [SM] TRANSITION_TO_LIVE -> LIVE
2026-08-02 22:48:02+05:30 2026-08-02 17:18:02,687 [INFO] streaming.state_manager: [SM] LIVE -> TRANSITION_TO_IDLE (crossfade 8 frames)
2026-08-02 22:48:02+05:30 2026-08-02 17:18:02,725 [INFO] streaming.state_manager: [SM] LIVE -> TRANSITION_TO_IDLE (crossfade 8 frames)
2026-08-02 22:48:02+05:30 2026-08-02 17:18:02,743 [INFO] handler: UTTERANCE_END_RECEIVED session=conc-test-2-4b127e
2026-08-02 22:48:02+05:30 2026-08-02 17:18:02.849 | INFO     | flash_head.src.pipeline.flash_head_pipeline:generate_batch:538 - [generate_batch] GPU_BREAKDOWN denoise=900.1ms decode=493.4ms color+encode=189.4ms total=1584.2ms batch_size=2
2026-08-02 22:48:02+05:30 2026-08-02 17:18:02.849 | INFO     | flash_head.src.pipeline.flash_head_pipeline:generate_batch:545 - [generate_batch] DENOISE_STEPS total=900.1ms steps=[s0=217.9 s1=226.5 s2=224.9 s3=230.7] n_steps=4 batch_size=2
2026-08-02 22:48:02+05:30 2026-08-02 17:18:02,925 [INFO] streaming.state_manager: [SM] IDLE -> TRANSITION_TO_LIVE (crossfade 8 frames, queue=24)
2026-08-02 22:48:02+05:30 2026-08-02 17:18:02,942 [INFO] BatchedStreamingEngine: Session conc-test-1-930852 reactivated (keep_alive)
2026-08-02 22:48:02+05:30 2026-08-02 17:18:02,964 [INFO] streaming.state_manager: [SM] IDLE -> TRANSITION_TO_LIVE (crossfade 8 frames, queue=24)
2026-08-02 22:48:03+05:30 2026-08-02 17:18:03,244 [INFO] streaming.state_manager: [SM] TRANSITION_TO_LIVE -> LIVE
2026-08-02 22:48:03+05:30 2026-08-02 17:18:03,284 [INFO] streaming.state_manager: [SM] TRANSITION_TO_LIVE -> LIVE
2026-08-02 22:48:03+05:30 2026-08-02 17:18:03.792 | INFO     | flash_head.src.pipeline.flash_head_pipeline:generate_batch:538 - [generate_batch] GPU_BREAKDOWN denoise=488.0ms decode=246.2ms color+encode=92.9ms total=828.1ms batch_size=1
2026-08-02 22:48:03+05:30 2026-08-02 17:18:03.792 | INFO     | flash_head.src.pipeline.flash_head_pipeline:generate_batch:545 - [generate_batch] DENOISE_STEPS total=488.0ms steps=[s0=124.2 s1=123.2 s2=124.0 s3=116.6] n_steps=4 batch_size=1
2026-08-02 22:48:03+05:30 2026-08-02 17:18:03,855 [INFO] BatchedStreamingEngine: Session conc-test-2-4b127e reactivated (keep_alive)
2026-08-02 22:48:04+05:30 2026-08-02 17:18:04,016 [INFO] VideoPublisher: VIDEO_PUBLISH_METRICS windowMs=5007 frames=125 effectiveFps=25.0 liveFrames=53 repeatedLiveFrames=30 idleFrames=42 desyncPct=57.6 maxGapMs=51.3 maxCaptureMs=2.7
2026-08-02 22:48:04+05:30 2026-08-02 17:18:04,407 [INFO] streaming.state_manager: [SM] LIVE -> TRANSITION_TO_IDLE (crossfade 8 frames)
2026-08-02 22:48:04+05:30 2026-08-02 17:18:04,724 [INFO] streaming.state_manager: [SM] TRANSITION_TO_IDLE -> IDLE
2026-08-02 22:48:04+05:30 2026-08-02 17:18:04,868 [INFO] batched_stream_processor: BATCHED_DRAIN_COMPLETED session=conc-test-1-930852 cycles=304 elapsed=33261.4ms keep_alive=True
2026-08-02 22:48:04+05:30 2026-08-02 17:18:04,902 [INFO] VideoPublisher: VIDEO_PUBLISH_METRICS windowMs=5014 frames=125 effectiveFps=24.9 liveFrames=48 repeatedLiveFrames=36 idleFrames=41 desyncPct=61.6 maxGapMs=52.3 maxCaptureMs=4.0
2026-08-02 22:48:04+05:30 [METRICS] GPU_util=0% GPU_temp=73C GPU_mem=4.0GB/22.0GB (reserved=7.2GB) RSS=11956MB CPU_user=121.5s CPU_sys=15.8s sessions=2 pool=4/4
2026-08-02 22:48:05+05:30 2026-08-02 17:18:05,258 [INFO] batched_stream_processor: BATCHED_DRAIN_STARTED session=conc-test-1-930852 keep_alive=True
2026-08-02 22:48:05+05:30 2026-08-02 17:18:05,258 [INFO] BatchedStreamingEngine: Session conc-test-1-930852 marked for drain (keep_alive=True)
2026-08-02 22:48:05+05:30 2026-08-02 17:18:05,416 [INFO] streaming.state_manager: [SM] LIVE -> TRANSITION_TO_IDLE (crossfade 8 frames)
2026-08-02 22:48:05+05:30 2026-08-02 17:18:05,726 [INFO] streaming.state_manager: [SM] TRANSITION_TO_IDLE -> IDLE
2026-08-02 22:48:05+05:30 2026-08-02 17:18:05,883 [INFO] batched_stream_processor: BATCHED_DRAIN_COMPLETED session=conc-test-2-4b127e cycles=275 elapsed=30272.2ms keep_alive=True
2026-08-02 22:48:06+05:30 2026-08-02 17:18:06,051 [INFO] batched_stream_processor: BATCHED_DRAIN_STARTED session=conc-test-2-4b127e keep_alive=True
2026-08-02 22:48:06+05:30 2026-08-02 17:18:06,051 [INFO] BatchedStreamingEngine: Session conc-test-2-4b127e marked for drain (keep_alive=True)
2026-08-02 22:48:06+05:30 2026-08-02 17:18:06.153 | INFO     | flash_head.src.pipeline.flash_head_pipeline:generate_batch:538 - [generate_batch] GPU_BREAKDOWN denoise=874.5ms decode=236.6ms color+encode=93.1ms total=1205.9ms batch_size=1
2026-08-02 22:48:06+05:30 2026-08-02 17:18:06.154 | INFO     | flash_head.src.pipeline.flash_head_pipeline:generate_batch:545 - [generate_batch] DENOISE_STEPS total=874.5ms steps=[s0=350.0 s1=182.2 s2=161.6 s3=180.6] n_steps=4 batch_size=1
2026-08-02 22:48:06+05:30 2026-08-02 17:18:06,251 [INFO] streaming.state_manager: [SM] IDLE -> TRANSITION_TO_LIVE (crossfade 8 frames, queue=24)
2026-08-02 22:48:06+05:30 2026-08-02 17:18:06,563 [INFO] streaming.state_manager: [SM] TRANSITION_TO_LIVE -> LIVE
2026-08-02 22:48:07+05:30 2026-08-02 17:18:07,730 [INFO] streaming.state_manager: [SM] LIVE -> TRANSITION_TO_IDLE (crossfade 8 frames)
2026-08-02 22:48:07+05:30 2026-08-02 17:18:07.944 | INFO     | flash_head.src.pipeline.flash_head_pipeline:generate_batch:538 - [generate_batch] GPU_BREAKDOWN denoise=986.0ms decode=486.4ms color+encode=196.6ms total=1669.7ms batch_size=2
2026-08-02 22:48:07+05:30 2026-08-02 17:18:07.945 | INFO     | flash_head.src.pipeline.flash_head_pipeline:generate_batch:545 - [generate_batch] DENOISE_STEPS total=986.0ms steps=[s0=232.8 s1=226.2 s2=294.6 s3=232.5] n_steps=4 batch_size=2
2026-08-02 22:48:08+05:30 2026-08-02 17:18:08,043 [INFO] streaming.state_manager: [SM] IDLE -> TRANSITION_TO_LIVE (crossfade 8 frames, queue=24)
2026-08-02 22:48:08+05:30 2026-08-02 17:18:08,062 [INFO] BatchedStreamingEngine: cycle=20 batch=2 sessions=['conc-test-1-930852', 'conc-test-2-4b127e'] embed=62.2ms infer=1670.9ms xfer=116.6ms total=1849.9ms
2026-08-02 22:48:08+05:30 2026-08-02 17:18:08,084 [INFO] streaming.state_manager: [SM] IDLE -> TRANSITION_TO_LIVE (crossfade 8 frames, queue=24)
2026-08-02 22:48:08+05:30 2026-08-02 17:18:08,365 [INFO] streaming.state_manager: [SM] TRANSITION_TO_LIVE -> LIVE
2026-08-02 22:48:08+05:30 2026-08-02 17:18:08,404 [INFO] streaming.state_manager: [SM] TRANSITION_TO_LIVE -> LIVE
2026-08-02 22:48:09+05:30 2026-08-02 17:18:09,020 [INFO] VideoPublisher: VIDEO_PUBLISH_METRICS windowMs=5004 frames=125 effectiveFps=25.0 liveFrames=38 repeatedLiveFrames=12 idleFrames=75 desyncPct=69.6 maxGapMs=57.1 maxCaptureMs=6.4
2026-08-02 22:48:09+05:30 2026-08-02 17:18:09,526 [INFO] streaming.state_manager: [SM] LIVE -> TRANSITION_TO_IDLE (crossfade 8 frames)
2026-08-02 22:48:09+05:30 2026-08-02 17:18:09,570 [INFO] streaming.state_manager: [SM] LIVE -> TRANSITION_TO_IDLE (crossfade 8 frames)
2026-08-02 22:48:09+05:30 2026-08-02 17:18:09.788 | INFO     | flash_head.src.pipeline.flash_head_pipeline:generate_batch:538 - [generate_batch] GPU_BREAKDOWN denoise=956.1ms decode=486.9ms color+encode=199.1ms total=1646.3ms batch_size=2
2026-08-02 22:48:09+05:30 2026-08-02 17:18:09.789 | INFO     | flash_head.src.pipeline.flash_head_pipeline:generate_batch:545 - [generate_batch] DENOISE_STEPS total=956.1ms steps=[s0=220.1 s1=230.1 s2=224.9 s3=281.0] n_steps=4 batch_size=2
2026-08-02 22:48:09+05:30 2026-08-02 17:18:09,844 [INFO] streaming.state_manager: [SM] TRANSITION_TO_IDLE -> IDLE
2026-08-02 22:48:09+05:30 2026-08-02 17:18:09,884 [INFO] streaming.state_manager: [SM] IDLE -> TRANSITION_TO_LIVE (crossfade 8 frames, queue=24)
2026-08-02 22:48:09+05:30 2026-08-02 17:18:09,884 [INFO] streaming.state_manager: [SM] TRANSITION_TO_IDLE -> IDLE
2026-08-02 22:48:09+05:30 2026-08-02 17:18:09,931 [INFO] streaming.state_manager: [SM] IDLE -> TRANSITION_TO_LIVE (crossfade 8 frames, queue=24)
2026-08-02 22:48:09+05:30 2026-08-02 17:18:09,944 [INFO] VideoPublisher: VIDEO_PUBLISH_METRICS windowMs=5041 frames=126 effectiveFps=25.0 liveFrames=34 repeatedLiveFrames=24 idleFrames=68 desyncPct=73.0 maxGapMs=60.5 maxCaptureMs=8.8
2026-08-02 22:48:10+05:30 [METRICS] GPU_util=11% GPU_temp=75C GPU_mem=4.0GB/22.0GB (reserved=7.2GB) RSS=11956MB CPU_user=131.4s CPU_sys=16.3s sessions=2 pool=4/4
2026-08-02 22:48:10+05:30 2026-08-02 17:18:10,204 [INFO] streaming.state_manager: [SM] TRANSITION_TO_LIVE -> LIVE
2026-08-02 22:48:10+05:30 2026-08-02 17:18:10,244 [INFO] streaming.state_manager: [SM] TRANSITION_TO_LIVE -> LIVE
2026-08-02 22:48:11+05:30 2026-08-02 17:18:11,367 [INFO] streaming.state_manager: [SM] LIVE -> TRANSITION_TO_IDLE (crossfade 8 frames)
2026-08-02 22:48:11+05:30 2026-08-02 17:18:11,410 [INFO] streaming.state_manager: [SM] LIVE -> TRANSITION_TO_IDLE (crossfade 8 frames)
2026-08-02 22:48:11+05:30 2026-08-02 17:18:11,685 [INFO] streaming.state_manager: [SM] TRANSITION_TO_IDLE -> IDLE
2026-08-02 22:48:11+05:30 2026-08-02 17:18:11,726 [INFO] streaming.state_manager: [SM] TRANSITION_TO_IDLE -> IDLE
2026-08-02 22:48:11+05:30 2026-08-02 17:18:11.893 | INFO     | flash_head.src.pipeline.flash_head_pipeline:generate_batch:538 - [generate_batch] GPU_BREAKDOWN denoise=1145.1ms decode=480.5ms color+encode=230.4ms total=1859.7ms batch_size=2
2026-08-02 22:48:11+05:30 2026-08-02 17:18:11.894 | INFO     | flash_head.src.pipeline.flash_head_pipeline:generate_batch:545 - [generate_batch] DENOISE_STEPS total=1145.1ms steps=[s0=278.4 s1=280.4 s2=275.4 s3=310.9] n_steps=4 batch_size=2
2026-08-02 22:48:12+05:30 2026-08-02 17:18:12,003 [INFO] streaming.state_manager: [SM] IDLE -> TRANSITION_TO_LIVE (crossfade 8 frames, queue=24)
2026-08-02 22:48:12+05:30 2026-08-02 17:18:12,045 [INFO] streaming.state_manager: [SM] IDLE -> TRANSITION_TO_LIVE (crossfade 8 frames, queue=24)
2026-08-02 22:48:12+05:30 2026-08-02 17:18:12,323 [INFO] streaming.state_manager: [SM] TRANSITION_TO_LIVE -> LIVE
2026-08-02 22:48:12+05:30 2026-08-02 17:18:12,366 [INFO] streaming.state_manager: [SM] TRANSITION_TO_LIVE -> LIVE
2026-08-02 22:48:13+05:30 2026-08-02 17:18:13,487 [INFO] streaming.state_manager: [SM] LIVE -> TRANSITION_TO_IDLE (crossfade 8 frames)
2026-08-02 22:48:13+05:30 2026-08-02 17:18:13,529 [INFO] streaming.state_manager: [SM] LIVE -> TRANSITION_TO_IDLE (crossfade 8 frames)
2026-08-02 22:48:13+05:30 2026-08-02 17:18:13,804 [INFO] streaming.state_manager: [SM] TRANSITION_TO_IDLE -> IDLE
2026-08-02 22:48:13+05:30 2026-08-02 17:18:13,845 [INFO] streaming.state_manager: [SM] TRANSITION_TO_IDLE -> IDLE
2026-08-02 22:48:13+05:30 2026-08-02 17:18:13.959 | INFO     | flash_head.src.pipeline.flash_head_pipeline:generate_batch:538 - [generate_batch] GPU_BREAKDOWN denoise=1156.8ms decode=485.0ms color+encode=206.8ms total=1849.6ms batch_size=2
2026-08-02 22:48:13+05:30 2026-08-02 17:18:13.959 | INFO     | flash_head.src.pipeline.flash_head_pipeline:generate_batch:545 - [generate_batch] DENOISE_STEPS total=1156.8ms steps=[s0=241.3 s1=270.0 s2=340.6 s3=305.0] n_steps=4 batch_size=2
2026-08-02 22:48:14+05:30 2026-08-02 17:18:14,045 [INFO] streaming.state_manager: [SM] IDLE -> TRANSITION_TO_LIVE (crossfade 8 frames, queue=24)
2026-08-02 22:48:14+05:30 2026-08-02 17:18:14,048 [INFO] VideoPublisher: VIDEO_PUBLISH_METRICS windowMs=5028 frames=126 effectiveFps=25.1 liveFrames=35 repeatedLiveFrames=36 idleFrames=55 desyncPct=72.2 maxGapMs=60.8 maxCaptureMs=7.3
2026-08-02 22:48:14+05:30 2026-08-02 17:18:14,130 [INFO] streaming.state_manager: [SM] IDLE -> TRANSITION_TO_LIVE (crossfade 8 frames, queue=24)
2026-08-02 22:48:14+05:30 2026-08-02 17:18:14,148 [INFO] handler: UTTERANCE_END_RECEIVED session=conc-test-1-930852
2026-08-02 22:48:14+05:30 2026-08-02 17:18:14,366 [INFO] streaming.state_manager: [SM] TRANSITION_TO_LIVE -> LIVE
2026-08-02 22:48:14+05:30 2026-08-02 17:18:14,445 [INFO] streaming.state_manager: [SM] TRANSITION_TO_LIVE -> LIVE
2026-08-02 22:48:14+05:30 2026-08-02 17:18:14,969 [INFO] VideoPublisher: VIDEO_PUBLISH_METRICS windowMs=5023 frames=126 effectiveFps=25.1 liveFrames=50 repeatedLiveFrames=24 idleFrames=52 desyncPct=60.3 maxGapMs=61.2 maxCaptureMs=5.6
2026-08-02 22:48:15+05:30 [METRICS] GPU_util=42% GPU_temp=79C GPU_mem=4.1GB/22.0GB (reserved=7.2GB) RSS=11956MB CPU_user=141.6s CPU_sys=17.1s sessions=2 pool=4/4
2026-08-02 22:48:15+05:30 2026-08-02 17:18:15,527 [INFO] streaming.state_manager: [SM] LIVE -> TRANSITION_TO_IDLE (crossfade 8 frames)
2026-08-02 22:48:15+05:30 2026-08-02 17:18:15,606 [INFO] streaming.state_manager: [SM] LIVE -> TRANSITION_TO_IDLE (crossfade 8 frames)
2026-08-02 22:48:15+05:30 2026-08-02 17:18:15,844 [INFO] streaming.state_manager: [SM] TRANSITION_TO_IDLE -> IDLE
2026-08-02 22:48:15+05:30 2026-08-02 17:18:15,924 [INFO] streaming.state_manager: [SM] TRANSITION_TO_IDLE -> IDLE
2026-08-02 22:48:16+05:30 2026-08-02 17:18:16.139 | INFO     | flash_head.src.pipeline.flash_head_pipeline:generate_batch:538 - [generate_batch] GPU_BREAKDOWN denoise=1183.5ms decode=488.4ms color+encode=204.3ms total=1877.6ms batch_size=2
2026-08-02 22:48:16+05:30 2026-08-02 17:18:16.139 | INFO     | flash_head.src.pipeline.flash_head_pipeline:generate_batch:545 - [generate_batch] DENOISE_STEPS total=1183.5ms steps=[s0=265.7 s1=232.1 s2=319.7 s3=366.0] n_steps=4 batch_size=2
2026-08-02 22:48:16+05:30 2026-08-02 17:18:16,244 [INFO] streaming.state_manager: [SM] IDLE -> TRANSITION_TO_LIVE (crossfade 8 frames, queue=24)
2026-08-02 22:48:16+05:30 2026-08-02 17:18:16,289 [INFO] streaming.state_manager: [SM] IDLE -> TRANSITION_TO_LIVE (crossfade 8 frames, queue=24)
2026-08-02 22:48:16+05:30 2026-08-02 17:18:16,565 [INFO] streaming.state_manager: [SM] TRANSITION_TO_LIVE -> LIVE
2026-08-02 22:48:16+05:30 2026-08-02 17:18:16,604 [INFO] streaming.state_manager: [SM] TRANSITION_TO_LIVE -> LIVE
2026-08-02 22:48:16+05:30 2026-08-02 17:18:16,956 [INFO] handler: UTTERANCE_END_RECEIVED session=conc-test-2-4b127e
2026-08-02 22:48:17+05:30 2026-08-02 17:18:17,730 [INFO] streaming.state_manager: [SM] LIVE -> TRANSITION_TO_IDLE (crossfade 8 frames)
2026-08-02 22:48:17+05:30 2026-08-02 17:18:17,767 [INFO] streaming.state_manager: [SM] LIVE -> TRANSITION_TO_IDLE (crossfade 8 frames)
2026-08-02 22:48:18+05:30 2026-08-02 17:18:18,044 [INFO] streaming.state_manager: [SM] TRANSITION_TO_IDLE -> IDLE
2026-08-02 22:48:18+05:30 2026-08-02 17:18:18,086 [INFO] streaming.state_manager: [SM] TRANSITION_TO_IDLE -> IDLE
2026-08-02 22:48:18+05:30 2026-08-02 17:18:18.147 | INFO     | flash_head.src.pipeline.flash_head_pipeline:generate_batch:538 - [generate_batch] GPU_BREAKDOWN denoise=1080.6ms decode=493.6ms color+encode=192.7ms total=1767.7ms batch_size=2
2026-08-02 22:48:18+05:30 2026-08-02 17:18:18.147 | INFO     | flash_head.src.pipeline.flash_head_pipeline:generate_batch:545 - [generate_batch] DENOISE_STEPS total=1080.6ms steps=[s0=269.3 s1=352.0 s2=231.6 s3=227.7] n_steps=4 batch_size=2
2026-08-02 22:48:18+05:30 2026-08-02 17:18:18,243 [INFO] streaming.state_manager: [SM] IDLE -> TRANSITION_TO_LIVE (crossfade 8 frames, queue=24)
2026-08-02 22:48:18+05:30 2026-08-02 17:18:18,285 [INFO] streaming.state_manager: [SM] IDLE -> TRANSITION_TO_LIVE (crossfade 8 frames, queue=24)
2026-08-02 22:48:18+05:30 2026-08-02 17:18:18,564 [INFO] streaming.state_manager: [SM] TRANSITION_TO_LIVE -> LIVE
2026-08-02 22:48:18+05:30 2026-08-02 17:18:18,609 [INFO] streaming.state_manager: [SM] TRANSITION_TO_LIVE -> LIVE
2026-08-02 22:48:19+05:30 2026-08-02 17:18:19,053 [INFO] VideoPublisher: VIDEO_PUBLISH_METRICS windowMs=5003 frames=125 effectiveFps=25.0 liveFrames=46 repeatedLiveFrames=24 idleFrames=55 desyncPct=63.2 maxGapMs=65.6 maxCaptureMs=4.8
2026-08-02 22:48:19+05:30 2026-08-02 17:18:19,725 [INFO] streaming.state_manager: [SM] LIVE -> TRANSITION_TO_IDLE (crossfade 8 frames)
2026-08-02 22:48:19+05:30 2026-08-02 17:18:19,766 [INFO] streaming.state_manager: [SM] LIVE -> TRANSITION_TO_IDLE (crossfade 8 frames)
2026-08-02 22:48:19+05:30 2026-08-02 17:18:19.988 | INFO     | flash_head.src.pipeline.flash_head_pipeline:generate_batch:538 - [generate_batch] GPU_BREAKDOWN denoise=971.7ms decode=486.4ms color+encode=189.8ms total=1648.5ms batch_size=2
2026-08-02 22:48:19+05:30 2026-08-02 17:18:19.989 | INFO     | flash_head.src.pipeline.flash_head_pipeline:generate_batch:545 - [generate_batch] DENOISE_STEPS total=971.7ms steps=[s0=218.6 s1=236.2 s2=260.3 s3=256.6] n_steps=4 batch_size=2
2026-08-02 22:48:20+05:30 2026-08-02 17:18:20,006 [INFO] VideoPublisher: VIDEO_PUBLISH_METRICS windowMs=5036 frames=126 effectiveFps=25.0 liveFrames=35 repeatedLiveFrames=36 idleFrames=55 desyncPct=72.2 maxGapMs=53.4 maxCaptureMs=6.7
2026-08-02 22:48:20+05:30 2026-08-02 17:18:20,043 [INFO] streaming.state_manager: [SM] IDLE -> TRANSITION_TO_LIVE (crossfade 8 frames, queue=24)
2026-08-02 22:48:20+05:30 2026-08-02 17:18:20,091 [INFO] streaming.state_manager: [SM] IDLE -> TRANSITION_TO_LIVE (crossfade 8 frames, queue=24)
2026-08-02 22:48:20+05:30 [METRICS] GPU_util=99% GPU_temp=77C GPU_mem=4.1GB/22.0GB (reserved=7.2GB) RSS=11956MB CPU_user=151.5s CPU_sys=17.5s sessions=2 pool=4/4
2026-08-02 22:48:20+05:30 2026-08-02 17:18:20,363 [INFO] streaming.state_manager: [SM] TRANSITION_TO_LIVE -> LIVE
2026-08-02 22:48:20+05:30 2026-08-02 17:18:20,404 [INFO] streaming.state_manager: [SM] TRANSITION_TO_LIVE -> LIVE
2026-08-02 22:48:21+05:30 2026-08-02 17:18:21,526 [INFO] streaming.state_manager: [SM] LIVE -> TRANSITION_TO_IDLE (crossfade 8 frames)
2026-08-02 22:48:21+05:30 2026-08-02 17:18:21,566 [INFO] streaming.state_manager: [SM] LIVE -> TRANSITION_TO_IDLE (crossfade 8 frames)
2026-08-02 22:48:21+05:30 2026-08-02 17:18:21.730 | INFO     | flash_head.src.pipeline.flash_head_pipeline:generate_batch:538 - [generate_batch] GPU_BREAKDOWN denoise=916.2ms decode=498.3ms color+encode=189.9ms total=1605.1ms batch_size=2
2026-08-02 22:48:21+05:30 2026-08-02 17:18:21.730 | INFO     | flash_head.src.pipeline.flash_head_pipeline:generate_batch:545 - [generate_batch] DENOISE_STEPS total=916.2ms steps=[s0=220.9 s1=227.2 s2=228.2 s3=239.9] n_steps=4 batch_size=2
2026-08-02 22:48:21+05:30 2026-08-02 17:18:21,803 [INFO] streaming.state_manager: [SM] IDLE -> TRANSITION_TO_LIVE (crossfade 8 frames, queue=24)
2026-08-02 22:48:21+05:30 2026-08-02 17:18:21,853 [INFO] streaming.state_manager: [SM] IDLE -> TRANSITION_TO_LIVE (crossfade 8 frames, queue=24)
2026-08-02 22:48:22+05:30 2026-08-02 17:18:22,124 [INFO] streaming.state_manager: [SM] TRANSITION_TO_LIVE -> LIVE
2026-08-02 22:48:22+05:30 2026-08-02 17:18:22,164 [INFO] streaming.state_manager: [SM] TRANSITION_TO_LIVE -> LIVE
2026-08-02 22:48:23+05:30 2026-08-02 17:18:23,286 [INFO] streaming.state_manager: [SM] LIVE -> TRANSITION_TO_IDLE (crossfade 8 frames)
2026-08-02 22:48:23+05:30 2026-08-02 17:18:23,326 [INFO] streaming.state_manager: [SM] LIVE -> TRANSITION_TO_IDLE (crossfade 8 frames)
2026-08-02 22:48:23+05:30 2026-08-02 17:18:23.466 | INFO     | flash_head.src.pipeline.flash_head_pipeline:generate_batch:538 - [generate_batch] GPU_BREAKDOWN denoise=912.6ms decode=495.9ms color+encode=189.9ms total=1599.1ms batch_size=2
2026-08-02 22:48:23+05:30 2026-08-02 17:18:23.466 | INFO     | flash_head.src.pipeline.flash_head_pipeline:generate_batch:545 - [generate_batch] DENOISE_STEPS total=912.6ms steps=[s0=220.2 s1=229.2 s2=228.8 s3=234.4] n_steps=4 batch_size=2
2026-08-02 22:48:23+05:30 2026-08-02 17:18:23,523 [INFO] streaming.state_manager: [SM] IDLE -> TRANSITION_TO_LIVE (crossfade 8 frames, queue=24)
2026-08-02 22:48:23+05:30 2026-08-02 17:18:23,567 [INFO] streaming.state_manager: [SM] IDLE -> TRANSITION_TO_LIVE (crossfade 8 frames, queue=24)
2026-08-02 22:48:23+05:30 2026-08-02 17:18:23,843 [INFO] streaming.state_manager: [SM] TRANSITION_TO_LIVE -> LIVE
2026-08-02 22:48:23+05:30 2026-08-02 17:18:23,884 [INFO] streaming.state_manager: [SM] TRANSITION_TO_LIVE -> LIVE
2026-08-02 22:48:24+05:30 2026-08-02 17:18:24,093 [INFO] VideoPublisher: VIDEO_PUBLISH_METRICS windowMs=5040 frames=126 effectiveFps=25.0 liveFrames=45 repeatedLiveFrames=36 idleFrames=45 desyncPct=64.3 maxGapMs=54.2 maxCaptureMs=2.5
2026-08-02 22:48:24+05:30 2026-08-02 17:18:24,805 [INFO] streaming.state_manager: [SM] Adaptive caps: p95_ms=2548 buffer=64 peak=88 MAX=114 TARGET=91
2026-08-02 22:48:25+05:30 2026-08-02 17:18:25,012 [INFO] streaming.state_manager: [SM] LIVE -> TRANSITION_TO_IDLE (crossfade 8 frames)
2026-08-02 22:48:25+05:30 2026-08-02 17:18:25,015 [INFO] VideoPublisher: VIDEO_PUBLISH_METRICS windowMs=5008 frames=125 effectiveFps=25.0 liveFrames=51 repeatedLiveFrames=36 idleFrames=38 desyncPct=59.2 maxGapMs=48.0 maxCaptureMs=1.5
2026-08-02 22:48:25+05:30 2026-08-02 17:18:25,046 [INFO] streaming.state_manager: [SM] LIVE -> TRANSITION_TO_IDLE (crossfade 8 frames)
2026-08-02 22:48:25+05:30 2026-08-02 17:18:25.220 | INFO     | flash_head.src.pipeline.flash_head_pipeline:generate_batch:538 - [generate_batch] GPU_BREAKDOWN denoise=933.7ms decode=494.0ms color+encode=191.3ms total=1619.7ms batch_size=2
2026-08-02 22:48:25+05:30 2026-08-02 17:18:25.220 | INFO     | flash_head.src.pipeline.flash_head_pipeline:generate_batch:545 - [generate_batch] DENOISE_STEPS total=933.7ms steps=[s0=229.6 s1=229.8 s2=238.3 s3=236.0] n_steps=4 batch_size=2
2026-08-02 22:48:25+05:30 [METRICS] GPU_util=98% GPU_temp=79C GPU_mem=4.4GB/22.0GB (reserved=7.2GB) RSS=11956MB CPU_user=159.4s CPU_sys=18.0s sessions=2 pool=4/4
2026-08-02 22:48:25+05:30 2026-08-02 17:18:25,283 [INFO] streaming.state_manager: [SM] IDLE -> TRANSITION_TO_LIVE (crossfade 8 frames, queue=24)
2026-08-02 22:48:25+05:30 2026-08-02 17:18:25,324 [INFO] streaming.state_manager: [SM] IDLE -> TRANSITION_TO_LIVE (crossfade 8 frames, queue=24)
2026-08-02 22:48:25+05:30 2026-08-02 17:18:25,603 [INFO] streaming.state_manager: [SM] TRANSITION_TO_LIVE -> LIVE
2026-08-02 22:48:25+05:30 2026-08-02 17:18:25,644 [INFO] streaming.state_manager: [SM] TRANSITION_TO_LIVE -> LIVE
2026-08-02 22:48:26+05:30 2026-08-02 17:18:26,766 [INFO] streaming.state_manager: [SM] LIVE -> TRANSITION_TO_IDLE (crossfade 8 frames)
2026-08-02 22:48:26+05:30 2026-08-02 17:18:26,805 [INFO] streaming.state_manager: [SM] LIVE -> TRANSITION_TO_IDLE (crossfade 8 frames)
2026-08-02 22:48:26+05:30 2026-08-02 17:18:26.976 | INFO     | flash_head.src.pipeline.flash_head_pipeline:generate_batch:538 - [generate_batch] GPU_BREAKDOWN denoise=928.0ms decode=497.0ms color+encode=192.4ms total=1618.8ms batch_size=2
2026-08-02 22:48:26+05:30 2026-08-02 17:18:26.976 | INFO     | flash_head.src.pipeline.flash_head_pipeline:generate_batch:545 - [generate_batch] DENOISE_STEPS total=928.0ms steps=[s0=220.4 s1=228.5 s2=240.3 s3=238.9] n_steps=4 batch_size=2
2026-08-02 22:48:27+05:30 2026-08-02 17:18:27,043 [INFO] streaming.state_manager: [SM] IDLE -> TRANSITION_TO_LIVE (crossfade 8 frames, queue=24)
2026-08-02 22:48:27+05:30 2026-08-02 17:18:27,066 [INFO] BatchedStreamingEngine: cycle=30 batch=2 sessions=['conc-test-1-930852', 'conc-test-2-4b127e'] embed=48.2ms infer=1619.4ms xfer=89.1ms total=1756.8ms
2026-08-02 22:48:27+05:30 2026-08-02 17:18:27,083 [INFO] streaming.state_manager: [SM] IDLE -> TRANSITION_TO_LIVE (crossfade 8 frames, queue=24)
2026-08-02 22:48:27+05:30 2026-08-02 17:18:27,363 [INFO] streaming.state_manager: [SM] TRANSITION_TO_LIVE -> LIVE
2026-08-02 22:48:27+05:30 2026-08-02 17:18:27,404 [INFO] streaming.state_manager: [SM] TRANSITION_TO_LIVE -> LIVE
2026-08-02 22:48:28+05:30 2026-08-02 17:18:28,200 [INFO] handler: UTTERANCE_END_RECEIVED session=conc-test-1-930852
2026-08-02 22:48:28+05:30 2026-08-02 17:18:28,526 [INFO] streaming.state_manager: [SM] LIVE -> TRANSITION_TO_IDLE (crossfade 8 frames)
2026-08-02 22:48:28+05:30 2026-08-02 17:18:28,566 [INFO] streaming.state_manager: [SM] LIVE -> TRANSITION_TO_IDLE (crossfade 8 frames)
2026-08-02 22:48:28+05:30 2026-08-02 17:18:28.727 | INFO     | flash_head.src.pipeline.flash_head_pipeline:generate_batch:538 - [generate_batch] GPU_BREAKDOWN denoise=916.8ms decode=499.5ms color+encode=189.6ms total=1606.8ms batch_size=2
2026-08-02 22:48:28+05:30 2026-08-02 17:18:28.727 | INFO     | flash_head.src.pipeline.flash_head_pipeline:generate_batch:545 - [generate_batch] DENOISE_STEPS total=916.8ms steps=[s0=224.1 s1=229.6 s2=226.4 s3=236.7] n_steps=4 batch_size=2
2026-08-02 22:48:28+05:30 2026-08-02 17:18:28,804 [INFO] streaming.state_manager: [SM] IDLE -> TRANSITION_TO_LIVE (crossfade 8 frames, queue=24)
2026-08-02 22:48:28+05:30 2026-08-02 17:18:28,848 [INFO] streaming.state_manager: [SM] IDLE -> TRANSITION_TO_LIVE (crossfade 8 frames, queue=24)
2026-08-02 22:48:28+05:30 2026-08-02 17:18:28,885 [INFO] streaming.state_manager: [SM] Adaptive caps: p95_ms=2406 buffer=61 peak=85 MAX=110 TARGET=88
2026-08-02 22:48:29+05:30 2026-08-02 17:18:29,125 [INFO] streaming.state_manager: [SM] TRANSITION_TO_LIVE -> LIVE
2026-08-02 22:48:29+05:30 2026-08-02 17:18:29,132 [INFO] VideoPublisher: VIDEO_PUBLISH_METRICS windowMs=5038 frames=126 effectiveFps=25.0 liveFrames=45 repeatedLiveFrames=36 idleFrames=45 desyncPct=64.3 maxGapMs=49.5 maxCaptureMs=2.0
2026-08-02 22:48:29+05:30 2026-08-02 17:18:29,164 [INFO] streaming.state_manager: [SM] TRANSITION_TO_LIVE -> LIVE
2026-08-02 22:48:30+05:30 2026-08-02 17:18:30,046 [INFO] VideoPublisher: VIDEO_PUBLISH_METRICS windowMs=5031 frames=126 effectiveFps=25.0 liveFrames=51 repeatedLiveFrames=31 idleFrames=44 desyncPct=59.5 maxGapMs=48.0 maxCaptureMs=1.8
2026-08-02 22:48:30+05:30 [METRICS] GPU_util=100% GPU_temp=81C GPU_mem=4.1GB/22.0GB (reserved=7.2GB) RSS=11956MB CPU_user=167.9s CPU_sys=18.4s sessions=2 pool=4/4
2026-08-02 22:48:30+05:30 2026-08-02 17:18:30,286 [INFO] streaming.state_manager: [SM] LIVE -> TRANSITION_TO_IDLE (crossfade 8 frames)
2026-08-02 22:48:30+05:30 2026-08-02 17:18:30,325 [INFO] streaming.state_manager: [SM] LIVE -> TRANSITION_TO_IDLE (crossfade 8 frames)
2026-08-02 22:48:30+05:30 2026-08-02 17:18:30.471 | INFO     | flash_head.src.pipeline.flash_head_pipeline:generate_batch:538 - [generate_batch] GPU_BREAKDOWN denoise=920.1ms decode=496.2ms color+encode=190.3ms total=1607.6ms batch_size=2
2026-08-02 22:48:30+05:30 2026-08-02 17:18:30.471 | INFO     | flash_head.src.pipeline.flash_head_pipeline:generate_batch:545 - [generate_batch] DENOISE_STEPS total=920.1ms steps=[s0=220.5 s1=234.4 s2=229.3 s3=235.8] n_steps=4 batch_size=2
2026-08-02 22:48:30+05:30 2026-08-02 17:18:30,523 [INFO] streaming.state_manager: [SM] IDLE -> TRANSITION_TO_LIVE (crossfade 8 frames, queue=24)
2026-08-02 22:48:30+05:30 2026-08-02 17:18:30,573 [INFO] streaming.state_manager: [SM] IDLE -> TRANSITION_TO_LIVE (crossfade 8 frames, queue=24)
2026-08-02 22:48:30+05:30 2026-08-02 17:18:30,818 [INFO] handler: UTTERANCE_END_RECEIVED session=conc-test-2-4b127e
2026-08-02 22:48:30+05:30 2026-08-02 17:18:30,846 [INFO] streaming.state_manager: [SM] TRANSITION_TO_LIVE -> LIVE
2026-08-02 22:48:30+05:30 2026-08-02 17:18:30,883 [INFO] streaming.state_manager: [SM] TRANSITION_TO_LIVE -> LIVE
2026-08-02 22:48:32+05:30 2026-08-02 17:18:32,011 [INFO] streaming.state_manager: [SM] LIVE -> TRANSITION_TO_IDLE (crossfade 8 frames)
2026-08-02 22:48:32+05:30 2026-08-02 17:18:32,045 [INFO] streaming.state_manager: [SM] LIVE -> TRANSITION_TO_IDLE (crossfade 8 frames)
2026-08-02 22:48:32+05:30 2026-08-02 17:18:32.221 | INFO     | flash_head.src.pipeline.flash_head_pipeline:generate_batch:538 - [generate_batch] GPU_BREAKDOWN denoise=916.0ms decode=496.1ms color+encode=190.6ms total=1603.5ms batch_size=2
2026-08-02 22:48:32+05:30 2026-08-02 17:18:32.221 | INFO     | flash_head.src.pipeline.flash_head_pipeline:generate_batch:545 - [generate_batch] DENOISE_STEPS total=916.0ms steps=[s0=220.8 s1=228.9 s2=229.8 s3=236.4] n_steps=4 batch_size=2
2026-08-02 22:48:32+05:30 2026-08-02 17:18:32,283 [INFO] streaming.state_manager: [SM] IDLE -> TRANSITION_TO_LIVE (crossfade 8 frames, queue=24)
2026-08-02 22:48:32+05:30 2026-08-02 17:18:32,323 [INFO] streaming.state_manager: [SM] IDLE -> TRANSITION_TO_LIVE (crossfade 8 frames, queue=24)
2026-08-02 22:48:32+05:30 2026-08-02 17:18:32,603 [INFO] streaming.state_manager: [SM] TRANSITION_TO_LIVE -> LIVE
2026-08-02 22:48:32+05:30 2026-08-02 17:18:32,643 [INFO] streaming.state_manager: [SM] TRANSITION_TO_LIVE -> LIVE
2026-08-02 22:48:33+05:30 2026-08-02 17:18:33,766 [INFO] streaming.state_manager: [SM] LIVE -> TRANSITION_TO_IDLE (crossfade 8 frames)
2026-08-02 22:48:33+05:30 2026-08-02 17:18:33,805 [INFO] streaming.state_manager: [SM] LIVE -> TRANSITION_TO_IDLE (crossfade 8 frames)
2026-08-02 22:48:33+05:30 2026-08-02 17:18:33.961 | INFO     | flash_head.src.pipeline.flash_head_pipeline:generate_batch:538 - [generate_batch] GPU_BREAKDOWN denoise=916.7ms decode=498.1ms color+encode=189.1ms total=1604.8ms batch_size=2
2026-08-02 22:48:33+05:30 2026-08-02 17:18:33.961 | INFO     | flash_head.src.pipeline.flash_head_pipeline:generate_batch:545 - [generate_batch] DENOISE_STEPS total=916.7ms steps=[s0=220.7 s1=228.3 s2=233.5 s3=234.2] n_steps=4 batch_size=2
2026-08-02 22:48:34+05:30 2026-08-02 17:18:34,044 [INFO] streaming.state_manager: [SM] IDLE -> TRANSITION_TO_LIVE (crossfade 8 frames, queue=24)
2026-08-02 22:48:34+05:30 2026-08-02 17:18:34,084 [INFO] streaming.state_manager: [SM] IDLE -> TRANSITION_TO_LIVE (crossfade 8 frames, queue=24)
2026-08-02 22:48:34+05:30 2026-08-02 17:18:34,169 [INFO] VideoPublisher: VIDEO_PUBLISH_METRICS windowMs=5037 frames=126 effectiveFps=25.0 liveFrames=51 repeatedLiveFrames=36 idleFrames=39 desyncPct=59.5 maxGapMs=55.0 maxCaptureMs=1.2
2026-08-02 22:48:34+05:30 2026-08-02 17:18:34,364 [INFO] streaming.state_manager: [SM] TRANSITION_TO_LIVE -> LIVE
2026-08-02 22:48:34+05:30 2026-08-02 17:18:34,404 [INFO] streaming.state_manager: [SM] TRANSITION_TO_LIVE -> LIVE
2026-08-02 22:48:35+05:30 2026-08-02 17:18:35,046 [INFO] VideoPublisher: VIDEO_PUBLISH_METRICS windowMs=5000 frames=125 effectiveFps=25.0 liveFrames=51 repeatedLiveFrames=30 idleFrames=44 desyncPct=59.2 maxGapMs=48.0 maxCaptureMs=1.3
2026-08-02 22:48:35+05:30 [METRICS] GPU_util=99% GPU_temp=80C GPU_mem=4.1GB/22.0GB (reserved=7.2GB) RSS=11956MB CPU_user=176.0s CPU_sys=18.9s sessions=2 pool=4/4
2026-08-02 22:48:35+05:30 2026-08-02 17:18:35,525 [INFO] streaming.state_manager: [SM] LIVE -> TRANSITION_TO_IDLE (crossfade 8 frames)
2026-08-02 22:48:35+05:30 2026-08-02 17:18:35,568 [INFO] streaming.state_manager: [SM] LIVE -> TRANSITION_TO_IDLE (crossfade 8 frames)
2026-08-02 22:48:35+05:30 2026-08-02 17:18:35.716 | INFO     | flash_head.src.pipeline.flash_head_pipeline:generate_batch:538 - [generate_batch] GPU_BREAKDOWN denoise=915.4ms decode=495.4ms color+encode=190.2ms total=1601.6ms batch_size=2
2026-08-02 22:48:35+05:30 2026-08-02 17:18:35.716 | INFO     | flash_head.src.pipeline.flash_head_pipeline:generate_batch:545 - [generate_batch] DENOISE_STEPS total=915.4ms steps=[s0=223.0 s1=227.0 s2=229.6 s3=235.8] n_steps=4 batch_size=2
2026-08-02 22:48:35+05:30 2026-08-02 17:18:35,803 [INFO] streaming.state_manager: [SM] IDLE -> TRANSITION_TO_LIVE (crossfade 8 frames, queue=24)
2026-08-02 22:48:35+05:30 2026-08-02 17:18:35,807 [INFO] BatchedStreamingEngine: Session conc-test-1-930852 reactivated (keep_alive)
2026-08-02 22:48:35+05:30 2026-08-02 17:18:35,843 [INFO] streaming.state_manager: [SM] IDLE -> TRANSITION_TO_LIVE (crossfade 8 frames, queue=24)
2026-08-02 22:48:36+05:30 2026-08-02 17:18:36,124 [INFO] streaming.state_manager: [SM] TRANSITION_TO_LIVE -> LIVE
2026-08-02 22:48:36+05:30 2026-08-02 17:18:36,164 [INFO] streaming.state_manager: [SM] TRANSITION_TO_LIVE -> LIVE
2026-08-02 22:48:36+05:30 2026-08-02 17:18:36.667 | INFO     | flash_head.src.pipeline.flash_head_pipeline:generate_batch:538 - [generate_batch] GPU_BREAKDOWN denoise=492.6ms decode=249.6ms color+encode=94.6ms total=837.2ms batch_size=1
2026-08-02 22:48:36+05:30 2026-08-02 17:18:36.667 | INFO     | flash_head.src.pipeline.flash_head_pipeline:generate_batch:545 - [generate_batch] DENOISE_STEPS total=492.6ms steps=[s0=125.2 s1=126.1 s2=120.2 s3=121.1] n_steps=4 batch_size=1
2026-08-02 22:48:36+05:30 2026-08-02 17:18:36,712 [INFO] BatchedStreamingEngine: Session conc-test-2-4b127e reactivated (keep_alive)
2026-08-02 22:48:37+05:30 2026-08-02 17:18:37,286 [INFO] streaming.state_manager: [SM] LIVE -> TRANSITION_TO_IDLE (crossfade 8 frames)
2026-08-02 22:48:37+05:30 2026-08-02 17:18:37,603 [INFO] streaming.state_manager: [SM] TRANSITION_TO_IDLE -> IDLE
2026-08-02 22:48:37+05:30 2026-08-02 17:18:37,756 [INFO] batched_stream_processor: BATCHED_DRAIN_COMPLETED session=conc-test-1-930852 cycles=298 elapsed=32498.3ms keep_alive=True
2026-08-02 22:48:37+05:30 2026-08-02 17:18:37,859 [INFO] batched_stream_processor: BATCHED_DRAIN_STARTED session=conc-test-1-930852 keep_alive=True
2026-08-02 22:48:37+05:30 2026-08-02 17:18:37,859 [INFO] BatchedStreamingEngine: Session conc-test-1-930852 marked for drain (keep_alive=True)
2026-08-02 22:48:38+05:30 2026-08-02 17:18:38,287 [INFO] streaming.state_manager: [SM] LIVE -> TRANSITION_TO_IDLE (crossfade 8 frames)
2026-08-02 22:48:38+05:30 2026-08-02 17:18:38,603 [INFO] streaming.state_manager: [SM] TRANSITION_TO_IDLE -> IDLE
2026-08-02 22:48:38+05:30 2026-08-02 17:18:38.680 | INFO     | flash_head.src.pipeline.flash_head_pipeline:generate_batch:538 - [generate_batch] GPU_BREAKDOWN denoise=526.6ms decode=244.4ms color+encode=95.1ms total=867.3ms batch_size=1
2026-08-02 22:48:38+05:30 2026-08-02 17:18:38.680 | INFO     | flash_head.src.pipeline.flash_head_pipeline:generate_batch:545 - [generate_batch] DENOISE_STEPS total=526.6ms steps=[s0=151.0 s1=123.1 s2=118.5 s3=134.0] n_steps=4 batch_size=1
2026-08-02 22:48:38+05:30 2026-08-02 17:18:38,741 [INFO] batched_stream_processor: BATCHED_DRAIN_COMPLETED session=conc-test-2-4b127e cycles=299 elapsed=32689.6ms keep_alive=True
2026-08-02 22:48:38+05:30 2026-08-02 17:18:38,763 [INFO] streaming.state_manager: [SM] IDLE -> TRANSITION_TO_LIVE (crossfade 8 frames, queue=24)
2026-08-02 22:48:38+05:30 2026-08-02 17:18:38,837 [INFO] batched_stream_processor: BATCHED_DRAIN_STARTED session=conc-test-2-4b127e keep_alive=True
2026-08-02 22:48:38+05:30 2026-08-02 17:18:38,837 [INFO] BatchedStreamingEngine: Session conc-test-2-4b127e marked for drain (keep_alive=True)
2026-08-02 22:48:39+05:30 2026-08-02 17:18:39,085 [INFO] streaming.state_manager: [SM] TRANSITION_TO_LIVE -> LIVE
2026-08-02 22:48:39+05:30 2026-08-02 17:18:39,171 [INFO] VideoPublisher: VIDEO_PUBLISH_METRICS windowMs=5001 frames=125 effectiveFps=25.0 liveFrames=58 repeatedLiveFrames=24 idleFrames=43 desyncPct=53.6 maxGapMs=51.5 maxCaptureMs=2.4
2026-08-02 22:48:39+05:30 2026-08-02 17:18:39.824 | INFO     | flash_head.src.pipeline.flash_head_pipeline:generate_batch:538 - [generate_batch] GPU_BREAKDOWN denoise=698.0ms decode=246.9ms color+encode=93.4ms total=1039.4ms batch_size=1
2026-08-02 22:48:39+05:30 2026-08-02 17:18:39.825 | INFO     | flash_head.src.pipeline.flash_head_pipeline:generate_batch:545 - [generate_batch] DENOISE_STEPS total=698.0ms steps=[s0=184.3 s1=233.9 s2=152.5 s3=127.2] n_steps=4 batch_size=1
2026-08-02 22:48:40+05:30 2026-08-02 17:18:40,086 [INFO] VideoPublisher: VIDEO_PUBLISH_METRICS windowMs=5040 frames=126 effectiveFps=25.0 liveFrames=40 repeatedLiveFrames=26 idleFrames=60 desyncPct=68.3 maxGapMs=55.8 maxCaptureMs=10.0
2026-08-02 22:48:40+05:30 [METRICS] GPU_util=100% GPU_temp=78C GPU_mem=4.1GB/22.0GB (reserved=7.2GB) RSS=11956MB CPU_user=183.3s CPU_sys=19.2s sessions=2 pool=4/4
2026-08-02 22:48:41+05:30 2026-08-02 17:18:41,325 [INFO] streaming.state_manager: [SM] LIVE -> TRANSITION_TO_IDLE (crossfade 8 frames)
2026-08-02 22:48:41+05:30 2026-08-02 17:18:41.511 | INFO     | flash_head.src.pipeline.flash_head_pipeline:generate_batch:538 - [generate_batch] GPU_BREAKDOWN denoise=913.2ms decode=493.1ms color+encode=190.1ms total=1596.9ms batch_size=2
2026-08-02 22:48:41+05:30 2026-08-02 17:18:41.511 | INFO     | flash_head.src.pipeline.flash_head_pipeline:generate_batch:545 - [generate_batch] DENOISE_STEPS total=913.2ms steps=[s0=221.7 s1=228.5 s2=230.1 s3=232.9] n_steps=4 batch_size=2
2026-08-02 22:48:41+05:30 2026-08-02 17:18:41,603 [INFO] streaming.state_manager: [SM] IDLE -> TRANSITION_TO_LIVE (crossfade 8 frames, queue=24)
2026-08-02 22:48:41+05:30 2026-08-02 17:18:41,645 [INFO] streaming.state_manager: [SM] IDLE -> TRANSITION_TO_LIVE (crossfade 8 frames, queue=24)
2026-08-02 22:48:41+05:30 2026-08-02 17:18:41,923 [INFO] streaming.state_manager: [SM] TRANSITION_TO_LIVE -> LIVE
2026-08-02 22:48:41+05:30 2026-08-02 17:18:41,963 [INFO] streaming.state_manager: [SM] TRANSITION_TO_LIVE -> LIVE
2026-08-02 22:48:42+05:30 2026-08-02 17:18:42,440 [INFO] handler: UTTERANCE_END_RECEIVED session=conc-test-1-930852
2026-08-02 22:48:43+05:30 2026-08-02 17:18:43,091 [INFO] streaming.state_manager: [SM] LIVE -> TRANSITION_TO_IDLE (crossfade 8 frames)
2026-08-02 22:48:43+05:30 2026-08-02 17:18:43,125 [INFO] streaming.state_manager: [SM] LIVE -> TRANSITION_TO_IDLE (crossfade 8 frames)
2026-08-02 22:48:43+05:30 2026-08-02 17:18:43.253 | INFO     | flash_head.src.pipeline.flash_head_pipeline:generate_batch:538 - [generate_batch] GPU_BREAKDOWN denoise=906.2ms decode=496.4ms color+encode=189.9ms total=1594.0ms batch_size=2
2026-08-02 22:48:43+05:30 2026-08-02 17:18:43.254 | INFO     | flash_head.src.pipeline.flash_head_pipeline:generate_batch:545 - [generate_batch] DENOISE_STEPS total=906.2ms steps=[s0=220.4 s1=226.2 s2=227.1 s3=232.6] n_steps=4 batch_size=2
2026-08-02 22:48:43+05:30 2026-08-02 17:18:43,324 [INFO] streaming.state_manager: [SM] IDLE -> TRANSITION_TO_LIVE (crossfade 8 frames, queue=24)
2026-08-02 22:48:43+05:30 2026-08-02 17:18:43,343 [INFO] BatchedStreamingEngine: cycle=40 batch=2 sessions=['conc-test-1-930852', 'conc-test-2-4b127e'] embed=48.1ms infer=1594.6ms xfer=88.9ms total=1731.9ms
2026-08-02 22:48:43+05:30 2026-08-02 17:18:43,363 [INFO] streaming.state_manager: [SM] IDLE -> TRANSITION_TO_LIVE (crossfade 8 frames, queue=24)
2026-08-02 22:48:43+05:30 2026-08-02 17:18:43,643 [INFO] streaming.state_manager: [SM] TRANSITION_TO_LIVE -> LIVE
2026-08-02 22:48:43+05:30 2026-08-02 17:18:43,684 [INFO] streaming.state_manager: [SM] TRANSITION_TO_LIVE -> LIVE
2026-08-02 22:48:44+05:30 2026-08-02 17:18:44,209 [INFO] VideoPublisher: VIDEO_PUBLISH_METRICS windowMs=5038 frames=126 effectiveFps=25.0 liveFrames=31 repeatedLiveFrames=12 idleFrames=83 desyncPct=75.4 maxGapMs=53.2 maxCaptureMs=1.3
2026-08-02 22:48:44+05:30 2026-08-02 17:18:44,806 [INFO] streaming.state_manager: [SM] LIVE -> TRANSITION_TO_IDLE (crossfade 8 frames)
2026-08-02 22:48:44+05:30 2026-08-02 17:18:44,846 [INFO] streaming.state_manager: [SM] LIVE -> TRANSITION_TO_IDLE (crossfade 8 frames)
2026-08-02 22:48:44+05:30 2026-08-02 17:18:44.996 | INFO     | flash_head.src.pipeline.flash_head_pipeline:generate_batch:538 - [generate_batch] GPU_BREAKDOWN denoise=918.5ms decode=494.6ms color+encode=188.8ms total=1603.1ms batch_size=2
2026-08-02 22:48:44+05:30 2026-08-02 17:18:44.996 | INFO     | flash_head.src.pipeline.flash_head_pipeline:generate_batch:545 - [generate_batch] DENOISE_STEPS total=918.5ms steps=[s0=219.0 s1=227.7 s2=229.6 s3=242.2] n_steps=4 batch_size=2
2026-08-02 22:48:45+05:30 2026-08-02 17:18:45,063 [INFO] handler: UTTERANCE_END_RECEIVED session=conc-test-2-4b127e
2026-08-02 22:48:45+05:30 2026-08-02 17:18:45,084 [INFO] streaming.state_manager: [SM] IDLE -> TRANSITION_TO_LIVE (crossfade 8 frames, queue=24)
2026-08-02 22:48:45+05:30 2026-08-02 17:18:45,101 [INFO] VideoPublisher: VIDEO_PUBLISH_METRICS windowMs=5014 frames=125 effectiveFps=24.9 liveFrames=52 repeatedLiveFrames=36 idleFrames=37 desyncPct=58.4 maxGapMs=54.6 maxCaptureMs=1.1
2026-08-02 22:48:45+05:30 2026-08-02 17:18:45,124 [INFO] streaming.state_manager: [SM] IDLE -> TRANSITION_TO_LIVE (crossfade 8 frames, queue=24)
2026-08-02 22:48:45+05:30 [METRICS] GPU_util=19% GPU_temp=78C GPU_mem=4.1GB/22.0GB (reserved=7.2GB) RSS=11956MB CPU_user=191.5s CPU_sys=19.6s sessions=2 pool=4/4
2026-08-02 22:48:45+05:30 2026-08-02 17:18:45,403 [INFO] streaming.state_manager: [SM] TRANSITION_TO_LIVE -> LIVE
2026-08-02 22:48:45+05:30 2026-08-02 17:18:45,444 [INFO] streaming.state_manager: [SM] TRANSITION_TO_LIVE -> LIVE
2026-08-02 22:48:46+05:30 2026-08-02 17:18:46,566 [INFO] streaming.state_manager: [SM] LIVE -> TRANSITION_TO_IDLE (crossfade 8 frames)
2026-08-02 22:48:46+05:30 2026-08-02 17:18:46,605 [INFO] streaming.state_manager: [SM] LIVE -> TRANSITION_TO_IDLE (crossfade 8 frames)
2026-08-02 22:48:46+05:30 2026-08-02 17:18:46.724 | INFO     | flash_head.src.pipeline.flash_head_pipeline:generate_batch:538 - [generate_batch] GPU_BREAKDOWN denoise=906.7ms decode=495.5ms color+encode=187.7ms total=1590.5ms batch_size=2
2026-08-02 22:48:46+05:30 2026-08-02 17:18:46.724 | INFO     | flash_head.src.pipeline.flash_head_pipeline:generate_batch:545 - [generate_batch] DENOISE_STEPS total=906.7ms steps=[s0=218.0 s1=226.0 s2=226.1 s3=236.6] n_steps=4 batch_size=2
2026-08-02 22:48:46+05:30 2026-08-02 17:18:46,804 [INFO] streaming.state_manager: [SM] IDLE -> TRANSITION_TO_LIVE (crossfade 8 frames, queue=24)
2026-08-02 22:48:46+05:30 2026-08-02 17:18:46,843 [INFO] streaming.state_manager: [SM] IDLE -> TRANSITION_TO_LIVE (crossfade 8 frames, queue=24)
2026-08-02 22:48:47+05:30 2026-08-02 17:18:47,123 [INFO] streaming.state_manager: [SM] TRANSITION_TO_LIVE -> LIVE
2026-08-02 22:48:47+05:30 2026-08-02 17:18:47,163 [INFO] streaming.state_manager: [SM] TRANSITION_TO_LIVE -> LIVE
2026-08-02 22:48:48+05:30 2026-08-02 17:18:48,287 [INFO] streaming.state_manager: [SM] LIVE -> TRANSITION_TO_IDLE (crossfade 8 frames)
2026-08-02 22:48:48+05:30 2026-08-02 17:18:48,326 [INFO] streaming.state_manager: [SM] LIVE -> TRANSITION_TO_IDLE (crossfade 8 frames)
2026-08-02 22:48:48+05:30 2026-08-02 17:18:48.472 | INFO     | flash_head.src.pipeline.flash_head_pipeline:generate_batch:538 - [generate_batch] GPU_BREAKDOWN denoise=906.6ms decode=494.3ms color+encode=188.3ms total=1590.0ms batch_size=2
2026-08-02 22:48:48+05:30 2026-08-02 17:18:48.473 | INFO     | flash_head.src.pipeline.flash_head_pipeline:generate_batch:545 - [generate_batch] DENOISE_STEPS total=906.6ms steps=[s0=219.9 s1=227.3 s2=225.3 s3=234.1] n_steps=4 batch_size=2
2026-08-02 22:48:48+05:30 2026-08-02 17:18:48,524 [INFO] streaming.state_manager: [SM] IDLE -> TRANSITION_TO_LIVE (crossfade 8 frames, queue=24)
2026-08-02 22:48:48+05:30 2026-08-02 17:18:48,573 [INFO] streaming.state_manager: [SM] IDLE -> TRANSITION_TO_LIVE (crossfade 8 frames, queue=24)
2026-08-02 22:48:48+05:30 2026-08-02 17:18:48,843 [INFO] streaming.state_manager: [SM] TRANSITION_TO_LIVE -> LIVE
2026-08-02 22:48:48+05:30 2026-08-02 17:18:48,883 [INFO] streaming.state_manager: [SM] TRANSITION_TO_LIVE -> LIVE
2026-08-02 22:48:49+05:30 2026-08-02 17:18:49,211 [INFO] VideoPublisher: VIDEO_PUBLISH_METRICS windowMs=5002 frames=125 effectiveFps=25.0 liveFrames=46 repeatedLiveFrames=36 idleFrames=43 desyncPct=63.2 maxGapMs=52.9 maxCaptureMs=1.1
2026-08-02 22:48:50+05:30 2026-08-02 17:18:50,005 [INFO] streaming.state_manager: [SM] LIVE -> TRANSITION_TO_IDLE (crossfade 8 frames)
2026-08-02 22:48:50+05:30 2026-08-02 17:18:50,047 [INFO] streaming.state_manager: [SM] LIVE -> TRANSITION_TO_IDLE (crossfade 8 frames)
2026-08-02 22:48:50+05:30 2026-08-02 17:18:50,127 [INFO] VideoPublisher: VIDEO_PUBLISH_METRICS windowMs=5026 frames=126 effectiveFps=25.1 liveFrames=51 repeatedLiveFrames=36 idleFrames=39 desyncPct=59.5 maxGapMs=46.4 maxCaptureMs=1.4
2026-08-02 22:48:50+05:30 2026-08-02 17:18:50.196 | INFO     | flash_head.src.pipeline.flash_head_pipeline:generate_batch:538 - [generate_batch] GPU_BREAKDOWN denoise=905.7ms decode=492.8ms color+encode=188.7ms total=1587.8ms batch_size=2
2026-08-02 22:48:50+05:30 2026-08-02 17:18:50.196 | INFO     | flash_head.src.pipeline.flash_head_pipeline:generate_batch:545 - [generate_batch] DENOISE_STEPS total=905.7ms steps=[s0=218.7 s1=226.1 s2=226.4 s3=234.5] n_steps=4 batch_size=2
2026-08-02 22:48:50+05:30 2026-08-02 17:18:50,283 [INFO] streaming.state_manager: [SM] IDLE -> TRANSITION_TO_LIVE (crossfade 8 frames, queue=24)
2026-08-02 22:48:50+05:30 2026-08-02 17:18:50,323 [INFO] streaming.state_manager: [SM] IDLE -> TRANSITION_TO_LIVE (crossfade 8 frames, queue=24)
2026-08-02 22:48:50+05:30 [METRICS] GPU_util=19% GPU_temp=76C GPU_mem=4.1GB/22.0GB (reserved=7.2GB) RSS=11956MB CPU_user=199.3s CPU_sys=20.1s sessions=2 pool=4/4
2026-08-02 22:48:50+05:30 2026-08-02 17:18:50,602 [INFO] streaming.state_manager: [SM] TRANSITION_TO_LIVE -> LIVE
2026-08-02 22:48:50+05:30 2026-08-02 17:18:50,643 [INFO] streaming.state_manager: [SM] TRANSITION_TO_LIVE -> LIVE
2026-08-02 22:48:51+05:30 2026-08-02 17:18:51,766 [INFO] streaming.state_manager: [SM] LIVE -> TRANSITION_TO_IDLE (crossfade 8 frames)
2026-08-02 22:48:51+05:30 2026-08-02 17:18:51,806 [INFO] streaming.state_manager: [SM] LIVE -> TRANSITION_TO_IDLE (crossfade 8 frames)
2026-08-02 22:48:51+05:30 2026-08-02 17:18:51.921 | INFO     | flash_head.src.pipeline.flash_head_pipeline:generate_batch:538 - [generate_batch] GPU_BREAKDOWN denoise=903.3ms decode=494.8ms color+encode=187.9ms total=1586.7ms batch_size=2
2026-08-02 22:48:51+05:30 2026-08-02 17:18:51.921 | INFO     | flash_head.src.pipeline.flash_head_pipeline:generate_batch:545 - [generate_batch] DENOISE_STEPS total=903.3ms steps=[s0=218.2 s1=225.2 s2=225.2 s3=234.7] n_steps=4 batch_size=2
2026-08-02 22:48:52+05:30 2026-08-02 17:18:52,003 [INFO] streaming.state_manager: [SM] IDLE -> TRANSITION_TO_LIVE (crossfade 8 frames, queue=24)
2026-08-02 22:48:52+05:30 2026-08-02 17:18:52,044 [INFO] streaming.state_manager: [SM] IDLE -> TRANSITION_TO_LIVE (crossfade 8 frames, queue=24)
2026-08-02 22:48:52+05:30 2026-08-02 17:18:52,324 [INFO] streaming.state_manager: [SM] TRANSITION_TO_LIVE -> LIVE
2026-08-02 22:48:52+05:30 2026-08-02 17:18:52,364 [INFO] streaming.state_manager: [SM] TRANSITION_TO_LIVE -> LIVE
2026-08-02 22:48:53+05:30 2026-08-02 17:18:53,486 [INFO] streaming.state_manager: [SM] LIVE -> TRANSITION_TO_IDLE (crossfade 8 frames)
2026-08-02 22:48:53+05:30 2026-08-02 17:18:53,526 [INFO] streaming.state_manager: [SM] LIVE -> TRANSITION_TO_IDLE (crossfade 8 frames)
2026-08-02 22:48:53+05:30 2026-08-02 17:18:53.641 | INFO     | flash_head.src.pipeline.flash_head_pipeline:generate_batch:538 - [generate_batch] GPU_BREAKDOWN denoise=901.4ms decode=495.5ms color+encode=187.8ms total=1585.2ms batch_size=2
2026-08-02 22:48:53+05:30 2026-08-02 17:18:53.641 | INFO     | flash_head.src.pipeline.flash_head_pipeline:generate_batch:545 - [generate_batch] DENOISE_STEPS total=901.4ms steps=[s0=217.4 s1=224.5 s2=224.4 s3=235.0] n_steps=4 batch_size=2
2026-08-02 22:48:53+05:30 2026-08-02 17:18:53,723 [INFO] streaming.state_manager: [SM] IDLE -> TRANSITION_TO_LIVE (crossfade 8 frames, queue=24)
2026-08-02 22:48:53+05:30 2026-08-02 17:18:53,763 [INFO] streaming.state_manager: [SM] IDLE -> TRANSITION_TO_LIVE (crossfade 8 frames, queue=24)
2026-08-02 22:48:54+05:30 2026-08-02 17:18:54,044 [INFO] streaming.state_manager: [SM] TRANSITION_TO_LIVE -> LIVE
2026-08-02 22:48:54+05:30 2026-08-02 17:18:54,084 [INFO] streaming.state_manager: [SM] TRANSITION_TO_LIVE -> LIVE
2026-08-02 22:48:54+05:30 2026-08-02 17:18:54,249 [INFO] VideoPublisher: VIDEO_PUBLISH_METRICS windowMs=5038 frames=126 effectiveFps=25.0 liveFrames=47 repeatedLiveFrames=36 idleFrames=43 desyncPct=62.7 maxGapMs=47.7 maxCaptureMs=1.6
2026-08-02 22:48:54+05:30 2026-08-02 17:18:54,844 [INFO] streaming.state_manager: [SM] Adaptive caps: p95_ms=2324 buffer=59 peak=83 MAX=107 TARGET=85
2026-08-02 22:48:55+05:30 2026-08-02 17:18:55,166 [INFO] VideoPublisher: VIDEO_PUBLISH_METRICS windowMs=5039 frames=126 effectiveFps=25.0 liveFrames=51 repeatedLiveFrames=36 idleFrames=39 desyncPct=59.5 maxGapMs=51.9 maxCaptureMs=1.5
2026-08-02 22:48:55+05:30 2026-08-02 17:18:55,208 [INFO] streaming.state_manager: [SM] LIVE -> TRANSITION_TO_IDLE (crossfade 8 frames)
2026-08-02 22:48:55+05:30 2026-08-02 17:18:55,245 [INFO] streaming.state_manager: [SM] LIVE -> TRANSITION_TO_IDLE (crossfade 8 frames)
2026-08-02 22:48:55+05:30 2026-08-02 17:18:55.361 | INFO     | flash_head.src.pipeline.flash_head_pipeline:generate_batch:538 - [generate_batch] GPU_BREAKDOWN denoise=903.8ms decode=492.9ms color+encode=187.0ms total=1584.4ms batch_size=2
2026-08-02 22:48:55+05:30 2026-08-02 17:18:55.361 | INFO     | flash_head.src.pipeline.flash_head_pipeline:generate_batch:545 - [generate_batch] DENOISE_STEPS total=903.8ms steps=[s0=218.8 s1=228.6 s2=225.4 s3=230.9] n_steps=4 batch_size=2
2026-08-02 22:48:55+05:30 2026-08-02 17:18:55,443 [INFO] streaming.state_manager: [SM] IDLE -> TRANSITION_TO_LIVE (crossfade 8 frames, queue=24)
2026-08-02 22:48:55+05:30 [METRICS] GPU_util=99% GPU_temp=77C GPU_mem=4.2GB/22.0GB (reserved=7.2GB) RSS=11956MB CPU_user=207.4s CPU_sys=20.5s sessions=2 pool=4/4
2026-08-02 22:48:55+05:30 2026-08-02 17:18:55,487 [INFO] streaming.state_manager: [SM] IDLE -> TRANSITION_TO_LIVE (crossfade 8 frames, queue=24)
2026-08-02 22:48:55+05:30 2026-08-02 17:18:55,763 [INFO] streaming.state_manager: [SM] TRANSITION_TO_LIVE -> LIVE
2026-08-02 22:48:55+05:30 2026-08-02 17:18:55,803 [INFO] streaming.state_manager: [SM] TRANSITION_TO_LIVE -> LIVE
2026-08-02 22:48:56+05:30 2026-08-02 17:18:56,654 [INFO] handler: UTTERANCE_END_RECEIVED session=conc-test-1-930852
2026-08-02 22:48:56+05:30 2026-08-02 17:18:56,813 [INFO] batched_stream_processor: [BATCHED-DIAG] {'event': 'participant_disconnected', 't': 90.201, 'identity': 'viewer-manual-conc-test-2-4b127e'}
2026-08-02 22:48:56+05:30 2026-08-02 17:18:56,927 [INFO] streaming.state_manager: [SM] LIVE -> TRANSITION_TO_IDLE (crossfade 8 frames)
2026-08-02 22:48:56+05:30 2026-08-02 17:18:56,966 [INFO] streaming.state_manager: [SM] LIVE -> TRANSITION_TO_IDLE (crossfade 8 frames)
2026-08-02 22:48:57+05:30 2026-08-02 17:18:57.091 | INFO     | flash_head.src.pipeline.flash_head_pipeline:generate_batch:538 - [generate_batch] GPU_BREAKDOWN denoise=902.9ms decode=496.6ms color+encode=188.9ms total=1590.5ms batch_size=2
2026-08-02 22:48:57+05:30 2026-08-02 17:18:57.091 | INFO     | flash_head.src.pipeline.flash_head_pipeline:generate_batch:545 - [generate_batch] DENOISE_STEPS total=902.9ms steps=[s0=218.3 s1=226.4 s2=226.0 s3=232.1] n_steps=4 batch_size=2
2026-08-02 22:48:57+05:30 2026-08-02 17:18:57,163 [INFO] streaming.state_manager: [SM] IDLE -> TRANSITION_TO_LIVE (crossfade 8 frames, queue=24)
2026-08-02 22:48:57+05:30 2026-08-02 17:18:57,203 [INFO] streaming.state_manager: [SM] IDLE -> TRANSITION_TO_LIVE (crossfade 8 frames, queue=24)
2026-08-02 22:48:57+05:30 2026-08-02 17:18:57,484 [INFO] streaming.state_manager: [SM] TRANSITION_TO_LIVE -> LIVE
2026-08-02 22:48:57+05:30 2026-08-02 17:18:57,525 [INFO] streaming.state_manager: [SM] TRANSITION_TO_LIVE -> LIVE
2026-08-02 22:48:58+05:30 2026-08-02 17:18:58,646 [INFO] streaming.state_manager: [SM] LIVE -> TRANSITION_TO_IDLE (crossfade 8 frames)
2026-08-02 22:48:58+05:30 2026-08-02 17:18:58,686 [INFO] streaming.state_manager: [SM] LIVE -> TRANSITION_TO_IDLE (crossfade 8 frames)
2026-08-02 22:48:58+05:30 2026-08-02 17:18:58.827 | INFO     | flash_head.src.pipeline.flash_head_pipeline:generate_batch:538 - [generate_batch] GPU_BREAKDOWN denoise=904.4ms decode=491.3ms color+encode=190.4ms total=1588.5ms batch_size=2
2026-08-02 22:48:58+05:30 2026-08-02 17:18:58.829 | INFO     | flash_head.src.pipeline.flash_head_pipeline:generate_batch:545 - [generate_batch] DENOISE_STEPS total=904.4ms steps=[s0=220.4 s1=225.0 s2=227.5 s3=231.4] n_steps=4 batch_size=2
2026-08-02 22:48:58+05:30 2026-08-02 17:18:58,888 [INFO] streaming.state_manager: [SM] Adaptive caps: p95_ms=2318 buffer=58 peak=82 MAX=106 TARGET=84
2026-08-02 22:48:58+05:30 2026-08-02 17:18:58,925 [INFO] streaming.state_manager: [SM] IDLE -> TRANSITION_TO_LIVE (crossfade 8 frames, queue=24)
2026-08-02 22:48:58+05:30 2026-08-02 17:18:58,979 [INFO] streaming.state_manager: [SM] IDLE -> TRANSITION_TO_LIVE (crossfade 8 frames, queue=24)
2026-08-02 22:48:59+05:30 2026-08-02 17:18:59,245 [INFO] streaming.state_manager: [SM] TRANSITION_TO_LIVE -> LIVE
2026-08-02 22:48:59+05:30 2026-08-02 17:18:59,263 [INFO] VideoPublisher: VIDEO_PUBLISH_METRICS windowMs=5013 frames=125 effectiveFps=24.9 liveFrames=46 repeatedLiveFrames=36 idleFrames=43 desyncPct=63.2 maxGapMs=67.6 maxCaptureMs=5.2
2026-08-02 22:48:59+05:30 2026-08-02 17:18:59,284 [INFO] streaming.state_manager: [SM] TRANSITION_TO_LIVE -> LIVE
2026-08-02 22:48:59+05:30 2026-08-02 17:18:59,319 [INFO] handler: UTTERANCE_END_RECEIVED session=conc-test-2-4b127e
2026-08-02 22:49:00+05:30 2026-08-02 17:19:00,169 [INFO] VideoPublisher: VIDEO_PUBLISH_METRICS windowMs=5002 frames=125 effectiveFps=25.0 liveFrames=51 repeatedLiveFrames=31 idleFrames=43 desyncPct=59.2 maxGapMs=49.7 maxCaptureMs=4.7
2026-08-02 22:49:00+05:30 2026-08-02 17:19:00,406 [INFO] streaming.state_manager: [SM] LIVE -> TRANSITION_TO_IDLE (crossfade 8 frames)
2026-08-02 22:49:00+05:30 2026-08-02 17:19:00,449 [INFO] streaming.state_manager: [SM] LIVE -> TRANSITION_TO_IDLE (crossfade 8 frames)
2026-08-02 22:49:00+05:30 [METRICS] GPU_util=100% GPU_temp=76C GPU_mem=4.1GB/22.0GB (reserved=7.2GB) RSS=11956MB CPU_user=216.5s CPU_sys=21.1s sessions=2 pool=4/4
2026-08-02 22:49:00+05:30 2026-08-02 17:19:00,723 [INFO] streaming.state_manager: [SM] TRANSITION_TO_IDLE -> IDLE
2026-08-02 22:49:00+05:30 2026-08-02 17:19:00,764 [INFO] streaming.state_manager: [SM] TRANSITION_TO_IDLE -> IDLE
2026-08-02 22:49:00+05:30 2026-08-02 17:19:00.818 | INFO     | flash_head.src.pipeline.flash_head_pipeline:generate_batch:538 - [generate_batch] GPU_BREAKDOWN denoise=1085.1ms decode=496.5ms color+encode=193.8ms total=1776.6ms batch_size=2
2026-08-02 22:49:00+05:30 2026-08-02 17:19:00.818 | INFO     | flash_head.src.pipeline.flash_head_pipeline:generate_batch:545 - [generate_batch] DENOISE_STEPS total=1085.1ms steps=[s0=365.4 s1=232.6 s2=249.4 s3=237.7] n_steps=4 batch_size=2
2026-08-02 22:49:00+05:30 2026-08-02 17:19:00,924 [INFO] streaming.state_manager: [SM] IDLE -> TRANSITION_TO_LIVE (crossfade 8 frames, queue=24)
2026-08-02 22:49:00+05:30 2026-08-02 17:19:00,941 [INFO] BatchedStreamingEngine: cycle=50 batch=2 sessions=['conc-test-1-930852', 'conc-test-2-4b127e'] embed=80.1ms infer=1777.4ms xfer=122.3ms total=1980.4ms
2026-08-02 22:49:00+05:30 2026-08-02 17:19:00,969 [INFO] streaming.state_manager: [SM] IDLE -> TRANSITION_TO_LIVE (crossfade 8 frames, queue=24)
2026-08-02 22:49:01+05:30 2026-08-02 17:19:01,245 [INFO] streaming.state_manager: [SM] TRANSITION_TO_LIVE -> LIVE
2026-08-02 22:49:01+05:30 2026-08-02 17:19:01,285 [INFO] streaming.state_manager: [SM] TRANSITION_TO_LIVE -> LIVE
2026-08-02 22:49:02+05:30 2026-08-02 17:19:02,411 [INFO] streaming.state_manager: [SM] LIVE -> TRANSITION_TO_IDLE (crossfade 8 frames)
2026-08-02 22:49:02+05:30 2026-08-02 17:19:02,447 [INFO] streaming.state_manager: [SM] LIVE -> TRANSITION_TO_IDLE (crossfade 8 frames)
2026-08-02 22:49:02+05:30 2026-08-02 17:19:02.641 | INFO     | flash_head.src.pipeline.flash_head_pipeline:generate_batch:538 - [generate_batch] GPU_BREAKDOWN denoise=942.6ms decode=487.3ms color+encode=189.0ms total=1621.7ms batch_size=2
2026-08-02 22:49:02+05:30 2026-08-02 17:19:02.641 | INFO     | flash_head.src.pipeline.flash_head_pipeline:generate_batch:545 - [generate_batch] DENOISE_STEPS total=942.6ms steps=[s0=215.8 s1=233.0 s2=228.3 s3=265.5] n_steps=4 batch_size=2
2026-08-02 22:49:02+05:30 2026-08-02 17:19:02,723 [INFO] streaming.state_manager: [SM] IDLE -> TRANSITION_TO_LIVE (crossfade 8 frames, queue=24)
2026-08-02 22:49:02+05:30 2026-08-02 17:19:02,779 [INFO] streaming.state_manager: [SM] IDLE -> TRANSITION_TO_LIVE (crossfade 8 frames, queue=24)
2026-08-02 22:49:03+05:30 2026-08-02 17:19:03,044 [INFO] streaming.state_manager: [SM] TRANSITION_TO_LIVE -> LIVE
2026-08-02 22:49:03+05:30 2026-08-02 17:19:03,085 [INFO] streaming.state_manager: [SM] TRANSITION_TO_LIVE -> LIVE
2026-08-02 22:49:04+05:30 2026-08-02 17:19:04,208 [INFO] streaming.state_manager: [SM] LIVE -> TRANSITION_TO_IDLE (crossfade 8 frames)
2026-08-02 22:49:04+05:30 2026-08-02 17:19:04,249 [INFO] streaming.state_manager: [SM] LIVE -> TRANSITION_TO_IDLE (crossfade 8 frames)
2026-08-02 22:49:04+05:30 2026-08-02 17:19:04,293 [INFO] VideoPublisher: VIDEO_PUBLISH_METRICS windowMs=5030 frames=126 effectiveFps=25.1 liveFrames=51 repeatedLiveFrames=36 idleFrames=39 desyncPct=59.5 maxGapMs=67.6 maxCaptureMs=8.5
2026-08-02 22:49:04+05:30 2026-08-02 17:19:04.495 | INFO     | flash_head.src.pipeline.flash_head_pipeline:generate_batch:538 - [generate_batch] GPU_BREAKDOWN denoise=935.8ms decode=497.4ms color+encode=198.7ms total=1633.4ms batch_size=2
2026-08-02 22:49:04+05:30 2026-08-02 17:19:04.495 | INFO     | flash_head.src.pipeline.flash_head_pipeline:generate_batch:545 - [generate_batch] DENOISE_STEPS total=935.8ms steps=[s0=230.5 s1=231.7 s2=233.3 s3=240.4] n_steps=4 batch_size=2
2026-08-02 22:49:04+05:30 2026-08-02 17:19:04,523 [INFO] streaming.state_manager: [SM] TRANSITION_TO_IDLE -> IDLE
2026-08-02 22:49:04+05:30 2026-08-02 17:19:04,565 [INFO] streaming.state_manager: [SM] IDLE -> TRANSITION_TO_LIVE (crossfade 8 frames, queue=24)
2026-08-02 22:49:04+05:30 2026-08-02 17:19:04,565 [INFO] streaming.state_manager: [SM] TRANSITION_TO_IDLE -> IDLE
2026-08-02 22:49:04+05:30 2026-08-02 17:19:04,645 [INFO] streaming.state_manager: [SM] IDLE -> TRANSITION_TO_LIVE (crossfade 8 frames, queue=24)
2026-08-02 22:49:04+05:30 2026-08-02 17:19:04,887 [INFO] streaming.state_manager: [SM] TRANSITION_TO_LIVE -> LIVE
2026-08-02 22:49:04+05:30 2026-08-02 17:19:04,966 [INFO] streaming.state_manager: [SM] TRANSITION_TO_LIVE -> LIVE
2026-08-02 22:49:05+05:30 2026-08-02 17:19:05,170 [INFO] VideoPublisher: VIDEO_PUBLISH_METRICS windowMs=5001 frames=125 effectiveFps=25.0 liveFrames=42 repeatedLiveFrames=29 idleFrames=54 desyncPct=66.4 maxGapMs=54.0 maxCaptureMs=4.8
2026-08-02 22:49:05+05:30 [METRICS] GPU_util=100% GPU_temp=76C GPU_mem=4.1GB/22.0GB (reserved=7.2GB) RSS=11956MB CPU_user=226.7s CPU_sys=21.5s sessions=2 pool=4/4
2026-08-02 22:49:06+05:30 2026-08-02 17:19:06,048 [INFO] streaming.state_manager: [SM] LIVE -> TRANSITION_TO_IDLE (crossfade 8 frames)
2026-08-02 22:49:06+05:30 2026-08-02 17:19:06,126 [INFO] streaming.state_manager: [SM] LIVE -> TRANSITION_TO_IDLE (crossfade 8 frames)
2026-08-02 22:49:06+05:30 2026-08-02 17:19:06.331 | INFO     | flash_head.src.pipeline.flash_head_pipeline:generate_batch:538 - [generate_batch] GPU_BREAKDOWN denoise=936.0ms decode=496.5ms color+encode=190.9ms total=1625.3ms batch_size=2
2026-08-02 22:49:06+05:30 2026-08-02 17:19:06.333 | INFO     | flash_head.src.pipeline.flash_head_pipeline:generate_batch:545 - [generate_batch] DENOISE_STEPS total=936.0ms steps=[s0=247.7 s1=228.2 s2=225.8 s3=234.4] n_steps=4 batch_size=2
2026-08-02 22:49:06+05:30 2026-08-02 17:19:06,364 [INFO] streaming.state_manager: [SM] TRANSITION_TO_IDLE -> IDLE
2026-08-02 22:49:06+05:30 2026-08-02 17:19:06,403 [INFO] streaming.state_manager: [SM] IDLE -> TRANSITION_TO_LIVE (crossfade 8 frames, queue=24)
2026-08-02 22:49:06+05:30 2026-08-02 17:19:06,445 [INFO] streaming.state_manager: [SM] TRANSITION_TO_IDLE -> IDLE
2026-08-02 22:49:06+05:30 2026-08-02 17:19:06,457 [INFO] BatchedStreamingEngine: Session conc-test-1-930852 reactivated (keep_alive)
2026-08-02 22:49:06+05:30 2026-08-02 17:19:06,484 [INFO] streaming.state_manager: [SM] IDLE -> TRANSITION_TO_LIVE (crossfade 8 frames, queue=24)
2026-08-02 22:49:06+05:30 2026-08-02 17:19:06,723 [INFO] streaming.state_manager: [SM] TRANSITION_TO_LIVE -> LIVE
2026-08-02 22:49:06+05:30 2026-08-02 17:19:06,806 [INFO] streaming.state_manager: [SM] TRANSITION_TO_LIVE -> LIVE
2026-08-02 22:49:07+05:30 2026-08-02 17:19:07,891 [INFO] streaming.state_manager: [SM] LIVE -> TRANSITION_TO_IDLE (crossfade 8 frames)
2026-08-02 22:49:07+05:30 2026-08-02 17:19:07,967 [INFO] streaming.state_manager: [SM] LIVE -> TRANSITION_TO_IDLE (crossfade 8 frames)
2026-08-02 22:49:08+05:30 2026-08-02 17:19:08.063 | INFO     | flash_head.src.pipeline.flash_head_pipeline:generate_batch:538 - [generate_batch] GPU_BREAKDOWN denoise=1195.9ms decode=245.7ms color+encode=98.2ms total=1542.4ms batch_size=1
2026-08-02 22:49:08+05:30 2026-08-02 17:19:08.063 | INFO     | flash_head.src.pipeline.flash_head_pipeline:generate_batch:545 - [generate_batch] DENOISE_STEPS total=1195.9ms steps=[s0=231.3 s1=363.9 s2=274.2 s3=326.4] n_steps=4 batch_size=1
2026-08-02 22:49:08+05:30 2026-08-02 17:19:08,123 [INFO] streaming.state_manager: [SM] IDLE -> TRANSITION_TO_LIVE (crossfade 8 frames, queue=24)
2026-08-02 22:49:08+05:30 2026-08-02 17:19:08,205 [INFO] streaming.state_manager: [SM] TRANSITION_TO_IDLE -> IDLE
2026-08-02 22:49:08+05:30 2026-08-02 17:19:08,366 [INFO] batched_stream_processor: BATCHED_DRAIN_COMPLETED session=conc-test-1-930852 cycles=281 elapsed=30507.4ms keep_alive=True
2026-08-02 22:49:08+05:30 2026-08-02 17:19:08,444 [INFO] streaming.state_manager: [SM] TRANSITION_TO_LIVE -> LIVE
2026-08-02 22:49:08+05:30 2026-08-02 17:19:08,872 [INFO] batched_stream_processor: BATCHED_DRAIN_STARTED session=conc-test-1-930852 keep_alive=True
2026-08-02 22:49:08+05:30 2026-08-02 17:19:08,872 [INFO] BatchedStreamingEngine: Session conc-test-1-930852 marked for drain (keep_alive=True)
2026-08-02 22:49:09+05:30 2026-08-02 17:19:09,296 [INFO] VideoPublisher: VIDEO_PUBLISH_METRICS windowMs=5001 frames=125 effectiveFps=25.0 liveFrames=51 repeatedLiveFrames=29 idleFrames=45 desyncPct=59.2 maxGapMs=57.4 maxCaptureMs=6.8
2026-08-02 22:49:09+05:30 2026-08-02 17:19:09,623 [INFO] streaming.state_manager: [SM] LIVE -> TRANSITION_TO_IDLE (crossfade 8 frames)
2026-08-02 22:49:09+05:30 2026-08-02 17:19:09,673 [INFO] handler: WS_CLOSED session=conc-test-1-930852 ip=172.20.0.203
2026-08-02 22:49:09+05:30 2026-08-02 17:19:09,674 [INFO] handler: WS_CONNECTION_LOST session=conc-test-1-930852 ip=172.20.0.203
2026-08-02 22:49:09+05:30 2026-08-02 17:19:09,675 [INFO] aiohttp.access: 172.20.0.203 [02/Aug/2026:17:17:26 +0000] "GET /ws/conc-test-1-930852 HTTP/1.1" 101 0 "-" "Python/3.14 websockets/16.1.1"
2026-08-02 22:49:09+05:30 2026-08-02 17:19:09,676 [INFO] handler: WS_CLOSED session=conc-test-2-4b127e ip=172.20.0.203
2026-08-02 22:49:09+05:30 2026-08-02 17:19:09,677 [INFO] handler: WS_CONNECTION_LOST session=conc-test-2-4b127e ip=172.20.0.203
2026-08-02 22:49:09+05:30 2026-08-02 17:19:09,677 [INFO] aiohttp.access: 172.20.0.203 [02/Aug/2026:17:17:30 +0000] "GET /ws/conc-test-2-4b127e HTTP/1.1" 101 0 "-" "Python/3.14 websockets/16.1.1"
2026-08-02 22:49:09+05:30 CONNECT /ws/conc-test-2-4b127e -> 101 Switching Protocols  (duration: 99.2 s, execution: 99.1 s)
2026-08-02 22:49:09+05:30 CONNECT /ws/conc-test-1-930852 -> 101 Switching Protocols  (duration: 102.9 s, execution: 102.9 s)
2026-08-02 22:49:09+05:30 2026-08-02 17:19:09,924 [INFO] streaming.state_manager: [SM] TRANSITION_TO_IDLE -> IDLE
2026-08-02 22:49:10+05:30 2026-08-02 17:19:10.164 | INFO     | flash_head.src.pipeline.flash_head_pipeline:generate_batch:538 - [generate_batch] GPU_BREAKDOWN denoise=1648.2ms decode=236.4ms color+encode=94.0ms total=1979.1ms batch_size=1
2026-08-02 22:49:10+05:30 2026-08-02 17:19:10.164 | INFO     | flash_head.src.pipeline.flash_head_pipeline:generate_batch:545 - [generate_batch] DENOISE_STEPS total=1648.2ms steps=[s0=268.6 s1=556.3 s2=424.9 s3=398.4] n_steps=4 batch_size=1
2026-08-02 22:49:10+05:30 2026-08-02 17:19:10,207 [INFO] VideoPublisher: VIDEO_PUBLISH_METRICS windowMs=5036 frames=126 effectiveFps=25.0 liveFrames=26 repeatedLiveFrames=24 idleFrames=76 desyncPct=79.4 maxGapMs=58.3 maxCaptureMs=6.8
2026-08-02 22:49:10+05:30 2026-08-02 17:19:10,225 [INFO] BatchedStreamingEngine: Session conc-test-2-4b127e reactivated (keep_alive)
2026-08-02 22:49:10+05:30 2026-08-02 17:19:10,244 [INFO] streaming.state_manager: [SM] IDLE -> TRANSITION_TO_LIVE (crossfade 8 frames, queue=24)
2026-08-02 22:49:10+05:30 2026-08-02 17:19:10,395 [INFO] BatchedStreamingEngine: Session conc-test-2-4b127e marked for drain (keep_alive=False)
2026-08-02 22:49:10+05:30 2026-08-02 17:19:10,397 [INFO] streaming.websocket_server: Unregistered WebSocket session: conc-test-2-4b127e
2026-08-02 22:49:10+05:30 2026-08-02 17:19:10,486 [WARNING] VideoPublisher: VIDEO_PUBLISH_GAP gapMs=118.2 targetFps=25 frameSource=idle
2026-08-02 22:49:10+05:30 2026-08-02 17:19:10,492 [INFO] batched_stream_processor: [BATCHED-DIAG] {'event': 'connection_state_changed', 't': 103.881, 'state': '0'}
2026-08-02 22:49:10+05:30 2026-08-02 17:19:10,501 [INFO] aiohttp.access: 172.20.0.203 [02/Aug/2026:17:19:10 +0000] "POST /sessions/conc-test-2-4b127e/end HTTP/1.1" 200 232 "-" "Python/3.14 aiohttp/3.14.1"
2026-08-02 22:49:10+05:30 2026-08-02 17:19:10,505 [INFO] BatchedStreamingEngine: Session conc-test-1-930852 marked for drain (keep_alive=False)
2026-08-02 22:49:10+05:30 2026-08-02 17:19:10,509 [INFO] streaming.websocket_server: Unregistered WebSocket session: conc-test-1-930852
2026-08-02 22:49:10+05:30 2026-08-02 17:19:10,574 [INFO] livekit: livekit::room:1687:livekit::room - disconnected from room with reason: ClientInitiated
2026-08-02 22:49:10+05:30    POST /sessions/conc-test-2-4b127e/end -> 200 OK  (duration: 318.3 ms, execution: 263.4 ms)
2026-08-02 22:49:10+05:30 [METRICS] GPU_util=2% GPU_temp=72C GPU_mem=4.1GB/22.0GB (reserved=7.2GB) RSS=11956MB CPU_user=237.3s CPU_sys=22.1s sessions=1 pool=4/4
2026-08-02 22:49:10+05:30 2026-08-02 17:19:10,823 [INFO] batched_stream_processor: [BATCHED-DIAG] {'event': 'connection_state_changed', 't': 107.087, 'state': '0'}
2026-08-02 22:49:10+05:30 2026-08-02 17:19:10,824 [INFO] batched_stream_processor: [BATCHED-DIAG] {'event': 'disconnected', 't': 107.088, 'state': '0', 'reason': '1'}
2026-08-02 22:49:10+05:30 2026-08-02 17:19:10,844 [INFO] aiohttp.access: 172.20.0.203 [02/Aug/2026:17:19:10 +0000] "POST /sessions/conc-test-1-930852/end HTTP/1.1" 200 232 "-" "Python/3.14 aiohttp/3.14.1"
2026-08-02 22:49:10+05:30 2026-08-02 17:19:10,849 [INFO] livekit: livekit::room:1687:livekit::room - disconnected from room with reason: ClientInitiated
2026-08-02 22:49:10+05:30    POST /sessions/conc-test-1-930852/end -> 200 OK  (duration: 572.1 ms, execution: 516.6 ms)
2026-08-02 22:49:11+05:30 2026-08-02 17:19:11.477 | INFO     | flash_head.src.pipeline.flash_head_pipeline:generate_batch:538 - [generate_batch] GPU_BREAKDOWN denoise=874.5ms decode=243.9ms color+encode=92.3ms total=1211.2ms batch_size=1
2026-08-02 22:49:11+05:30 2026-08-02 17:19:11.478 | INFO     | flash_head.src.pipeline.flash_head_pipeline:generate_batch:545 - [generate_batch] DENOISE_STEPS total=874.5ms steps=[s0=468.7 s1=178.6 s2=112.0 s3=115.2] n_steps=4 batch_size=1
2026-08-02 22:49:11+05:30 2026-08-02 17:19:11,539 [INFO] BatchedStreamingEngine: Session conc-test-2-4b127e removed (total=1)
2026-08-02 22:49:12+05:30 2026-08-02 17:19:12.366 | INFO     | flash_head.src.pipeline.flash_head_pipeline:generate_batch:538 - [generate_batch] GPU_BREAKDOWN denoise=462.8ms decode=243.9ms color+encode=93.0ms total=800.2ms batch_size=1
2026-08-02 22:49:12+05:30 2026-08-02 17:19:12.366 | INFO     | flash_head.src.pipeline.flash_head_pipeline:generate_batch:545 - [generate_batch] DENOISE_STEPS total=462.8ms steps=[s0=111.8 s1=117.3 s2=116.5 s3=117.1] n_steps=4 batch_size=1
2026-08-02 22:49:13+05:30 2026-08-02 17:19:13.310 | INFO     | flash_head.src.pipeline.flash_head_pipeline:generate_batch:538 - [generate_batch] GPU_BREAKDOWN denoise=455.4ms decode=243.7ms color+encode=92.3ms total=792.0ms batch_size=1
2026-08-02 22:49:13+05:30 2026-08-02 17:19:13.312 | INFO     | flash_head.src.pipeline.flash_head_pipeline:generate_batch:545 - [generate_batch] DENOISE_STEPS total=455.4ms steps=[s0=109.9 s1=115.1 s2=114.8 s3=115.6] n_steps=4 batch_size=1
2026-08-02 22:49:14+05:30 2026-08-02 17:19:14.269 | INFO     | flash_head.src.pipeline.flash_head_pipeline:generate_batch:538 - [generate_batch] GPU_BREAKDOWN denoise=456.2ms decode=243.7ms color+encode=91.9ms total=792.2ms batch_size=1
2026-08-02 22:49:14+05:30 2026-08-02 17:19:14.270 | INFO     | flash_head.src.pipeline.flash_head_pipeline:generate_batch:545 - [generate_batch] DENOISE_STEPS total=456.2ms steps=[s0=108.5 s1=115.8 s2=116.0 s3=115.9] n_steps=4 batch_size=1
2026-08-02 22:49:15+05:30 2026-08-02 17:19:15.229 | INFO     | flash_head.src.pipeline.flash_head_pipeline:generate_batch:538 - [generate_batch] GPU_BREAKDOWN denoise=455.6ms decode=244.9ms color+encode=92.3ms total=793.3ms batch_size=1
2026-08-02 22:49:15+05:30 2026-08-02 17:19:15.229 | INFO     | flash_head.src.pipeline.flash_head_pipeline:generate_batch:545 - [generate_batch] DENOISE_STEPS total=455.6ms steps=[s0=108.9 s1=115.4 s2=115.7 s3=115.7] n_steps=4 batch_size=1
2026-08-02 22:49:15+05:30 2026-08-02 17:19:15,274 [INFO] BatchedStreamingEngine: cycle=60 batch=1 sessions=['conc-test-1-930852'] embed=19.4ms infer=793.9ms xfer=44.1ms total=857.5ms
2026-08-02 22:49:15+05:30 [METRICS] GPU_util=99% GPU_temp=75C GPU_mem=4.1GB/22.0GB (reserved=7.2GB) RSS=11956MB CPU_user=242.4s CPU_sys=22.1s sessions=0 pool=4/4
2026-08-02 22:49:16+05:30 2026-08-02 17:19:16.190 | INFO     | flash_head.src.pipeline.flash_head_pipeline:generate_batch:538 - [generate_batch] GPU_BREAKDOWN denoise=455.8ms decode=245.0ms color+encode=92.5ms total=793.8ms batch_size=1
2026-08-02 22:49:16+05:30 2026-08-02 17:19:16.191 | INFO     | flash_head.src.pipeline.flash_head_pipeline:generate_batch:545 - [generate_batch] DENOISE_STEPS total=455.8ms steps=[s0=108.8 s1=115.2 s2=115.8 s3=116.0] n_steps=4 batch_size=1
2026-08-02 22:49:17+05:30 2026-08-02 17:19:17.151 | INFO     | flash_head.src.pipeline.flash_head_pipeline:generate_batch:538 - [generate_batch] GPU_BREAKDOWN denoise=458.6ms decode=243.9ms color+encode=91.7ms total=794.6ms batch_size=1
2026-08-02 22:49:17+05:30 2026-08-02 17:19:17.151 | INFO     | flash_head.src.pipeline.flash_head_pipeline:generate_batch:545 - [generate_batch] DENOISE_STEPS total=458.6ms steps=[s0=110.5 s1=116.0 s2=116.0 s3=116.2] n_steps=4 batch_size=1
2026-08-02 22:49:18+05:30 2026-08-02 17:19:18.111 | INFO     | flash_head.src.pipeline.flash_head_pipeline:generate_batch:538 - [generate_batch] GPU_BREAKDOWN denoise=456.3ms decode=245.5ms color+encode=92.2ms total=794.6ms batch_size=1
2026-08-02 22:49:18+05:30 2026-08-02 17:19:18.111 | INFO     | flash_head.src.pipeline.flash_head_pipeline:generate_batch:545 - [generate_batch] DENOISE_STEPS total=456.3ms steps=[s0=110.1 s1=115.8 s2=115.2 s3=115.3] n_steps=4 batch_size=1
2026-08-02 22:49:19+05:30 2026-08-02 17:19:19.070 | INFO     | flash_head.src.pipeline.flash_head_pipeline:generate_batch:538 - [generate_batch] GPU_BREAKDOWN denoise=457.4ms decode=243.4ms color+encode=92.5ms total=793.7ms batch_size=1
2026-08-02 22:49:19+05:30 2026-08-02 17:19:19.070 | INFO     | flash_head.src.pipeline.flash_head_pipeline:generate_batch:545 - [generate_batch] DENOISE_STEPS total=457.4ms steps=[s0=109.7 s1=115.9 s2=116.2 s3=115.5] n_steps=4 batch_size=1
2026-08-02 22:49:20+05:30 2026-08-02 17:19:20.030 | INFO     | flash_head.src.pipeline.flash_head_pipeline:generate_batch:538 - [generate_batch] GPU_BREAKDOWN denoise=456.1ms decode=243.8ms color+encode=92.3ms total=792.7ms batch_size=1
2026-08-02 22:49:20+05:30 2026-08-02 17:19:20.030 | INFO     | flash_head.src.pipeline.flash_head_pipeline:generate_batch:545 - [generate_batch] DENOISE_STEPS total=456.1ms steps=[s0=109.6 s1=115.8 s2=115.6 s3=115.1] n_steps=4 batch_size=1
2026-08-02 22:49:20+05:30 [METRICS] GPU_util=98% GPU_temp=75C GPU_mem=4.1GB/22.0GB (reserved=7.2GB) RSS=11956MB CPU_user=247.4s CPU_sys=22.1s sessions=0 pool=4/4
2026-08-02 22:49:20+05:30 2026-08-02 17:19:20.989 | INFO     | flash_head.src.pipeline.flash_head_pipeline:generate_batch:538 - [generate_batch] GPU_BREAKDOWN denoise=456.7ms decode=243.0ms color+encode=92.4ms total=792.7ms batch_size=1
2026-08-02 22:49:20+05:30 2026-08-02 17:19:20.989 | INFO     | flash_head.src.pipeline.flash_head_pipeline:generate_batch:545 - [generate_batch] DENOISE_STEPS total=456.7ms steps=[s0=109.4 s1=115.9 s2=115.2 s3=116.1] n_steps=4 batch_size=1
2026-08-02 22:49:21+05:30 2026-08-02 17:19:21.958 | INFO     | flash_head.src.pipeline.flash_head_pipeline:generate_batch:538 - [generate_batch] GPU_BREAKDOWN denoise=458.6ms decode=243.4ms color+encode=93.2ms total=795.8ms batch_size=1
2026-08-02 22:49:21+05:30 2026-08-02 17:19:21.958 | INFO     | flash_head.src.pipeline.flash_head_pipeline:generate_batch:545 - [generate_batch] DENOISE_STEPS total=458.6ms steps=[s0=110.6 s1=116.2 s2=116.4 s3=115.3] n_steps=4 batch_size=1
2026-08-02 22:49:22+05:30 2026-08-02 17:19:22.916 | INFO     | flash_head.src.pipeline.flash_head_pipeline:generate_batch:538 - [generate_batch] GPU_BREAKDOWN denoise=461.6ms decode=244.3ms color+encode=93.2ms total=799.6ms batch_size=1
2026-08-02 22:49:22+05:30 2026-08-02 17:19:22.917 | INFO     | flash_head.src.pipeline.flash_head_pipeline:generate_batch:545 - [generate_batch] DENOISE_STEPS total=461.6ms steps=[s0=109.6 s1=116.0 s2=120.3 s3=115.6] n_steps=4 batch_size=1
2026-08-02 22:49:23+05:30 2026-08-02 17:19:23.877 | INFO     | flash_head.src.pipeline.flash_head_pipeline:generate_batch:538 - [generate_batch] GPU_BREAKDOWN denoise=459.0ms decode=244.1ms color+encode=93.3ms total=796.9ms batch_size=1
2026-08-02 22:49:23+05:30 2026-08-02 17:19:23.879 | INFO     | flash_head.src.pipeline.flash_head_pipeline:generate_batch:545 - [generate_batch] DENOISE_STEPS total=459.0ms steps=[s0=109.3 s1=117.2 s2=117.1 s3=115.4] n_steps=4 batch_size=1
2026-08-02 22:49:24+05:30 2026-08-02 17:19:24.834 | INFO     | flash_head.src.pipeline.flash_head_pipeline:generate_batch:538 - [generate_batch] GPU_BREAKDOWN denoise=457.7ms decode=244.0ms color+encode=93.0ms total=795.2ms batch_size=1
2026-08-02 22:49:24+05:30 2026-08-02 17:19:24.834 | INFO     | flash_head.src.pipeline.flash_head_pipeline:generate_batch:545 - [generate_batch] DENOISE_STEPS total=457.7ms steps=[s0=110.5 s1=115.7 s2=116.0 s3=115.5] n_steps=4 batch_size=1
2026-08-02 22:49:24+05:30 2026-08-02 17:19:24,899 [INFO] BatchedStreamingEngine: cycle=70 batch=1 sessions=['conc-test-1-930852'] embed=21.4ms infer=796.5ms xfer=63.4ms total=881.4ms
2026-08-02 22:49:25+05:30 2026-08-02 17:19:25.800 | INFO     | flash_head.src.pipeline.flash_head_pipeline:generate_batch:538 - [generate_batch] GPU_BREAKDOWN denoise=462.2ms decode=243.7ms color+encode=93.3ms total=799.7ms batch_size=1
2026-08-02 22:49:25+05:30 2026-08-02 17:19:25.800 | INFO     | flash_head.src.pipeline.flash_head_pipeline:generate_batch:545 - [generate_batch] DENOISE_STEPS total=462.2ms steps=[s0=110.8 s1=119.4 s2=116.1 s3=115.9] n_steps=4 batch_size=1
2026-08-02 22:49:25+05:30 [METRICS] GPU_util=99% GPU_temp=74C GPU_mem=4.1GB/22.0GB (reserved=7.2GB) RSS=11956MB CPU_user=252.4s CPU_sys=22.2s sessions=0 pool=4/4
2026-08-02 22:49:26+05:30 2026-08-02 17:19:26.756 | INFO     | flash_head.src.pipeline.flash_head_pipeline:generate_batch:538 - [generate_batch] GPU_BREAKDOWN denoise=460.8ms decode=244.1ms color+encode=93.1ms total=798.5ms batch_size=1
2026-08-02 22:49:26+05:30 2026-08-02 17:19:26.757 | INFO     | flash_head.src.pipeline.flash_head_pipeline:generate_batch:545 - [generate_batch] DENOISE_STEPS total=460.8ms steps=[s0=110.3 s1=116.3 s2=119.4 s3=114.7] n_steps=4 batch_size=1
2026-08-02 22:49:26+05:30 2026-08-02 17:19:26,818 [INFO] BatchedStreamingEngine: Session conc-test-1-930852 removed (total=0)
2026-08-02 22:49:30+05:30 [METRICS] GPU_util=0% GPU_temp=71C GPU_mem=4.0GB/22.0GB (reserved=7.2GB) RSS=11956MB CPU_user=255.8s CPU_sys=22.2s sessions=0 pool=4/4
2026-08-02 22:49:35+05:30 [METRICS] GPU_util=0% GPU_temp=70C GPU_mem=4.0GB/22.0GB (reserved=7.2GB) RSS=11956MB CPU_user=259.0s CPU_sys=22.3s sessions=0 pool=4/4
2026-08-02 22:49:41+05:30 [METRICS] GPU_util=0% GPU_temp=69C GPU_mem=4.0GB/22.0GB (reserved=7.2GB) RSS=11956MB CPU_user=263.3s CPU_sys=22.4s sessions=0 pool=4/4
2026-08-02 22:49:46+05:30 [METRICS] GPU_util=0% GPU_temp=69C GPU_mem=4.0GB/22.0GB (reserved=7.2GB) RSS=11956MB CPU_user=266.8s CPU_sys=22.4s sessions=0 pool=4/4
