2026-08-06 23:47:03+05:30 Creating CPU memory snapshot for Function.
2026-08-06 23:47:05+05:30 
2026-08-06 23:47:05+05:30 =============
2026-08-06 23:47:05+05:30 == PyTorch ==
2026-08-06 23:47:05+05:30 =============
2026-08-06 23:47:05+05:30 
2026-08-06 23:47:05+05:30 NVIDIA Release 26.05 (build 313520559)
2026-08-06 23:47:05+05:30 PyTorch Version 2.12.0a0+5aff392
2026-08-06 23:47:06+05:30 Container image Copyright (c) 2026, NVIDIA CORPORATION & AFFILIATES. All rights reserved.
2026-08-06 23:47:06+05:30 Copyright (c) 2014-2024 Facebook Inc.
2026-08-06 23:47:06+05:30 Copyright (c) 2011-2014 Idiap Research Institute (Ronan Collobert)
2026-08-06 23:47:06+05:30 Copyright (c) 2012-2014 Deepmind Technologies    (Koray Kavukcuoglu)
2026-08-06 23:47:06+05:30 Copyright (c) 2011-2012 NEC Laboratories America (Koray Kavukcuoglu)
2026-08-06 23:47:06+05:30 Copyright (c) 2011-2013 NYU                      (Clement Farabet)
2026-08-06 23:47:06+05:30 Copyright (c) 2006-2010 NEC Laboratories America (Ronan Collobert, Leon Bottou, Iain Melvin, Jason Weston)
2026-08-06 23:47:06+05:30 Copyright (c) 2006      Idiap Research Institute (Samy Bengio)
2026-08-06 23:47:06+05:30 Copyright (c) 2001-2004 Idiap Research Institute (Ronan Collobert, Samy Bengio, Johnny Mariethoz)
2026-08-06 23:47:06+05:30 Copyright (c) 2015      Google Inc.
2026-08-06 23:47:06+05:30 Copyright (c) 2015      Yangqing Jia
2026-08-06 23:47:06+05:30 Copyright (c) 2013-2016 The Caffe contributors
2026-08-06 23:47:06+05:30 All rights reserved.
2026-08-06 23:47:06+05:30 
2026-08-06 23:47:06+05:30 Various files include modifications (c) NVIDIA CORPORATION & AFFILIATES.  All rights reserved.
2026-08-06 23:47:06+05:30 
2026-08-06 23:47:06+05:30 GOVERNING TERMS: The software and materials are governed by the NVIDIA Software License Agreement
2026-08-06 23:47:06+05:30 (found at https://www.nvidia.com/en-us/agreements/enterprise-software/nvidia-software-license-agreement/)
2026-08-06 23:47:06+05:30 and the Product-Specific Terms for NVIDIA AI Products
2026-08-06 23:47:06+05:30 (found at https://www.nvidia.com/en-us/agreements/enterprise-software/product-specific-terms-for-ai-products/).
2026-08-06 23:47:06+05:30 
2026-08-06 23:47:06+05:30 ERROR: The NVIDIA Driver is present, but CUDA failed to initialize.  GPU functionality will not be available.
2026-08-06 23:47:06+05:30    [[ No CUDA-capable device is detected (error 100) ]]
2026-08-06 23:47:06+05:30 
2026-08-06 23:47:07+05:30 [STRESS] CPU snapshot load with WORKER_CONCURRENCY=15
2026-08-06 23:47:15+05:30 W0806 18:17:15.590000 2 torch/utils/_pytree.py:630] <enum 'KernelPreference'> is an Enum subclass and is now natively supported by torch.compile as an opaque value type. Calling register_constant() on Enum subclasses is deprecated and will be an error in a future release.
2026-08-06 23:47:15+05:30 W0806 18:17:15.650000 2 torch/utils/_pytree.py:630] <enum 'ScaleCalculationMode'> is an Enum subclass and is now natively supported by torch.compile as an opaque value type. Calling register_constant() on Enum subclasses is deprecated and will be an error in a future release.
2026-08-06 23:47:15+05:30 Unable to import `torchao` Tensor objects. This may affect loading checkpoints serialized with `torchao`
2026-08-06 23:47:22+05:30 [SNAP_CREATE] flash_attn version: 2.7.4.post1
2026-08-06 23:47:22+05:30 [SNAP_CREATE] flash_attn_interface (FA3) NOT available
2026-08-06 23:47:22+05:30 [SNAP_CREATE] sageattention available
2026-08-06 23:47:22+05:30 [SNAP_CREATE] Loading FlashHead pipeline on CPU...
2026-08-06 23:47:22+05:30 2026-08-06 18:17:22.241 | INFO     | flash_head.src.distributed.usp_device:get_device:20 - FLASHHEAD_LOAD_DEVICE=cpu, returning CPU device for snapshot
2026-08-06 23:47:22+05:30 2026-08-06 18:17:22.241 | INFO     | flash_head.inference:get_pipeline:21 - ulysses_degree: 1, ring_degree: 1, device: cpu
2026-08-06 23:47:24+05:30 There are modules in CausalVideoAutoencoder that should be kept in float32: []. Casting directly with `to()` can lead to inconsistent results; set `torch_dtype` in `from_pretrained()` instead to keep these modules in float32.
2026-08-06 23:47:25+05:30 There are modules in WanModelAudioProject that should be kept in float32: []. Casting directly with `to()` can lead to inconsistent results; set `torch_dtype` in `from_pretrained()` instead to keep these modules in float32.
2026-08-06 23:47:27+05:30 Some weights of Wav2Vec2Model were not initialized from the model checkpoint at /app/models/wav2vec2-base-960h and are newly initialized: ['masked_spec_embed']
2026-08-06 23:47:27+05:30 You should probably TRAIN this model on a down-stream task to be able to use it for predictions and inference.
2026-08-06 23:47:27+05:30 2026-08-06 18:17:27.182 | INFO     | flash_head.src.pipeline.flash_head_pipeline:get_cached_lite_components:102 - Cached Lite model components for reuse
2026-08-06 23:47:27+05:30 [SNAP_CREATE] Pipeline loaded to CPU in 4941.1ms
2026-08-06 23:47:27+05:30 [modal] Default avatar manifest not found at /app/config/default_avatars.manifest.json - falling back to per-session URL fetch
2026-08-06 23:47:27+05:30 [modal] Default idle cache: cachedIdleVideoCount=0 failed=0
2026-08-06 23:47:27+05:30 [SNAP_PRE_RESET] SIGSEGV handler: 0
2026-08-06 23:47:27+05:30 [SNAP_PRE_RESET] SIGABRT handler: 0
2026-08-06 23:47:27+05:30 [SNAP_PRE_RESET] SIGBUS handler: 0
2026-08-06 23:47:27+05:30 [SNAP_PRE_RESET] SIGFPE handler: 0
2026-08-06 23:47:27+05:30 [SNAP_POST_RESET] SIGSEGV handler: 0
2026-08-06 23:47:27+05:30 [SNAP_POST_RESET] SIGABRT handler: 0
2026-08-06 23:47:27+05:30 [SNAP_POST_RESET] SIGBUS handler: 0
2026-08-06 23:47:27+05:30 [SNAP_POST_RESET] SIGFPE handler: 0
2026-08-06 23:47:27+05:30 [STRESS] Pipeline loaded to CPU for snapshot
2026-08-06 23:47:37+05:30 Snapshot created. Restoring Function from memory snapshot.
2026-08-06 23:47:38+05:30 Restoring Function from memory snapshot.
2026-08-06 23:47:42+05:30 [RESTORE] CPU snapshot restore - moving pipeline to cuda
2026-08-06 23:47:42+05:30 [RESTORE_START] pid=2 cuda_available=True allocated=0 reserved=0 memory_snapshot_segments=0
2026-08-06 23:47:43+05:30 2026-08-06 18:17:43.692 | INFO     | flash_head.src.pipeline.flash_head_pipeline:move_to_device:199 - Moved FlashHeadPipeline components from cpu to cuda
2026-08-06 23:47:43+05:30 [RESTORE] Pipeline moved to cuda in 797.3ms
2026-08-06 23:47:43+05:30 [RESTORE_POST_MOVE] pid=2 cuda_available=True allocated=4296190464 reserved=4580179968 memory_snapshot_segments=0
2026-08-06 23:47:43+05:30 [RESTORE] Running warmup inference on GPU...
2026-08-06 23:47:44+05:30 2026-08-06 18:17:44.405 | INFO     | flash_head.src.pipeline.flash_head_pipeline:generate:396 - [generate] DENOISE_STEPS total=146.0ms steps=[s0=61.1 s1=29.7 s2=27.8 s3=27.4] n_steps=4
2026-08-06 23:47:44+05:30 [RESTORE] Warmup completed in 686.8ms
2026-08-06 23:47:44+05:30 [RESTORE_POST_WARMUP] pid=2 cuda_available=True allocated=4333089792 reserved=5943328768 memory_snapshot_segments=0
2026-08-06 23:47:44+05:30 [RESTORE_POST] flash_attn version: 2.7.4.post1
2026-08-06 23:47:44+05:30 [RESTORE_POST] flash_attn_interface (FA3) NOT available
2026-08-06 23:47:44+05:30 [RESTORE_POST] sageattention available
2026-08-06 23:47:44+05:30 [RESTORE] CPU snapshot restore complete
2026-08-06 23:47:44+05:30 [SERVE] Starting serve() post-restore (STRESS TEST, concurrency=15)
2026-08-06 23:47:45+05:30 2026-08-06 18:17:45,317 [INFO] handler: Using baked FlashHead checkpoint directory: /app/models/SoulX-FlashHead-1_3B
2026-08-06 23:47:45+05:30 2026-08-06 18:17:45,317 [INFO] utils.model_pool: Initializing FlashHead pool: initial_size=15 max_size=15
2026-08-06 23:47:45+05:30 2026-08-06 18:17:45,317 [INFO] utils.model_pool: Loading pipeline 1/15...
2026-08-06 23:47:45+05:30 2026-08-06 18:17:45,317 [INFO] utils.model_pool: Pipeline 1/15 loaded successfully.
2026-08-06 23:47:45+05:30 2026-08-06 18:17:45,317 [INFO] utils.model_pool: Loading pipeline 2/15...
2026-08-06 23:47:45+05:30 2026-08-06 18:17:45,317 [INFO] utils.model_pool: Pipeline 2/15 loaded successfully.
2026-08-06 23:47:45+05:30 2026-08-06 18:17:45,317 [INFO] utils.model_pool: Loading pipeline 3/15...
2026-08-06 23:47:45+05:30 2026-08-06 18:17:45,317 [INFO] utils.model_pool: Pipeline 3/15 loaded successfully.
2026-08-06 23:47:45+05:30 2026-08-06 18:17:45,317 [INFO] utils.model_pool: Loading pipeline 4/15...
2026-08-06 23:47:45+05:30 2026-08-06 18:17:45,317 [INFO] utils.model_pool: Pipeline 4/15 loaded successfully.
2026-08-06 23:47:45+05:30 2026-08-06 18:17:45,317 [INFO] utils.model_pool: Loading pipeline 5/15...
2026-08-06 23:47:45+05:30 2026-08-06 18:17:45,318 [INFO] utils.model_pool: Pipeline 5/15 loaded successfully.
2026-08-06 23:47:45+05:30 2026-08-06 18:17:45,318 [INFO] utils.model_pool: Loading pipeline 6/15...
2026-08-06 23:47:45+05:30 2026-08-06 18:17:45,318 [INFO] utils.model_pool: Pipeline 6/15 loaded successfully.
2026-08-06 23:47:45+05:30 2026-08-06 18:17:45,318 [INFO] utils.model_pool: Loading pipeline 7/15...
2026-08-06 23:47:45+05:30 2026-08-06 18:17:45,318 [INFO] utils.model_pool: Pipeline 7/15 loaded successfully.
2026-08-06 23:47:45+05:30 2026-08-06 18:17:45,318 [INFO] utils.model_pool: Loading pipeline 8/15...
2026-08-06 23:47:45+05:30 2026-08-06 18:17:45,318 [INFO] utils.model_pool: Pipeline 8/15 loaded successfully.
2026-08-06 23:47:45+05:30 2026-08-06 18:17:45,318 [INFO] utils.model_pool: Loading pipeline 9/15...
2026-08-06 23:47:45+05:30 2026-08-06 18:17:45,318 [INFO] utils.model_pool: Pipeline 9/15 loaded successfully.
2026-08-06 23:47:45+05:30 2026-08-06 18:17:45,318 [INFO] utils.model_pool: Loading pipeline 10/15...
2026-08-06 23:47:45+05:30 2026-08-06 18:17:45,318 [INFO] utils.model_pool: Pipeline 10/15 loaded successfully.
2026-08-06 23:47:45+05:30 2026-08-06 18:17:45,318 [INFO] utils.model_pool: Loading pipeline 11/15...
2026-08-06 23:47:45+05:30 2026-08-06 18:17:45,318 [INFO] utils.model_pool: Pipeline 11/15 loaded successfully.
2026-08-06 23:47:45+05:30 2026-08-06 18:17:45,318 [INFO] utils.model_pool: Loading pipeline 12/15...
2026-08-06 23:47:45+05:30 2026-08-06 18:17:45,318 [INFO] utils.model_pool: Pipeline 12/15 loaded successfully.
2026-08-06 23:47:45+05:30 2026-08-06 18:17:45,318 [INFO] utils.model_pool: Loading pipeline 13/15...
2026-08-06 23:47:45+05:30 2026-08-06 18:17:45,318 [INFO] utils.model_pool: Pipeline 13/15 loaded successfully.
2026-08-06 23:47:45+05:30 2026-08-06 18:17:45,318 [INFO] utils.model_pool: Loading pipeline 14/15...
2026-08-06 23:47:45+05:30 2026-08-06 18:17:45,318 [INFO] utils.model_pool: Pipeline 14/15 loaded successfully.
2026-08-06 23:47:45+05:30 2026-08-06 18:17:45,318 [INFO] utils.model_pool: Loading pipeline 15/15...
2026-08-06 23:47:45+05:30 2026-08-06 18:17:45,318 [INFO] utils.model_pool: Pipeline 15/15 loaded successfully.
2026-08-06 23:47:45+05:30 2026-08-06 18:17:45,318 [INFO] BatchedStreamingEngine: BatchedStreamingEngine background thread started
2026-08-06 23:47:45+05:30 [STRESS] BatchedStreamingEngine started (wait_window=20ms)
2026-08-06 23:47:45+05:30 [STRESS] /readyz patched: prewarm check relaxed
2026-08-06 23:47:45+05:30 [SERVE_POST_RESTORE] flash_attn version: 2.7.4.post1
2026-08-06 23:47:45+05:30 [SERVE_POST_RESTORE] flash_attn_interface (FA3) NOT available
2026-08-06 23:47:45+05:30 [SERVE_POST_RESTORE] sageattention available
2026-08-06 23:47:45+05:30 [SERVE] Pipeline in model_pool: current_size=15 available=15
2026-08-06 23:47:45+05:30 2026-08-06 18:17:45,320 [INFO] modal_app_stress: aiohttp background thread started ident=47112760895168
2026-08-06 23:47:45+05:30 2026-08-06 18:17:45,321 [INFO] streaming.websocket_server: Starting WebSocket ingestion server on ws://0.0.0.0:8765
2026-08-06 23:47:45+05:30 2026-08-06 18:17:45,324 [INFO] websockets.server: server listening on 0.0.0.0:8765
2026-08-06 23:47:45+05:30 [SERVE] Models on GPU after CPU snapshot restore - marking ready
2026-08-06 23:47:45+05:30 [SERVE_START] pid=2 cuda_available=True allocated=4333089792 reserved=5943328768 memory_snapshot_segments=0
2026-08-06 23:47:45+05:30 [prewarm] Connecting to wss://ai-14ksodzi.livekit.cloud room=prewarm-c1bece64 slot=1/1 attempt=1/required...
2026-08-06 23:47:46+05:30 Nvidia Decoder is supported.
2026-08-06 23:47:46+05:30 2026-08-06 18:17:46,219 [INFO] livekit: livekit_api::signal_client::signal_stream:53:livekit_api::signal_client::signal_stream - connecting to wss://ai-14ksodzi.livekit.cloud/rtc/v1
2026-08-06 23:47:46+05:30 [prewarm] Connected slot=1/1 in 936.4 ms, adding to pool
2026-08-06 23:47:46+05:30 2026-08-06 18:17:46,477 [INFO] modal_app_stress: aiohttp site started thread=47112760895168 event_loop=47112755393840
2026-08-06 23:47:46+05:30 [STRESS] Running batched warmup cycle (background)...[STRESS] Pool status: current_size=15 available=15/15
2026-08-06 23:47:46+05:30 
2026-08-06 23:47:46+05:30 [STRESS] Prewarm pool size=1. Test script will mint rooms for sessions 2-N.
2026-08-06 23:47:46+05:30 2026-08-06 18:17:46,487 [INFO] BatchedStreamingEngine: Session _warmup_ added (total=1)
2026-08-06 23:47:46+05:30 2026-08-06 18:17:46,518 [INFO] aiohttp.access: 172.20.4.71 [06/Aug/2026:18:17:46 +0000] "GET /readyz HTTP/1.1" 200 400 "-" "Python/3.14 aiohttp/3.14.1"
2026-08-06 23:47:46+05:30 [METRICS] GPU_util=2% GPU_temp=38C GPU_mem=4.0GB/95.0GB (reserved=5.5GB) RSS=15008MB CPU_user=18.0s CPU_sys=5.6s sessions=0 pool=15/15
2026-08-06 23:47:46+05:30     GET /readyz -> 200 OK  (duration: 49.0 s, execution: 17.6 ms)
2026-08-06 23:47:46+05:30 2026-08-06 18:17:46.763 | INFO     | flash_head.src.pipeline.flash_head_pipeline:generate_batch:548 - [generate_batch] GPU_BREAKDOWN denoise=119.6ms decode=17.5ms color+encode=47.0ms total=184.3ms batch_size=1
2026-08-06 23:47:46+05:30 2026-08-06 18:17:46.763 | INFO     | flash_head.src.pipeline.flash_head_pipeline:generate_batch:555 - [generate_batch] DENOISE_STEPS total=119.6ms steps=[s0=32.0 s1=27.6 s2=30.4 s3=29.5] n_steps=4 batch_size=1
2026-08-06 23:47:46+05:30 2026-08-06 18:17:46,848 [INFO] BatchedStreamingEngine: Session _warmup_ marked for drain (keep_alive=False)
2026-08-06 23:47:46+05:30 2026-08-06 18:17:46,849 [INFO] BatchedStreamingEngine: Session _warmup_ removed (total=0)
2026-08-06 23:47:46+05:30 [STRESS] Batched warmup completed in 468.7ms
2026-08-06 23:47:48+05:30 2026-08-06 18:17:48,055 [INFO] handler: [claim_room] Claimed room prewarm-c1bece64 for new session
2026-08-06 23:47:48+05:30 2026-08-06 18:17:48,056 [INFO] aiohttp.access: 172.20.4.71 [06/Aug/2026:18:17:48 +0000] "POST /room/claim HTTP/1.1" 200 965 "-" "Python/3.14 aiohttp/3.14.1"
2026-08-06 23:47:48+05:30    POST /room/claim -> 200 OK  (duration: 59.2 ms, execution: 24.2 ms)
2026-08-06 23:47:49+05:30 2026-08-06 18:17:49,304 [INFO] handler: [pod_session_start] Received session=conc-test-1-5b1256 room=prewarm-c1bece64 ingestion=websocket hasIdleAsset=False
2026-08-06 23:47:49+05:30 2026-08-06 18:17:49,304 [INFO] streaming.websocket_server: Registered WebSocket session: conc-test-1-5b1256
2026-08-06 23:47:49+05:30 2026-08-06 18:17:49,304 [INFO] aiohttp.access: 172.20.4.71 [06/Aug/2026:18:17:49 +0000] "POST /sessions/start HTTP/1.1" 202 271 "-" "Python/3.14 aiohttp/3.14.1"
2026-08-06 23:47:49+05:30 2026-08-06 18:17:49,305 [INFO] handler: [handler] Reusing pre-warmed LiveKit room prewarm-c1bece64 connection_state=1 identity=prewarm-prewarm-c1bece64
2026-08-06 23:47:49+05:30 2026-08-06 18:17:49,305 [INFO] batched_stream_processor: [BATCHED-DIAG] threading context: thread_id=47112760895168 thread_name=modal-aiohttp-server event_loop_id=47112755393840
2026-08-06 23:47:49+05:30 2026-08-06 18:17:49,306 [INFO] batched_stream_processor: Connecting to LiveKit room=prewarm-c1bece64 url=wss://ai-14ksodzi.livekit.cloud session=conc-test-1-5b1256
2026-08-06 23:47:49+05:30 2026-08-06 18:17:49,306 [INFO] batched_stream_processor: Reusing pre-connected LiveKit room=prewarm-c1bece64 session=conc-test-1-5b1256 connection_state=1
2026-08-06 23:47:49+05:30    POST /sessions/start -> 202 Accepted  (duration: 71.7 ms, execution: 32.6 ms)
2026-08-06 23:47:49+05:30 2026-08-06 18:17:49,467 [INFO] batched_stream_processor: IDLE_FALLBACK_PUBLISHED session=conc-test-1-5b1256
2026-08-06 23:47:49+05:30 2026-08-06 18:17:49,467 [INFO] batched_stream_processor: Registering session conc-test-1-5b1256 with BatchedStreamingEngine
2026-08-06 23:47:49+05:30 2026-08-06 18:17:49,468 [INFO] BatchedStreamingEngine: Session conc-test-1-5b1256 added (total=1)
2026-08-06 23:47:49+05:30 2026-08-06 18:17:49,618 [INFO] batched_stream_processor: Session conc-test-1-5b1256 registered with engine in 150.8 ms (avatar prepared)
2026-08-06 23:47:49+05:30 2026-08-06 18:17:49,618 [INFO] streaming.state_manager: [SM] Adaptive caps: p95_ms=350 buffer=9 peak=33 MAX=42 TARGET=33
2026-08-06 23:47:49+05:30 2026-08-06 18:17:49,619 [INFO] streaming.state_manager: [SM] Adaptive caps: p95_ms=350 buffer=9 peak=33 MAX=42 TARGET=33
2026-08-06 23:47:49+05:30 2026-08-06 18:17:49,619 [INFO] VideoPublisher: [VP-DIAG] First non-None frame received after 0 None ticks (~0.0s). Creating track...
2026-08-06 23:47:49+05:30 2026-08-06 18:17:49,619 [INFO] VideoPublisher: [VP-DIAG] Creating video track 512x512
2026-08-06 23:47:49+05:30 2026-08-06 18:17:49,621 [INFO] VideoPublisher: [VP-DIAG] Codec=VP8 encoder=auto (AIVATAR_VIDEO_CODEC=vp8)
2026-08-06 23:47:49+05:30 2026-08-06 18:17:49,621 [INFO] VideoPublisher: [VP-DIAG] Calling publish_track()...
2026-08-06 23:47:49+05:30 2026-08-06 18:17:49,629 [INFO] VideoPublisher: [VP-DIAG] publish_track() completed in 8.3 ms
2026-08-06 23:47:49+05:30 2026-08-06 18:17:49,635 [INFO] batched_stream_processor: [BATCHED-DIAG] {'event': 'local_track_published', 't': 0.33, 'sid': 'TR_VCf7ZJZnRdDvAV', 'kind': 2}
2026-08-06 23:47:49+05:30 2026-08-06 18:17:49,635 [INFO] batched_stream_processor: IDLE_TRACK_PUBLISHED session=conc-test-1-5b1256 room=prewarm-c1bece64
2026-08-06 23:47:49+05:30 2026-08-06 18:17:49,637 [INFO] livekit: livekit::room::e2ee::manager:179:livekit::room::e2ee::manager - packet_trailer not enabled for published track TR_VCf7ZJZnRdDvAV from prewarm-prewarm-c1bece64
2026-08-06 23:47:49+05:30 2026-08-06 18:17:49,649 [INFO] livekit: livekit::rtc_engine::peer_transport:518:livekit::rtc_engine::peer_transport - Applying x-google-start-bitrate=1000 kbps (target_bps=Some(3000000))
2026-08-06 23:47:50+05:30 2026-08-06 18:17:50,386 [INFO] batched_stream_processor: [BATCHED-DIAG] {'event': 'participant_connected', 't': 1.08, 'identity': 'viewer-script-conc-test-1-5b1256'}
2026-08-06 23:47:51+05:30 2026-08-06 18:17:51,335 [INFO] batched_stream_processor: [BATCHED-DIAG] {'event': 'quality_changed', 't': 2.029, 'participant': 'prewarm-prewarm-c1bece64', 'quality': '2'}
2026-08-06 23:47:51+05:30 [METRICS] GPU_util=0% GPU_temp=39C GPU_mem=4.1GB/95.0GB (reserved=5.5GB) RSS=15008MB CPU_user=23.2s CPU_sys=5.9s sessions=1 pool=15/15
2026-08-06 23:47:52+05:30 2026-08-06 18:17:52,425 [INFO] handler: WS_REQUEST_RECEIVED session=conc-test-1-5b1256 origin= ip=172.20.4.71
2026-08-06 23:47:52+05:30 2026-08-06 18:17:52,425 [INFO] handler: WS_CONNECT session=conc-test-1-5b1256 origin= ip=172.20.4.71 handlerMs=0.7
2026-08-06 23:47:53+05:30 2026-08-06 18:17:53,025 [INFO] aiohttp.access: 172.20.4.71 [06/Aug/2026:18:17:53 +0000] "POST /room/claim HTTP/1.1" 200 238 "-" "Python/3.14 aiohttp/3.14.1"
2026-08-06 23:47:53+05:30    POST /room/claim -> 200 OK  (duration: 69.5 ms, execution: 30.7 ms)
2026-08-06 23:47:53+05:30 2026-08-06 18:17:53.337 | INFO     | flash_head.src.pipeline.flash_head_pipeline:generate_batch:548 - [generate_batch] GPU_BREAKDOWN denoise=152.2ms decode=5.8ms color+encode=43.3ms total=201.4ms batch_size=1
2026-08-06 23:47:53+05:30 2026-08-06 18:17:53.337 | INFO     | flash_head.src.pipeline.flash_head_pipeline:generate_batch:555 - [generate_batch] DENOISE_STEPS total=152.2ms steps=[s0=46.9 s1=36.4 s2=36.3 s3=32.6] n_steps=4 batch_size=1
2026-08-06 23:47:53+05:30 2026-08-06 18:17:53,360 [INFO] AudioPublisher: [AP-DIAG] Calling publish_track()...
2026-08-06 23:47:53+05:30 2026-08-06 18:17:53,366 [INFO] AudioPublisher: [AP-DIAG] publish_track() completed in 6.2 ms (16000 Hz, 1 ch)
2026-08-06 23:47:53+05:30 2026-08-06 18:17:53,370 [INFO] batched_stream_processor: [BATCHED-DIAG] {'event': 'local_track_published', 't': 4.064, 'sid': 'TR_AMpHaD4Tpm2G7Z', 'kind': 1}
2026-08-06 23:47:53+05:30 2026-08-06 18:17:53,381 [INFO] streaming.state_manager: [SM] IDLE -> TRANSITION_TO_LIVE (crossfade 8 frames, queue=24)
2026-08-06 23:47:53+05:30 2026-08-06 18:17:53,391 [INFO] livekit: livekit::rtc_engine::peer_transport:518:livekit::rtc_engine::peer_transport - Applying x-google-start-bitrate=1000 kbps (target_bps=Some(3000000))
2026-08-06 23:47:53+05:30 2026-08-06 18:17:53.675 | INFO     | flash_head.src.pipeline.flash_head_pipeline:generate_batch:548 - [generate_batch] GPU_BREAKDOWN denoise=164.2ms decode=6.9ms color+encode=44.5ms total=216.4ms batch_size=1
2026-08-06 23:47:53+05:30 2026-08-06 18:17:53.676 | INFO     | flash_head.src.pipeline.flash_head_pipeline:generate_batch:555 - [generate_batch] DENOISE_STEPS total=164.2ms steps=[s0=47.7 s1=44.8 s2=42.1 s3=29.6] n_steps=4 batch_size=1
2026-08-06 23:47:53+05:30 2026-08-06 18:17:53,700 [INFO] streaming.state_manager: [SM] TRANSITION_TO_LIVE -> LIVE
2026-08-06 23:47:53+05:30 2026-08-06 18:17:53,740 [INFO] streaming.state_manager: [SM] Dropped 13 stale frames to protect A/V sync (qsize now 33)
2026-08-06 23:47:54+05:30 2026-08-06 18:17:54,367 [INFO] handler: [pod_session_start] Received session=conc-test-2-39b7ef room=conc-test-e4b37088 ingestion=websocket hasIdleAsset=False
2026-08-06 23:47:54+05:30 2026-08-06 18:17:54,367 [INFO] streaming.websocket_server: Registered WebSocket session: conc-test-2-39b7ef
2026-08-06 23:47:54+05:30 2026-08-06 18:17:54,368 [INFO] aiohttp.access: 172.20.4.71 [06/Aug/2026:18:17:54 +0000] "POST /sessions/start HTTP/1.1" 202 271 "-" "Python/3.14 aiohttp/3.14.1"
2026-08-06 23:47:54+05:30 2026-08-06 18:17:54,368 [INFO] handler: [handler] prewarm_pool.release() took 0.0ms for room conc-test-e4b37088
2026-08-06 23:47:54+05:30 2026-08-06 18:17:54,369 [INFO] batched_stream_processor: [BATCHED-DIAG] threading context: thread_id=47112760895168 thread_name=modal-aiohttp-server event_loop_id=47112755393840
2026-08-06 23:47:54+05:30 2026-08-06 18:17:54,369 [INFO] batched_stream_processor: Connecting to LiveKit room=conc-test-e4b37088 url=wss://ai-14ksodzi.livekit.cloud session=conc-test-2-39b7ef
2026-08-06 23:47:54+05:30 2026-08-06 18:17:54,370 [INFO] batched_stream_processor: [BATCHED-DIAG] room.connect() attempt 1/3 | url=wss://ai-14ksodzi.livekit.cloud
2026-08-06 23:47:54+05:30 2026-08-06 18:17:54,423 [INFO] livekit: livekit_api::signal_client::signal_stream:53:livekit_api::signal_client::signal_stream - connecting to wss://ai-14ksodzi.livekit.cloud/rtc/v1
2026-08-06 23:47:54+05:30    POST /sessions/start -> 202 Accepted  (duration: 76.3 ms, execution: 38.3 ms)
2026-08-06 23:47:54+05:30 2026-08-06 18:17:54,623 [INFO] VideoPublisher: VIDEO_PUBLISH_METRICS session=conc-test-1-5b1256 windowMs=5004 frames=126 effectiveFps=25.2 liveFrames=24 repeatedLiveFrames=0 idleFrames=102 desyncPct=81.0 maxGapMs=45.0 maxCaptureMs=1.2
2026-08-06 23:47:54+05:30 2026-08-06 18:17:54.915 | INFO     | flash_head.src.pipeline.flash_head_pipeline:generate_batch:548 - [generate_batch] GPU_BREAKDOWN denoise=533.0ms decode=8.3ms color+encode=43.2ms total=584.6ms batch_size=1
2026-08-06 23:47:54+05:30 2026-08-06 18:17:54.915 | INFO     | flash_head.src.pipeline.flash_head_pipeline:generate_batch:555 - [generate_batch] DENOISE_STEPS total=533.0ms steps=[s0=127.5 s1=145.5 s2=213.9 s3=46.1] n_steps=4 batch_size=1
2026-08-06 23:47:55+05:30 2026-08-06 18:17:55.507 | INFO     | flash_head.src.pipeline.flash_head_pipeline:generate_batch:548 - [generate_batch] GPU_BREAKDOWN denoise=158.1ms decode=6.5ms color+encode=50.4ms total=215.0ms batch_size=1
2026-08-06 23:47:55+05:30 2026-08-06 18:17:55.507 | INFO     | flash_head.src.pipeline.flash_head_pipeline:generate_batch:555 - [generate_batch] DENOISE_STEPS total=158.1ms steps=[s0=35.4 s1=43.4 s2=42.5 s3=36.8] n_steps=4 batch_size=1
2026-08-06 23:47:56+05:30 2026-08-06 18:17:56,137 [INFO] handler: UTTERANCE_END_RECEIVED session=conc-test-1-5b1256
2026-08-06 23:47:56+05:30 2026-08-06 18:17:56,137 [INFO] batched_stream_processor: BATCHED_DRAIN_STARTED session=conc-test-1-5b1256 keep_alive=True
2026-08-06 23:47:56+05:30 2026-08-06 18:17:56,138 [INFO] BatchedStreamingEngine: Session conc-test-1-5b1256 marked for drain (keep_alive=True)
2026-08-06 23:47:56+05:30 2026-08-06 18:17:56.457 | INFO     | flash_head.src.pipeline.flash_head_pipeline:generate_batch:548 - [generate_batch] GPU_BREAKDOWN denoise=160.1ms decode=8.4ms color+encode=41.6ms total=210.2ms batch_size=1
2026-08-06 23:47:56+05:30 2026-08-06 18:17:56.458 | INFO     | flash_head.src.pipeline.flash_head_pipeline:generate_batch:555 - [generate_batch] DENOISE_STEPS total=160.1ms steps=[s0=35.8 s1=37.1 s2=53.4 s3=33.8] n_steps=4 batch_size=1
2026-08-06 23:47:56+05:30 [METRICS] GPU_util=26% GPU_temp=48C GPU_mem=4.1GB/95.0GB (reserved=5.5GB) RSS=15008MB CPU_user=29.8s CPU_sys=6.2s sessions=2 pool=15/15
2026-08-06 23:47:57+05:30 2026-08-06 18:17:57.399 | INFO     | flash_head.src.pipeline.flash_head_pipeline:generate_batch:548 - [generate_batch] GPU_BREAKDOWN denoise=141.3ms decode=5.7ms color+encode=45.3ms total=192.4ms batch_size=1
2026-08-06 23:47:57+05:30 2026-08-06 18:17:57.399 | INFO     | flash_head.src.pipeline.flash_head_pipeline:generate_batch:555 - [generate_batch] DENOISE_STEPS total=141.3ms steps=[s0=33.2 s1=36.9 s2=35.6 s3=35.6] n_steps=4 batch_size=1
2026-08-06 23:47:58+05:30 2026-08-06 18:17:58,135 [INFO] aiohttp.access: 172.20.4.71 [06/Aug/2026:18:17:58 +0000] "POST /room/claim HTTP/1.1" 200 238 "-" "Python/3.14 aiohttp/3.14.1"
2026-08-06 23:47:58+05:30    POST /room/claim -> 200 OK  (duration: 59.3 ms, execution: 22.1 ms)
2026-08-06 23:47:58+05:30 2026-08-06 18:17:58.361 | INFO     | flash_head.src.pipeline.flash_head_pipeline:generate_batch:548 - [generate_batch] GPU_BREAKDOWN denoise=139.3ms decode=7.9ms color+encode=42.6ms total=189.9ms batch_size=1
2026-08-06 23:47:58+05:30 2026-08-06 18:17:58.361 | INFO     | flash_head.src.pipeline.flash_head_pipeline:generate_batch:555 - [generate_batch] DENOISE_STEPS total=139.3ms steps=[s0=35.4 s1=34.7 s2=34.2 s3=35.0] n_steps=4 batch_size=1
2026-08-06 23:47:59+05:30 2026-08-06 18:17:59.319 | INFO     | flash_head.src.pipeline.flash_head_pipeline:generate_batch:548 - [generate_batch] GPU_BREAKDOWN denoise=141.5ms decode=5.7ms color+encode=42.9ms total=190.3ms batch_size=1
2026-08-06 23:47:59+05:30 2026-08-06 18:17:59.319 | INFO     | flash_head.src.pipeline.flash_head_pipeline:generate_batch:555 - [generate_batch] DENOISE_STEPS total=141.5ms steps=[s0=40.6 s1=33.7 s2=33.4 s3=33.8] n_steps=4 batch_size=1
2026-08-06 23:47:59+05:30 2026-08-06 18:17:59,401 [INFO] handler: [pod_session_start] Received session=conc-test-3-096ecf room=conc-test-6a0b00a3 ingestion=websocket hasIdleAsset=False
2026-08-06 23:47:59+05:30 2026-08-06 18:17:59,401 [INFO] streaming.websocket_server: Registered WebSocket session: conc-test-3-096ecf
2026-08-06 23:47:59+05:30 2026-08-06 18:17:59,402 [INFO] aiohttp.access: 172.20.4.71 [06/Aug/2026:18:17:59 +0000] "POST /sessions/start HTTP/1.1" 202 271 "-" "Python/3.14 aiohttp/3.14.1"
2026-08-06 23:47:59+05:30 2026-08-06 18:17:59,402 [INFO] handler: [handler] prewarm_pool.release() took 0.0ms for room conc-test-6a0b00a3
2026-08-06 23:47:59+05:30 2026-08-06 18:17:59,402 [INFO] batched_stream_processor: [BATCHED-DIAG] threading context: thread_id=47112760895168 thread_name=modal-aiohttp-server event_loop_id=47112755393840
2026-08-06 23:47:59+05:30 2026-08-06 18:17:59,402 [INFO] batched_stream_processor: Connecting to LiveKit room=conc-test-6a0b00a3 url=wss://ai-14ksodzi.livekit.cloud session=conc-test-3-096ecf
2026-08-06 23:47:59+05:30 2026-08-06 18:17:59,403 [INFO] batched_stream_processor: [BATCHED-DIAG] room.connect() attempt 1/3 | url=wss://ai-14ksodzi.livekit.cloud
2026-08-06 23:47:59+05:30 2026-08-06 18:17:59,438 [INFO] livekit: livekit_api::signal_client::signal_stream:53:livekit_api::signal_client::signal_stream - connecting to wss://ai-14ksodzi.livekit.cloud/rtc/v1
2026-08-06 23:47:59+05:30    POST /sessions/start -> 202 Accepted  (duration: 59.7 ms, execution: 25.2 ms)
2026-08-06 23:47:59+05:30 2026-08-06 18:17:59,588 [INFO] batched_stream_processor: Connected to LiveKit room=conc-test-6a0b00a3 (attempt 1, 184.8 ms). events=0
2026-08-06 23:47:59+05:30 2026-08-06 18:17:59,592 [INFO] batched_stream_processor: [BATCHED-DIAG] {'event': 'connection_state_changed', 't': 0.19, 'state': '1'}
2026-08-06 23:47:59+05:30 2026-08-06 18:17:59,626 [INFO] VideoPublisher: VIDEO_PUBLISH_METRICS session=conc-test-1-5b1256 windowMs=5003 frames=125 effectiveFps=25.0 liveFrames=125 repeatedLiveFrames=0 idleFrames=0 desyncPct=0.0 maxGapMs=43.5 maxCaptureMs=0.9
2026-08-06 23:47:59+05:30 2026-08-06 18:17:59,696 [INFO] batched_stream_processor: IDLE_FALLBACK_PUBLISHED session=conc-test-3-096ecf
2026-08-06 23:47:59+05:30 2026-08-06 18:17:59,696 [INFO] batched_stream_processor: Registering session conc-test-3-096ecf with BatchedStreamingEngine
2026-08-06 23:47:59+05:30 2026-08-06 18:17:59,697 [INFO] BatchedStreamingEngine: Session conc-test-3-096ecf added (total=2)
2026-08-06 23:47:59+05:30 2026-08-06 18:17:59,815 [INFO] batched_stream_processor: Session conc-test-3-096ecf registered with engine in 118.2 ms (avatar prepared)
2026-08-06 23:47:59+05:30 2026-08-06 18:17:59,815 [INFO] streaming.state_manager: [SM] Adaptive caps: p95_ms=470 buffer=12 peak=36 MAX=46 TARGET=36
2026-08-06 23:47:59+05:30 2026-08-06 18:17:59,815 [INFO] streaming.state_manager: [SM] Adaptive caps: p95_ms=470 buffer=12 peak=36 MAX=46 TARGET=36
2026-08-06 23:47:59+05:30 2026-08-06 18:17:59,816 [INFO] VideoPublisher: [VP-DIAG] First non-None frame received after 0 None ticks (~0.0s). Creating track...
2026-08-06 23:47:59+05:30 2026-08-06 18:17:59,816 [INFO] VideoPublisher: [VP-DIAG] Creating video track 512x512
2026-08-06 23:47:59+05:30 2026-08-06 18:17:59,816 [INFO] VideoPublisher: [VP-DIAG] Codec=VP8 encoder=auto (AIVATAR_VIDEO_CODEC=vp8)
2026-08-06 23:47:59+05:30 2026-08-06 18:17:59,817 [INFO] VideoPublisher: [VP-DIAG] Calling publish_track()...
2026-08-06 23:47:59+05:30 2026-08-06 18:17:59,826 [INFO] VideoPublisher: [VP-DIAG] publish_track() completed in 8.9 ms
2026-08-06 23:47:59+05:30 2026-08-06 18:17:59,829 [INFO] batched_stream_processor: [BATCHED-DIAG] {'event': 'local_track_published', 't': 0.426, 'sid': 'TR_VCgfyibqNfGbpm', 'kind': 2}
2026-08-06 23:47:59+05:30 2026-08-06 18:17:59,829 [INFO] batched_stream_processor: IDLE_TRACK_PUBLISHED session=conc-test-3-096ecf room=conc-test-6a0b00a3
2026-08-06 23:47:59+05:30 2026-08-06 18:17:59,830 [INFO] livekit: livekit::room::e2ee::manager:179:livekit::room::e2ee::manager - packet_trailer not enabled for published track TR_VCgfyibqNfGbpm from aivatar-worker-conc-test-3-096ecf
2026-08-06 23:47:59+05:30 2026-08-06 18:17:59,843 [INFO] livekit: livekit::rtc_engine::peer_transport:518:livekit::rtc_engine::peer_transport - Applying x-google-start-bitrate=1000 kbps (target_bps=Some(3000000))
2026-08-06 23:48:00+05:30 2026-08-06 18:18:00.299 | INFO     | flash_head.src.pipeline.flash_head_pipeline:generate_batch:548 - [generate_batch] GPU_BREAKDOWN denoise=154.0ms decode=6.5ms color+encode=44.4ms total=204.9ms batch_size=1
2026-08-06 23:48:00+05:30 2026-08-06 18:18:00.300 | INFO     | flash_head.src.pipeline.flash_head_pipeline:generate_batch:555 - [generate_batch] DENOISE_STEPS total=154.0ms steps=[s0=47.6 s1=35.0 s2=34.8 s3=36.5] n_steps=4 batch_size=1
2026-08-06 23:48:00+05:30 2026-08-06 18:18:00,320 [INFO] BatchedStreamingEngine: cycle=10 batch=1 sessions=['conc-test-1-5b1256'] embed=10.5ms infer=205.3ms xfer=20.0ms total=241.2ms
2026-08-06 23:48:00+05:30 2026-08-06 18:18:00,576 [INFO] batched_stream_processor: [BATCHED-DIAG] {'event': 'participant_connected', 't': 1.173, 'identity': 'viewer-script-conc-test-3-096ecf'}
2026-08-06 23:48:01+05:30 2026-08-06 18:18:01.263 | INFO     | flash_head.src.pipeline.flash_head_pipeline:generate_batch:548 - [generate_batch] GPU_BREAKDOWN denoise=156.7ms decode=6.4ms color+encode=45.8ms total=209.0ms batch_size=1
2026-08-06 23:48:01+05:30 2026-08-06 18:18:01.263 | INFO     | flash_head.src.pipeline.flash_head_pipeline:generate_batch:555 - [generate_batch] DENOISE_STEPS total=156.7ms steps=[s0=47.4 s1=34.0 s2=37.3 s3=38.0] n_steps=4 batch_size=1
2026-08-06 23:48:01+05:30 [METRICS] GPU_util=0% GPU_temp=41C GPU_mem=4.1GB/95.0GB (reserved=5.5GB) RSS=15008MB CPU_user=36.6s CPU_sys=6.4s sessions=3 pool=15/15
2026-08-06 23:48:02+05:30 2026-08-06 18:18:02.229 | INFO     | flash_head.src.pipeline.flash_head_pipeline:generate_batch:548 - [generate_batch] GPU_BREAKDOWN denoise=155.9ms decode=16.1ms color+encode=41.4ms total=213.5ms batch_size=1
2026-08-06 23:48:02+05:30 2026-08-06 18:18:02.229 | INFO     | flash_head.src.pipeline.flash_head_pipeline:generate_batch:555 - [generate_batch] DENOISE_STEPS total=155.9ms steps=[s0=39.6 s1=36.4 s2=42.5 s3=37.4] n_steps=4 batch_size=1
2026-08-06 23:48:03+05:30 2026-08-06 18:18:03.194 | INFO     | flash_head.src.pipeline.flash_head_pipeline:generate_batch:548 - [generate_batch] GPU_BREAKDOWN denoise=163.1ms decode=10.1ms color+encode=48.1ms total=221.4ms batch_size=1
2026-08-06 23:48:03+05:30 2026-08-06 18:18:03.194 | INFO     | flash_head.src.pipeline.flash_head_pipeline:generate_batch:555 - [generate_batch] DENOISE_STEPS total=163.1ms steps=[s0=42.9 s1=44.1 s2=39.4 s3=36.6] n_steps=4 batch_size=1
2026-08-06 23:48:03+05:30 2026-08-06 18:18:03,236 [INFO] handler: WS_REQUEST_RECEIVED session=conc-test-3-096ecf origin= ip=172.20.4.71
2026-08-06 23:48:03+05:30 2026-08-06 18:18:03,236 [INFO] handler: WS_CONNECT session=conc-test-3-096ecf origin= ip=172.20.4.71 handlerMs=0.7
2026-08-06 23:48:03+05:30 2026-08-06 18:18:03,255 [INFO] aiohttp.access: 172.20.4.71 [06/Aug/2026:18:18:03 +0000] "POST /room/claim HTTP/1.1" 200 238 "-" "Python/3.14 aiohttp/3.14.1"
2026-08-06 23:48:03+05:30    POST /room/claim -> 200 OK  (duration: 60.3 ms, execution: 23.3 ms)
2026-08-06 23:48:04+05:30 2026-08-06 18:18:04.171 | INFO     | flash_head.src.pipeline.flash_head_pipeline:generate_batch:548 - [generate_batch] GPU_BREAKDOWN denoise=178.3ms decode=6.6ms color+encode=45.0ms total=230.1ms batch_size=1
2026-08-06 23:48:04+05:30 2026-08-06 18:18:04.171 | INFO     | flash_head.src.pipeline.flash_head_pipeline:generate_batch:555 - [generate_batch] DENOISE_STEPS total=178.3ms steps=[s0=55.2 s1=38.2 s2=42.3 s3=42.5] n_steps=4 batch_size=1
2026-08-06 23:48:04+05:30 2026-08-06 18:18:04.439 | INFO     | flash_head.src.pipeline.flash_head_pipeline:generate_batch:548 - [generate_batch] GPU_BREAKDOWN denoise=187.2ms decode=7.7ms color+encode=42.5ms total=238.3ms batch_size=1
2026-08-06 23:48:04+05:30 2026-08-06 18:18:04.439 | INFO     | flash_head.src.pipeline.flash_head_pipeline:generate_batch:555 - [generate_batch] DENOISE_STEPS total=187.2ms steps=[s0=47.5 s1=41.0 s2=43.9 s3=54.7] n_steps=4 batch_size=1
2026-08-06 23:48:04+05:30 2026-08-06 18:18:04,466 [INFO] AudioPublisher: [AP-DIAG] Calling publish_track()...
2026-08-06 23:48:04+05:30 2026-08-06 18:18:04,474 [INFO] AudioPublisher: [AP-DIAG] publish_track() completed in 8.1 ms (16000 Hz, 1 ch)
2026-08-06 23:48:04+05:30 2026-08-06 18:18:04,476 [INFO] batched_stream_processor: [BATCHED-DIAG] {'event': 'local_track_published', 't': 5.073, 'sid': 'TR_AM7pEZVQ2B6gym', 'kind': 1}
2026-08-06 23:48:04+05:30 2026-08-06 18:18:04,493 [INFO] livekit: livekit::rtc_engine::peer_transport:518:livekit::rtc_engine::peer_transport - Applying x-google-start-bitrate=1000 kbps (target_bps=Some(3000000))
2026-08-06 23:48:04+05:30 2026-08-06 18:18:04,496 [INFO] streaming.state_manager: [SM] IDLE -> TRANSITION_TO_LIVE (crossfade 8 frames, queue=24)
2026-08-06 23:48:04+05:30 2026-08-06 18:18:04,512 [INFO] batched_stream_processor: [BATCHED-DIAG] {'event': 'quality_changed', 't': 5.11, 'participant': 'aivatar-worker-conc-test-3-096ecf', 'quality': '2'}
2026-08-06 23:48:04+05:30 2026-08-06 18:18:04,662 [INFO] VideoPublisher: VIDEO_PUBLISH_METRICS session=conc-test-1-5b1256 windowMs=5036 frames=126 effectiveFps=25.0 liveFrames=126 repeatedLiveFrames=0 idleFrames=0 desyncPct=0.0 maxGapMs=47.3 maxCaptureMs=1.1
2026-08-06 23:48:04+05:30 2026-08-06 18:18:04,772 [INFO] handler: [pod_session_start] Received session=conc-test-4-1c8f54 room=conc-test-999901f0 ingestion=websocket hasIdleAsset=False
2026-08-06 23:48:04+05:30 2026-08-06 18:18:04,772 [INFO] streaming.websocket_server: Registered WebSocket session: conc-test-4-1c8f54
2026-08-06 23:48:04+05:30 2026-08-06 18:18:04,773 [INFO] aiohttp.access: 172.20.4.71 [06/Aug/2026:18:18:04 +0000] "POST /sessions/start HTTP/1.1" 202 271 "-" "Python/3.14 aiohttp/3.14.1"
2026-08-06 23:48:04+05:30 2026-08-06 18:18:04,773 [INFO] handler: [handler] prewarm_pool.release() took 0.0ms for room conc-test-999901f0
2026-08-06 23:48:04+05:30 2026-08-06 18:18:04,774 [INFO] batched_stream_processor: [BATCHED-DIAG] threading context: thread_id=47112760895168 thread_name=modal-aiohttp-server event_loop_id=47112755393840
2026-08-06 23:48:04+05:30 2026-08-06 18:18:04,774 [INFO] batched_stream_processor: Connecting to LiveKit room=conc-test-999901f0 url=wss://ai-14ksodzi.livekit.cloud session=conc-test-4-1c8f54
2026-08-06 23:48:04+05:30 2026-08-06 18:18:04,774 [INFO] batched_stream_processor: [BATCHED-DIAG] room.connect() attempt 1/3 | url=wss://ai-14ksodzi.livekit.cloud
2026-08-06 23:48:04+05:30 2026-08-06 18:18:04,812 [INFO] livekit: livekit_api::signal_client::signal_stream:53:livekit_api::signal_client::signal_stream - connecting to wss://ai-14ksodzi.livekit.cloud/rtc/v1
2026-08-06 23:48:04+05:30 2026-08-06 18:18:04,816 [INFO] streaming.state_manager: [SM] TRANSITION_TO_LIVE -> LIVE
2026-08-06 23:48:04+05:30    POST /sessions/start -> 202 Accepted  (duration: 61.3 ms, execution: 27.7 ms)
2026-08-06 23:48:04+05:30 2026-08-06 18:18:04,820 [INFO] VideoPublisher: VIDEO_PUBLISH_METRICS session=conc-test-3-096ecf windowMs=5005 frames=126 effectiveFps=25.2 liveFrames=1 repeatedLiveFrames=0 idleFrames=125 desyncPct=99.2 maxGapMs=52.1 maxCaptureMs=0.8
2026-08-06 23:48:04+05:30 2026-08-06 18:18:04,969 [INFO] batched_stream_processor: Connected to LiveKit room=conc-test-999901f0 (attempt 1, 194.7 ms). events=0
2026-08-06 23:48:04+05:30 2026-08-06 18:18:04,974 [INFO] batched_stream_processor: [BATCHED-DIAG] {'event': 'connection_state_changed', 't': 0.2, 'state': '1'}
2026-08-06 23:48:05+05:30 2026-08-06 18:18:05,111 [INFO] batched_stream_processor: IDLE_FALLBACK_PUBLISHED session=conc-test-4-1c8f54
2026-08-06 23:48:05+05:30 2026-08-06 18:18:05,112 [INFO] batched_stream_processor: Registering session conc-test-4-1c8f54 with BatchedStreamingEngine
2026-08-06 23:48:05+05:30 2026-08-06 18:18:05,113 [INFO] BatchedStreamingEngine: Session conc-test-4-1c8f54 added (total=3)
2026-08-06 23:48:05+05:30 2026-08-06 18:18:05,414 [WARNING] VideoPublisher: VIDEO_PUBLISH_GAP gapMs=263.4 targetFps=25 frameSource=live
2026-08-06 23:48:05+05:30 2026-08-06 18:18:05,416 [INFO] batched_stream_processor: Session conc-test-4-1c8f54 registered with engine in 303.2 ms (avatar prepared)
2026-08-06 23:48:05+05:30 2026-08-06 18:18:05,416 [INFO] streaming.state_manager: [SM] Adaptive caps: p95_ms=375 buffer=10 peak=34 MAX=44 TARGET=35
2026-08-06 23:48:05+05:30 2026-08-06 18:18:05,418 [INFO] streaming.state_manager: [SM] Adaptive caps: p95_ms=375 buffer=10 peak=34 MAX=44 TARGET=35
2026-08-06 23:48:05+05:30 2026-08-06 18:18:05,428 [WARNING] VideoPublisher: VIDEO_PUBLISH_GAP gapMs=244.9 targetFps=25 frameSource=live
2026-08-06 23:48:05+05:30 2026-08-06 18:18:05,429 [INFO] VideoPublisher: [VP-DIAG] First non-None frame received after 0 None ticks (~0.0s). Creating track...
2026-08-06 23:48:05+05:30 2026-08-06 18:18:05,429 [INFO] VideoPublisher: [VP-DIAG] Creating video track 512x512
2026-08-06 23:48:05+05:30 2026-08-06 18:18:05,430 [INFO] VideoPublisher: [VP-DIAG] Codec=VP8 encoder=auto (AIVATAR_VIDEO_CODEC=vp8)
2026-08-06 23:48:05+05:30 2026-08-06 18:18:05,430 [INFO] VideoPublisher: [VP-DIAG] Calling publish_track()...
2026-08-06 23:48:05+05:30 2026-08-06 18:18:05,445 [INFO] VideoPublisher: [VP-DIAG] publish_track() completed in 14.9 ms
2026-08-06 23:48:05+05:30 2026-08-06 18:18:05,446 [INFO] livekit: livekit::room::e2ee::manager:179:livekit::room::e2ee::manager - packet_trailer not enabled for published track TR_VCkMqdFCzRZMQf from aivatar-worker-conc-test-4-1c8f54
2026-08-06 23:48:05+05:30 2026-08-06 18:18:05,455 [INFO] livekit: livekit::rtc_engine::peer_transport:518:livekit::rtc_engine::peer_transport - Applying x-google-start-bitrate=1000 kbps (target_bps=Some(3000000))
2026-08-06 23:48:05+05:30 2026-08-06 18:18:05,457 [INFO] batched_stream_processor: [BATCHED-DIAG] {'event': 'local_track_published', 't': 0.683, 'sid': 'TR_VCkMqdFCzRZMQf', 'kind': 2}
2026-08-06 23:48:05+05:30 2026-08-06 18:18:05,457 [INFO] batched_stream_processor: IDLE_TRACK_PUBLISHED session=conc-test-4-1c8f54 room=conc-test-999901f0
2026-08-06 23:48:05+05:30 2026-08-06 18:18:05,830 [INFO] handler: UTTERANCE_END_RECEIVED session=conc-test-1-5b1256
2026-08-06 23:48:05+05:30 2026-08-06 18:18:05.847 | INFO     | flash_head.src.pipeline.flash_head_pipeline:generate_batch:548 - [generate_batch] GPU_BREAKDOWN denoise=630.3ms decode=24.9ms color+encode=104.8ms total=761.3ms batch_size=2
2026-08-06 23:48:05+05:30 2026-08-06 18:18:05.847 | INFO     | flash_head.src.pipeline.flash_head_pipeline:generate_batch:555 - [generate_batch] DENOISE_STEPS total=630.3ms steps=[s0=481.1 s1=43.3 s2=45.8 s3=60.1] n_steps=4 batch_size=2
2026-08-06 23:48:06+05:30 2026-08-06 18:18:06.208 | INFO     | flash_head.src.pipeline.flash_head_pipeline:generate_batch:548 - [generate_batch] GPU_BREAKDOWN denoise=208.5ms decode=13.6ms color+encode=88.8ms total=311.5ms batch_size=2
2026-08-06 23:48:06+05:30 2026-08-06 18:18:06.208 | INFO     | flash_head.src.pipeline.flash_head_pipeline:generate_batch:555 - [generate_batch] DENOISE_STEPS total=208.5ms steps=[s0=67.7 s1=44.2 s2=45.2 s3=51.5] n_steps=4 batch_size=2
2026-08-06 23:48:06+05:30 2026-08-06 18:18:06,321 [INFO] batched_stream_processor: [BATCHED-DIAG] {'event': 'participant_connected', 't': 1.547, 'identity': 'viewer-script-conc-test-4-1c8f54'}
2026-08-06 23:48:06+05:30 [METRICS] GPU_util=0% GPU_temp=42C GPU_mem=4.1GB/95.0GB (reserved=7.1GB) RSS=15008MB CPU_user=45.2s CPU_sys=6.8s sessions=4 pool=15/15
2026-08-06 23:48:07+05:30 2026-08-06 18:18:07.165 | INFO     | flash_head.src.pipeline.flash_head_pipeline:generate_batch:548 - [generate_batch] GPU_BREAKDOWN denoise=184.0ms decode=10.1ms color+encode=103.3ms total=297.7ms batch_size=2
2026-08-06 23:48:07+05:30 2026-08-06 18:18:07.165 | INFO     | flash_head.src.pipeline.flash_head_pipeline:generate_batch:555 - [generate_batch] DENOISE_STEPS total=184.0ms steps=[s0=51.7 s1=46.0 s2=45.4 s3=40.9] n_steps=4 batch_size=2
2026-08-06 23:48:08+05:30 2026-08-06 18:18:08.122 | INFO     | flash_head.src.pipeline.flash_head_pipeline:generate_batch:548 - [generate_batch] GPU_BREAKDOWN denoise=204.8ms decode=9.3ms color+encode=83.7ms total=297.9ms batch_size=2
2026-08-06 23:48:08+05:30 2026-08-06 18:18:08.123 | INFO     | flash_head.src.pipeline.flash_head_pipeline:generate_batch:555 - [generate_batch] DENOISE_STEPS total=204.8ms steps=[s0=46.6 s1=58.3 s2=48.4 s3=51.5] n_steps=4 batch_size=2
2026-08-06 23:48:08+05:30 2026-08-06 18:18:08,168 [INFO] BatchedStreamingEngine: Session conc-test-1-5b1256 reactivated (keep_alive)
2026-08-06 23:48:08+05:30 2026-08-06 18:18:08,214 [INFO] handler: UTTERANCE_END_RECEIVED session=conc-test-3-096ecf
2026-08-06 23:48:08+05:30 2026-08-06 18:18:08,214 [INFO] batched_stream_processor: BATCHED_DRAIN_STARTED session=conc-test-3-096ecf keep_alive=True
2026-08-06 23:48:08+05:30 2026-08-06 18:18:08,214 [INFO] BatchedStreamingEngine: Session conc-test-3-096ecf marked for drain (keep_alive=True)
2026-08-06 23:48:08+05:30 2026-08-06 18:18:08,461 [INFO] aiohttp.access: 172.20.4.71 [06/Aug/2026:18:18:08 +0000] "POST /room/claim HTTP/1.1" 200 238 "-" "Python/3.14 aiohttp/3.14.1"
2026-08-06 23:48:08+05:30    POST /room/claim -> 200 OK  (duration: 62.7 ms, execution: 24.3 ms)
2026-08-06 23:48:08+05:30 2026-08-06 18:18:08,606 [INFO] handler: WS_REQUEST_RECEIVED session=conc-test-4-1c8f54 origin= ip=172.20.4.71
2026-08-06 23:48:08+05:30 2026-08-06 18:18:08,606 [INFO] handler: WS_CONNECT session=conc-test-4-1c8f54 origin= ip=172.20.4.71 handlerMs=0.8
2026-08-06 23:48:08+05:30 2026-08-06 18:18:08.976 | INFO     | flash_head.src.pipeline.flash_head_pipeline:generate_batch:548 - [generate_batch] GPU_BREAKDOWN denoise=151.0ms decode=6.8ms color+encode=42.8ms total=200.7ms batch_size=1
2026-08-06 23:48:08+05:30 2026-08-06 18:18:08.976 | INFO     | flash_head.src.pipeline.flash_head_pipeline:generate_batch:555 - [generate_batch] DENOISE_STEPS total=151.0ms steps=[s0=38.9 s1=37.6 s2=38.0 s3=36.5] n_steps=4 batch_size=1
2026-08-06 23:48:08+05:30 2026-08-06 18:18:08,996 [INFO] BatchedStreamingEngine: cycle=20 batch=1 sessions=['conc-test-3-096ecf'] embed=10.1ms infer=202.0ms xfer=19.1ms total=242.0ms
2026-08-06 23:48:09+05:30 2026-08-06 18:18:09,492 [WARNING] livekit: livekit::rtc_engine:529:livekit::rtc_engine - failed to connect: Connection("wait_pc_connection timed out"), retrying... (1/3)
2026-08-06 23:48:09+05:30 2026-08-06 18:18:09,557 [INFO] livekit: livekit_api::signal_client::signal_stream:53:livekit_api::signal_client::signal_stream - connecting to wss://ai-14ksodzi.livekit.cloud/rtc/v1
2026-08-06 23:48:09+05:30 2026-08-06 18:18:09,674 [INFO] VideoPublisher: VIDEO_PUBLISH_METRICS session=conc-test-1-5b1256 windowMs=5011 frames=125 effectiveFps=24.9 liveFrames=119 repeatedLiveFrames=6 idleFrames=0 desyncPct=4.8 maxGapMs=263.4 maxCaptureMs=1.7
2026-08-06 23:48:09+05:30 2026-08-06 18:18:09,822 [INFO] VideoPublisher: VIDEO_PUBLISH_METRICS session=conc-test-3-096ecf windowMs=5002 frames=125 effectiveFps=25.0 liveFrames=122 repeatedLiveFrames=3 idleFrames=0 desyncPct=2.4 maxGapMs=244.9 maxCaptureMs=1.3
2026-08-06 23:48:09+05:30 2026-08-06 18:18:09,881 [INFO] batched_stream_processor: [BATCHED-DIAG] {'event': 'quality_changed', 't': 5.107, 'participant': 'aivatar-worker-conc-test-4-1c8f54', 'quality': '2'}
2026-08-06 23:48:09+05:30 2026-08-06 18:18:09,998 [INFO] handler: [pod_session_start] Received session=conc-test-5-b3233b room=conc-test-228a3525 ingestion=websocket hasIdleAsset=False
2026-08-06 23:48:09+05:30 2026-08-06 18:18:09,998 [INFO] streaming.websocket_server: Registered WebSocket session: conc-test-5-b3233b
2026-08-06 23:48:09+05:30 2026-08-06 18:18:09,998 [INFO] aiohttp.access: 172.20.4.71 [06/Aug/2026:18:18:09 +0000] "POST /sessions/start HTTP/1.1" 202 271 "-" "Python/3.14 aiohttp/3.14.1"
2026-08-06 23:48:09+05:30 2026-08-06 18:18:09,999 [INFO] handler: [handler] prewarm_pool.release() took 0.0ms for room conc-test-228a3525
2026-08-06 23:48:09+05:30 2026-08-06 18:18:09,999 [INFO] batched_stream_processor: [BATCHED-DIAG] threading context: thread_id=47112760895168 thread_name=modal-aiohttp-server event_loop_id=47112755393840
2026-08-06 23:48:10+05:30 2026-08-06 18:18:10,000 [INFO] batched_stream_processor: Connecting to LiveKit room=conc-test-228a3525 url=wss://ai-14ksodzi.livekit.cloud session=conc-test-5-b3233b
2026-08-06 23:48:10+05:30 2026-08-06 18:18:10,000 [INFO] batched_stream_processor: [BATCHED-DIAG] room.connect() attempt 1/3 | url=wss://ai-14ksodzi.livekit.cloud
2026-08-06 23:48:10+05:30 2026-08-06 18:18:10,051 [INFO] livekit: livekit_api::signal_client::signal_stream:53:livekit_api::signal_client::signal_stream - connecting to wss://ai-14ksodzi.livekit.cloud/rtc/v1
2026-08-06 23:48:10+05:30    POST /sessions/start -> 202 Accepted  (duration: 88.4 ms, execution: 38.5 ms)
2026-08-06 23:48:10+05:30 2026-08-06 18:18:10,230 [INFO] streaming.state_manager: [SM] LIVE -> TRANSITION_TO_IDLE (crossfade 8 frames)
2026-08-06 23:48:10+05:30 2026-08-06 18:18:10.287 | INFO     | flash_head.src.pipeline.flash_head_pipeline:generate_batch:548 - [generate_batch] GPU_BREAKDOWN denoise=664.8ms decode=8.9ms color+encode=191.1ms total=865.0ms batch_size=1
2026-08-06 23:48:10+05:30 2026-08-06 18:18:10.287 | INFO     | flash_head.src.pipeline.flash_head_pipeline:generate_batch:555 - [generate_batch] DENOISE_STEPS total=664.8ms steps=[s0=46.9 s1=120.8 s2=136.1 s3=361.0] n_steps=4 batch_size=1
2026-08-06 23:48:10+05:30 2026-08-06 18:18:10,292 [INFO] batched_stream_processor: Connected to LiveKit room=conc-test-228a3525 (attempt 1, 292.2 ms). events=0
2026-08-06 23:48:10+05:30 2026-08-06 18:18:10,298 [INFO] batched_stream_processor: [BATCHED-DIAG] {'event': 'connection_state_changed', 't': 0.299, 'state': '1'}
2026-08-06 23:48:10+05:30 2026-08-06 18:18:10,321 [INFO] AudioPublisher: [AP-DIAG] Calling publish_track()...
2026-08-06 23:48:10+05:30 2026-08-06 18:18:10,333 [INFO] AudioPublisher: [AP-DIAG] publish_track() completed in 11.2 ms (16000 Hz, 1 ch)
2026-08-06 23:48:10+05:30 2026-08-06 18:18:10,336 [INFO] batched_stream_processor: [BATCHED-DIAG] {'event': 'local_track_published', 't': 5.562, 'sid': 'TR_AMsJNLTgTKZUfc', 'kind': 1}
2026-08-06 23:48:10+05:30 2026-08-06 18:18:10,342 [INFO] streaming.state_manager: [SM] IDLE -> TRANSITION_TO_LIVE (crossfade 8 frames, queue=24)
2026-08-06 23:48:10+05:30 2026-08-06 18:18:10,430 [INFO] VideoPublisher: VIDEO_PUBLISH_METRICS session=conc-test-4-1c8f54 windowMs=5014 frames=126 effectiveFps=25.1 liveFrames=0 repeatedLiveFrames=0 idleFrames=126 desyncPct=100.0 maxGapMs=46.7 maxCaptureMs=6.4
2026-08-06 23:48:10+05:30 2026-08-06 18:18:10,438 [INFO] batched_stream_processor: IDLE_FALLBACK_PUBLISHED session=conc-test-5-b3233b
2026-08-06 23:48:10+05:30 2026-08-06 18:18:10,438 [INFO] batched_stream_processor: Registering session conc-test-5-b3233b with BatchedStreamingEngine
2026-08-06 23:48:10+05:30 2026-08-06 18:18:10,454 [INFO] BatchedStreamingEngine: Session conc-test-5-b3233b added (total=4)
2026-08-06 23:48:10+05:30 2026-08-06 18:18:10,523 [INFO] livekit: livekit::rtc_engine::peer_transport:518:livekit::rtc_engine::peer_transport - Applying x-google-start-bitrate=1000 kbps (target_bps=Some(3000000))
2026-08-06 23:48:10+05:30 2026-08-06 18:18:10,789 [WARNING] VideoPublisher: VIDEO_PUBLISH_GAP gapMs=359.6 targetFps=25 frameSource=transition_to_live
2026-08-06 23:48:10+05:30 2026-08-06 18:18:10,795 [WARNING] VideoPublisher: VIDEO_PUBLISH_GAP gapMs=359.9 targetFps=25 frameSource=transition_to_idle
2026-08-06 23:48:10+05:30 2026-08-06 18:18:10,796 [INFO] batched_stream_processor: Session conc-test-5-b3233b registered with engine in 357.8 ms (avatar prepared)
2026-08-06 23:48:10+05:30 2026-08-06 18:18:10,797 [INFO] streaming.state_manager: [SM] Adaptive caps: p95_ms=964 buffer=25 peak=49 MAX=63 TARGET=50
2026-08-06 23:48:10+05:30 2026-08-06 18:18:10,797 [INFO] batched_stream_processor: BATCHED_DRAIN_COMPLETED session=conc-test-1-5b1256 cycles=116 elapsed=14659.6ms keep_alive=True
2026-08-06 23:48:10+05:30 2026-08-06 18:18:10,799 [INFO] streaming.state_manager: [SM] Adaptive caps: p95_ms=964 buffer=25 peak=49 MAX=63 TARGET=50
2026-08-06 23:48:10+05:30 2026-08-06 18:18:10,804 [WARNING] VideoPublisher: VIDEO_PUBLISH_GAP gapMs=341.4 targetFps=25 frameSource=live
2026-08-06 23:48:10+05:30 2026-08-06 18:18:10,812 [INFO] VideoPublisher: [VP-DIAG] First non-None frame received after 0 None ticks (~0.0s). Creating track...
2026-08-06 23:48:10+05:30 2026-08-06 18:18:10,812 [INFO] streaming.state_manager: [SM] TRANSITION_TO_IDLE -> IDLE
2026-08-06 23:48:10+05:30 2026-08-06 18:18:10,812 [INFO] VideoPublisher: [VP-DIAG] Creating video track 512x512
2026-08-06 23:48:10+05:30 2026-08-06 18:18:10,815 [INFO] VideoPublisher: [VP-DIAG] Codec=VP8 encoder=auto (AIVATAR_VIDEO_CODEC=vp8)
2026-08-06 23:48:10+05:30 2026-08-06 18:18:10,816 [INFO] VideoPublisher: [VP-DIAG] Calling publish_track()...
2026-08-06 23:48:10+05:30 2026-08-06 18:18:10,834 [INFO] livekit: livekit::room::e2ee::manager:179:livekit::room::e2ee::manager - packet_trailer not enabled for published track TR_VC7WNhtQrKfCAR from aivatar-worker-conc-test-5-b3233b
2026-08-06 23:48:10+05:30 2026-08-06 18:18:10,841 [INFO] VideoPublisher: [VP-DIAG] publish_track() completed in 25.2 ms
2026-08-06 23:48:10+05:30 2026-08-06 18:18:10,851 [INFO] livekit: livekit::rtc_engine::peer_transport:518:livekit::rtc_engine::peer_transport - Applying x-google-start-bitrate=1000 kbps (target_bps=Some(3000000))
2026-08-06 23:48:10+05:30 2026-08-06 18:18:10,862 [INFO] batched_stream_processor: [BATCHED-DIAG] {'event': 'local_track_published', 't': 0.862, 'sid': 'TR_VC7WNhtQrKfCAR', 'kind': 2}
2026-08-06 23:48:10+05:30 2026-08-06 18:18:10,862 [INFO] batched_stream_processor: IDLE_TRACK_PUBLISHED session=conc-test-5-b3233b room=conc-test-228a3525
2026-08-06 23:48:10+05:30 2026-08-06 18:18:10,895 [INFO] streaming.state_manager: [SM] TRANSITION_TO_LIVE -> LIVE
2026-08-06 23:48:11+05:30 2026-08-06 18:18:11,236 [INFO] batched_stream_processor: BATCHED_DRAIN_STARTED session=conc-test-1-5b1256 keep_alive=True
2026-08-06 23:48:11+05:30 2026-08-06 18:18:11,236 [INFO] BatchedStreamingEngine: Session conc-test-1-5b1256 marked for drain (keep_alive=True)
2026-08-06 23:48:11+05:30 2026-08-06 18:18:11.373 | INFO     | flash_head.src.pipeline.flash_head_pipeline:generate_batch:548 - [generate_batch] GPU_BREAKDOWN denoise=644.0ms decode=13.7ms color+encode=99.6ms total=758.2ms batch_size=2
2026-08-06 23:48:11+05:30 2026-08-06 18:18:11.373 | INFO     | flash_head.src.pipeline.flash_head_pipeline:generate_batch:555 - [generate_batch] DENOISE_STEPS total=644.0ms steps=[s0=171.8 s1=245.9 s2=88.7 s3=137.5] n_steps=4 batch_size=2
2026-08-06 23:48:11+05:30 [METRICS] GPU_util=59% GPU_temp=50C GPU_mem=4.2GB/95.0GB (reserved=7.1GB) RSS=15008MB CPU_user=55.0s CPU_sys=7.4s sessions=5 pool=15/15
2026-08-06 23:48:11+05:30 2026-08-06 18:18:11.902 | INFO     | flash_head.src.pipeline.flash_head_pipeline:generate_batch:548 - [generate_batch] GPU_BREAKDOWN denoise=269.7ms decode=37.5ms color+encode=128.8ms total=436.2ms batch_size=3
2026-08-06 23:48:11+05:30 2026-08-06 18:18:11.903 | INFO     | flash_head.src.pipeline.flash_head_pipeline:generate_batch:555 - [generate_batch] DENOISE_STEPS total=269.7ms steps=[s0=64.4 s1=64.5 s2=61.8 s3=79.1] n_steps=4 batch_size=3
2026-08-06 23:48:11+05:30 2026-08-06 18:18:11,980 [INFO] streaming.state_manager: [SM] IDLE -> TRANSITION_TO_LIVE (crossfade 8 frames, queue=24)
2026-08-06 23:48:12+05:30 2026-08-06 18:18:12,290 [INFO] batched_stream_processor: [BATCHED-DIAG] {'event': 'participant_connected', 't': 2.291, 'identity': 'viewer-script-conc-test-5-b3233b'}
2026-08-06 23:48:12+05:30 2026-08-06 18:18:12,301 [INFO] streaming.state_manager: [SM] TRANSITION_TO_LIVE -> LIVE
2026-08-06 23:48:12+05:30 2026-08-06 18:18:12.805 | INFO     | flash_head.src.pipeline.flash_head_pipeline:generate_batch:548 - [generate_batch] GPU_BREAKDOWN denoise=239.5ms decode=9.6ms color+encode=136.1ms total=385.4ms batch_size=3
2026-08-06 23:48:12+05:30 2026-08-06 18:18:12.805 | INFO     | flash_head.src.pipeline.flash_head_pipeline:generate_batch:555 - [generate_batch] DENOISE_STEPS total=239.5ms steps=[s0=62.8 s1=57.4 s2=69.2 s3=50.1] n_steps=4 batch_size=3
2026-08-06 23:48:13+05:30 2026-08-06 18:18:13.735 | INFO     | flash_head.src.pipeline.flash_head_pipeline:generate_batch:548 - [generate_batch] GPU_BREAKDOWN denoise=220.0ms decode=9.5ms color+encode=130.9ms total=360.8ms batch_size=3
2026-08-06 23:48:13+05:30 2026-08-06 18:18:13.736 | INFO     | flash_head.src.pipeline.flash_head_pipeline:generate_batch:555 - [generate_batch] DENOISE_STEPS total=220.0ms steps=[s0=58.8 s1=51.8 s2=49.8 s3=59.6] n_steps=4 batch_size=3
2026-08-06 23:48:14+05:30 2026-08-06 18:18:14,429 [INFO] handler: UTTERANCE_END_RECEIVED session=conc-test-4-1c8f54
2026-08-06 23:48:14+05:30 2026-08-06 18:18:14,429 [INFO] batched_stream_processor: BATCHED_DRAIN_STARTED session=conc-test-4-1c8f54 keep_alive=True
2026-08-06 23:48:14+05:30 2026-08-06 18:18:14,430 [INFO] BatchedStreamingEngine: Session conc-test-4-1c8f54 marked for drain (keep_alive=True)
2026-08-06 23:48:14+05:30 2026-08-06 18:18:14,706 [INFO] VideoPublisher: VIDEO_PUBLISH_METRICS session=conc-test-1-5b1256 windowMs=5031 frames=126 effectiveFps=25.0 liveFrames=62 repeatedLiveFrames=12 idleFrames=52 desyncPct=50.8 maxGapMs=359.9 maxCaptureMs=1.1
2026-08-06 23:48:14+05:30 2026-08-06 18:18:14.760 | INFO     | flash_head.src.pipeline.flash_head_pipeline:generate_batch:548 - [generate_batch] GPU_BREAKDOWN denoise=263.6ms decode=9.8ms color+encode=137.2ms total=410.8ms batch_size=3
2026-08-06 23:48:14+05:30 2026-08-06 18:18:14.760 | INFO     | flash_head.src.pipeline.flash_head_pipeline:generate_batch:555 - [generate_batch] DENOISE_STEPS total=263.6ms steps=[s0=74.9 s1=61.4 s2=70.8 s3=56.5] n_steps=4 batch_size=3
2026-08-06 23:48:14+05:30 2026-08-06 18:18:14,861 [INFO] VideoPublisher: VIDEO_PUBLISH_METRICS session=conc-test-3-096ecf windowMs=5038 frames=126 effectiveFps=25.0 liveFrames=108 repeatedLiveFrames=18 idleFrames=0 desyncPct=14.3 maxGapMs=341.4 maxCaptureMs=1.1
2026-08-06 23:48:15+05:30 2026-08-06 18:18:15,109 [INFO] batched_stream_processor: [BATCHED-DIAG] {'event': 'quality_changed', 't': 5.11, 'participant': 'aivatar-worker-conc-test-5-b3233b', 'quality': '2'}
2026-08-06 23:48:15+05:30 2026-08-06 18:18:15,431 [INFO] VideoPublisher: VIDEO_PUBLISH_METRICS session=conc-test-4-1c8f54 windowMs=5000 frames=125 effectiveFps=25.0 liveFrames=120 repeatedLiveFrames=0 idleFrames=5 desyncPct=4.0 maxGapMs=359.6 maxCaptureMs=2.0
2026-08-06 23:48:15+05:30 2026-08-06 18:18:15.691 | INFO     | flash_head.src.pipeline.flash_head_pipeline:generate_batch:548 - [generate_batch] GPU_BREAKDOWN denoise=239.3ms decode=12.6ms color+encode=135.0ms total=387.0ms batch_size=3
2026-08-06 23:48:15+05:30 2026-08-06 18:18:15.691 | INFO     | flash_head.src.pipeline.flash_head_pipeline:generate_batch:555 - [generate_batch] DENOISE_STEPS total=239.3ms steps=[s0=68.2 s1=63.8 s2=53.1 s3=54.1] n_steps=4 batch_size=3
2026-08-06 23:48:15+05:30 2026-08-06 18:18:15,803 [INFO] VideoPublisher: VIDEO_PUBLISH_METRICS session=conc-test-5-b3233b windowMs=5006 frames=126 effectiveFps=25.2 liveFrames=0 repeatedLiveFrames=0 idleFrames=126 desyncPct=100.0 maxGapMs=52.0 maxCaptureMs=1.7
2026-08-06 23:48:15+05:30 2026-08-06 18:18:15,928 [INFO] aiohttp.access: 172.20.4.71 [06/Aug/2026:18:18:15 +0000] "POST /room/claim HTTP/1.1" 200 238 "-" "Python/3.14 aiohttp/3.14.1"
2026-08-06 23:48:15+05:30 2026-08-06 18:18:15,969 [INFO] handler: UTTERANCE_END_RECEIVED session=conc-test-1-5b1256
2026-08-06 23:48:15+05:30    POST /room/claim -> 200 OK  (duration: 65.8 ms, execution: 29.2 ms)
2026-08-06 23:48:16+05:30 2026-08-06 18:18:16.686 | INFO     | flash_head.src.pipeline.flash_head_pipeline:generate_batch:548 - [generate_batch] GPU_BREAKDOWN denoise=266.6ms decode=7.8ms color+encode=151.5ms total=426.1ms batch_size=3
2026-08-06 23:48:16+05:30 2026-08-06 18:18:16.686 | INFO     | flash_head.src.pipeline.flash_head_pipeline:generate_batch:555 - [generate_batch] DENOISE_STEPS total=266.6ms steps=[s0=67.9 s1=81.6 s2=60.7 s3=56.5] n_steps=4 batch_size=3
2026-08-06 23:48:16+05:30 [METRICS] GPU_util=86% GPU_temp=53C GPU_mem=4.4GB/95.0GB (reserved=9.1GB) RSS=15008MB CPU_user=65.4s CPU_sys=7.8s sessions=5 pool=15/15
2026-08-06 23:48:17+05:30 2026-08-06 18:18:17,395 [INFO] handler: UTTERANCE_END_RECEIVED session=conc-test-3-096ecf
2026-08-06 23:48:17+05:30 2026-08-06 18:18:17,531 [INFO] handler: [pod_session_start] Received session=conc-test-6-84b924 room=conc-test-75515f7a ingestion=websocket hasIdleAsset=False
2026-08-06 23:48:17+05:30 2026-08-06 18:18:17,531 [INFO] streaming.websocket_server: Registered WebSocket session: conc-test-6-84b924
2026-08-06 23:48:17+05:30 2026-08-06 18:18:17,532 [INFO] aiohttp.access: 172.20.4.71 [06/Aug/2026:18:18:17 +0000] "POST /sessions/start HTTP/1.1" 202 271 "-" "Python/3.14 aiohttp/3.14.1"
2026-08-06 23:48:17+05:30 2026-08-06 18:18:17,532 [INFO] handler: [handler] prewarm_pool.release() took 0.0ms for room conc-test-75515f7a
2026-08-06 23:48:17+05:30 2026-08-06 18:18:17,533 [INFO] batched_stream_processor: [BATCHED-DIAG] threading context: thread_id=47112760895168 thread_name=modal-aiohttp-server event_loop_id=47112755393840
2026-08-06 23:48:17+05:30 2026-08-06 18:18:17,533 [INFO] batched_stream_processor: Connecting to LiveKit room=conc-test-75515f7a url=wss://ai-14ksodzi.livekit.cloud session=conc-test-6-84b924
2026-08-06 23:48:17+05:30 2026-08-06 18:18:17,533 [INFO] batched_stream_processor: [BATCHED-DIAG] room.connect() attempt 1/3 | url=wss://ai-14ksodzi.livekit.cloud
2026-08-06 23:48:17+05:30 2026-08-06 18:18:17,581 [INFO] livekit: livekit_api::signal_client::signal_stream:53:livekit_api::signal_client::signal_stream - connecting to wss://ai-14ksodzi.livekit.cloud/rtc/v1
2026-08-06 23:48:17+05:30 2026-08-06 18:18:17.607 | INFO     | flash_head.src.pipeline.flash_head_pipeline:generate_batch:548 - [generate_batch] GPU_BREAKDOWN denoise=217.8ms decode=9.1ms color+encode=160.9ms total=387.9ms batch_size=3
2026-08-06 23:48:17+05:30 2026-08-06 18:18:17.608 | INFO     | flash_head.src.pipeline.flash_head_pipeline:generate_batch:555 - [generate_batch] DENOISE_STEPS total=217.8ms steps=[s0=56.9 s1=56.9 s2=55.2 s3=48.9] n_steps=4 batch_size=3
2026-08-06 23:48:17+05:30    POST /sessions/start -> 202 Accepted  (duration: 82.3 ms, execution: 45.7 ms)
2026-08-06 23:48:18+05:30 2026-08-06 18:18:18,342 [INFO] aiohttp.access: 172.20.4.71 [06/Aug/2026:18:18:18 +0000] "POST /room/claim HTTP/1.1" 200 238 "-" "Python/3.14 aiohttp/3.14.1"
2026-08-06 23:48:18+05:30    POST /room/claim -> 200 OK  (duration: 71.2 ms, execution: 37.9 ms)
2026-08-06 23:48:18+05:30 2026-08-06 18:18:18,455 [INFO] handler: WS_REQUEST_RECEIVED session=conc-test-5-b3233b origin= ip=172.20.4.71
2026-08-06 23:48:18+05:30 2026-08-06 18:18:18,455 [INFO] handler: WS_CONNECT session=conc-test-5-b3233b origin= ip=172.20.4.71 handlerMs=0.4
2026-08-06 23:48:18+05:30 2026-08-06 18:18:18.580 | INFO     | flash_head.src.pipeline.flash_head_pipeline:generate_batch:548 - [generate_batch] GPU_BREAKDOWN denoise=253.6ms decode=17.1ms color+encode=130.2ms total=401.0ms batch_size=3
2026-08-06 23:48:18+05:30 2026-08-06 18:18:18.580 | INFO     | flash_head.src.pipeline.flash_head_pipeline:generate_batch:555 - [generate_batch] DENOISE_STEPS total=253.6ms steps=[s0=56.7 s1=50.2 s2=96.6 s3=50.0] n_steps=4 batch_size=3
2026-08-06 23:48:18+05:30 2026-08-06 18:18:18,648 [INFO] BatchedStreamingEngine: cycle=30 batch=3 sessions=['conc-test-1-5b1256', 'conc-test-3-096ecf', 'conc-test-4-1c8f54'] embed=43.5ms infer=401.4ms xfer=68.2ms total=518.6ms
2026-08-06 23:48:19+05:30 2026-08-06 18:18:19.564 | INFO     | flash_head.src.pipeline.flash_head_pipeline:generate_batch:548 - [generate_batch] GPU_BREAKDOWN denoise=256.4ms decode=7.4ms color+encode=146.1ms total=410.1ms batch_size=3
2026-08-06 23:48:19+05:30 2026-08-06 18:18:19.564 | INFO     | flash_head.src.pipeline.flash_head_pipeline:generate_batch:555 - [generate_batch] DENOISE_STEPS total=256.4ms steps=[s0=65.9 s1=64.9 s2=74.7 s3=50.8] n_steps=4 batch_size=3
2026-08-06 23:48:19+05:30 2026-08-06 18:18:19,621 [INFO] streaming.state_manager: [SM] Adaptive caps: p95_ms=986 buffer=25 peak=49 MAX=63 TARGET=50
2026-08-06 23:48:19+05:30 2026-08-06 18:18:19,709 [INFO] VideoPublisher: VIDEO_PUBLISH_METRICS session=conc-test-1-5b1256 windowMs=5003 frames=125 effectiveFps=25.0 liveFrames=125 repeatedLiveFrames=0 idleFrames=0 desyncPct=0.0 maxGapMs=60.3 maxCaptureMs=2.3
2026-08-06 23:48:19+05:30 2026-08-06 18:18:19,900 [INFO] VideoPublisher: VIDEO_PUBLISH_METRICS session=conc-test-3-096ecf windowMs=5039 frames=126 effectiveFps=25.0 liveFrames=126 repeatedLiveFrames=0 idleFrames=0 desyncPct=0.0 maxGapMs=54.5 maxCaptureMs=1.3
2026-08-06 23:48:19+05:30 2026-08-06 18:18:19.937 | INFO     | flash_head.src.pipeline.flash_head_pipeline:generate_batch:548 - [generate_batch] GPU_BREAKDOWN denoise=230.1ms decode=13.9ms color+encode=43.5ms total=287.6ms batch_size=1
2026-08-06 23:48:19+05:30 2026-08-06 18:18:19.937 | INFO     | flash_head.src.pipeline.flash_head_pipeline:generate_batch:555 - [generate_batch] DENOISE_STEPS total=230.1ms steps=[s0=67.6 s1=51.9 s2=63.9 s3=46.6] n_steps=4 batch_size=1
2026-08-06 23:48:19+05:30 2026-08-06 18:18:19,959 [INFO] AudioPublisher: [AP-DIAG] Calling publish_track()...
2026-08-06 23:48:19+05:30 2026-08-06 18:18:19,960 [INFO] streaming.state_manager: [SM] IDLE -> TRANSITION_TO_LIVE (crossfade 8 frames, queue=24)
2026-08-06 23:48:19+05:30 2026-08-06 18:18:19,972 [INFO] AudioPublisher: [AP-DIAG] publish_track() completed in 12.4 ms (16000 Hz, 1 ch)
2026-08-06 23:48:19+05:30 2026-08-06 18:18:19,978 [INFO] batched_stream_processor: [BATCHED-DIAG] {'event': 'local_track_published', 't': 9.978, 'sid': 'TR_AMHY9zE9eoYVzy', 'kind': 1}
2026-08-06 23:48:19+05:30 2026-08-06 18:18:19,984 [INFO] livekit: livekit::rtc_engine::peer_transport:518:livekit::rtc_engine::peer_transport - Applying x-google-start-bitrate=1000 kbps (target_bps=Some(3000000))
2026-08-06 23:48:20+05:30 2026-08-06 18:18:20,015 [INFO] handler: [pod_session_start] Received session=conc-test-7-1a5f06 room=conc-test-9d45dd19 ingestion=websocket hasIdleAsset=False
2026-08-06 23:48:20+05:30 2026-08-06 18:18:20,015 [INFO] streaming.websocket_server: Registered WebSocket session: conc-test-7-1a5f06
2026-08-06 23:48:20+05:30 2026-08-06 18:18:20,016 [INFO] aiohttp.access: 172.20.4.71 [06/Aug/2026:18:18:20 +0000] "POST /sessions/start HTTP/1.1" 202 271 "-" "Python/3.14 aiohttp/3.14.1"
2026-08-06 23:48:20+05:30 2026-08-06 18:18:20,017 [INFO] handler: [handler] prewarm_pool.release() took 0.0ms for room conc-test-9d45dd19
2026-08-06 23:48:20+05:30 2026-08-06 18:18:20,017 [INFO] batched_stream_processor: [BATCHED-DIAG] threading context: thread_id=47112760895168 thread_name=modal-aiohttp-server event_loop_id=47112755393840
2026-08-06 23:48:20+05:30 2026-08-06 18:18:20,018 [INFO] batched_stream_processor: Connecting to LiveKit room=conc-test-9d45dd19 url=wss://ai-14ksodzi.livekit.cloud session=conc-test-7-1a5f06
2026-08-06 23:48:20+05:30 2026-08-06 18:18:20,018 [INFO] batched_stream_processor: [BATCHED-DIAG] room.connect() attempt 1/3 | url=wss://ai-14ksodzi.livekit.cloud
2026-08-06 23:48:20+05:30    POST /sessions/start -> 202 Accepted  (duration: 132.3 ms, execution: 82.9 ms)
2026-08-06 23:48:20+05:30 2026-08-06 18:18:20,193 [INFO] livekit: livekit_api::signal_client::signal_stream:53:livekit_api::signal_client::signal_stream - connecting to wss://ai-14ksodzi.livekit.cloud/rtc/v1
2026-08-06 23:48:20+05:30 2026-08-06 18:18:20,281 [INFO] streaming.state_manager: [SM] TRANSITION_TO_LIVE -> LIVE
2026-08-06 23:48:20+05:30 2026-08-06 18:18:20,470 [INFO] VideoPublisher: VIDEO_PUBLISH_METRICS session=conc-test-4-1c8f54 windowMs=5039 frames=126 effectiveFps=25.0 liveFrames=126 repeatedLiveFrames=0 idleFrames=0 desyncPct=0.0 maxGapMs=58.0 maxCaptureMs=1.0
2026-08-06 23:48:20+05:30 2026-08-06 18:18:20,805 [INFO] VideoPublisher: VIDEO_PUBLISH_METRICS session=conc-test-5-b3233b windowMs=5002 frames=125 effectiveFps=25.0 liveFrames=14 repeatedLiveFrames=0 idleFrames=111 desyncPct=88.8 maxGapMs=53.3 maxCaptureMs=1.8
2026-08-06 23:48:21+05:30 2026-08-06 18:18:21.153 | INFO     | flash_head.src.pipeline.flash_head_pipeline:generate_batch:548 - [generate_batch] GPU_BREAKDOWN denoise=499.8ms decode=27.0ms color+encode=191.5ms total=719.9ms batch_size=4
2026-08-06 23:48:21+05:30 2026-08-06 18:18:21.153 | INFO     | flash_head.src.pipeline.flash_head_pipeline:generate_batch:555 - [generate_batch] DENOISE_STEPS total=499.8ms steps=[s0=286.7 s1=64.2 s2=74.3 s3=74.6] n_steps=4 batch_size=4
2026-08-06 23:48:21+05:30 2026-08-06 18:18:21,224 [INFO] BatchedStreamingEngine: Session conc-test-3-096ecf reactivated (keep_alive)
2026-08-06 23:48:21+05:30 2026-08-06 18:18:21.721 | INFO     | flash_head.src.pipeline.flash_head_pipeline:generate_batch:548 - [generate_batch] GPU_BREAKDOWN denoise=284.7ms decode=12.5ms color+encode=142.8ms total=440.1ms batch_size=3
2026-08-06 23:48:21+05:30 2026-08-06 18:18:21.721 | INFO     | flash_head.src.pipeline.flash_head_pipeline:generate_batch:555 - [generate_batch] DENOISE_STEPS total=284.7ms steps=[s0=84.6 s1=68.5 s2=52.4 s3=79.2] n_steps=4 batch_size=3
2026-08-06 23:48:21+05:30 [METRICS] GPU_util=95% GPU_temp=55C GPU_mem=4.4GB/95.0GB (reserved=10.2GB) RSS=15008MB CPU_user=76.5s CPU_sys=8.5s sessions=7 pool=15/15
2026-08-06 23:48:22+05:30 2026-08-06 18:18:22,662 [INFO] streaming.state_manager: [SM] LIVE -> TRANSITION_TO_IDLE (crossfade 8 frames)
2026-08-06 23:48:22+05:30 2026-08-06 18:18:22.672 | INFO     | flash_head.src.pipeline.flash_head_pipeline:generate_batch:548 - [generate_batch] GPU_BREAKDOWN denoise=278.4ms decode=10.5ms color+encode=145.5ms total=434.6ms batch_size=3
2026-08-06 23:48:22+05:30 2026-08-06 18:18:22.673 | INFO     | flash_head.src.pipeline.flash_head_pipeline:generate_batch:555 - [generate_batch] DENOISE_STEPS total=278.4ms steps=[s0=84.1 s1=78.5 s2=47.0 s3=68.8] n_steps=4 batch_size=3
2026-08-06 23:48:22+05:30 2026-08-06 18:18:22,976 [INFO] streaming.state_manager: [SM] TRANSITION_TO_IDLE -> IDLE
2026-08-06 23:48:23+05:30 2026-08-06 18:18:23,136 [INFO] batched_stream_processor: BATCHED_DRAIN_COMPLETED session=conc-test-3-096ecf cycles=124 elapsed=14921.6ms keep_alive=True
2026-08-06 23:48:23+05:30 2026-08-06 18:18:23,350 [INFO] batched_stream_processor: BATCHED_DRAIN_STARTED session=conc-test-3-096ecf keep_alive=True
2026-08-06 23:48:23+05:30 2026-08-06 18:18:23,350 [INFO] BatchedStreamingEngine: Session conc-test-3-096ecf marked for drain (keep_alive=True)
2026-08-06 23:48:23+05:30 2026-08-06 18:18:23.690 | INFO     | flash_head.src.pipeline.flash_head_pipeline:generate_batch:548 - [generate_batch] GPU_BREAKDOWN denoise=319.6ms decode=15.2ms color+encode=133.2ms total=468.1ms batch_size=3
2026-08-06 23:48:23+05:30 2026-08-06 18:18:23.691 | INFO     | flash_head.src.pipeline.flash_head_pipeline:generate_batch:555 - [generate_batch] DENOISE_STEPS total=319.6ms steps=[s0=150.1 s1=58.3 s2=50.6 s3=60.6] n_steps=4 batch_size=3
2026-08-06 23:48:24+05:30 2026-08-06 18:18:24.038 | INFO     | flash_head.src.pipeline.flash_head_pipeline:generate_batch:548 - [generate_batch] GPU_BREAKDOWN denoise=213.3ms decode=9.9ms color+encode=43.2ms total=266.5ms batch_size=1
2026-08-06 23:48:24+05:30 2026-08-06 18:18:24.039 | INFO     | flash_head.src.pipeline.flash_head_pipeline:generate_batch:555 - [generate_batch] DENOISE_STEPS total=213.3ms steps=[s0=61.1 s1=49.1 s2=47.0 s3=56.0] n_steps=4 batch_size=1
2026-08-06 23:48:24+05:30 2026-08-06 18:18:24,096 [INFO] streaming.state_manager: [SM] IDLE -> TRANSITION_TO_LIVE (crossfade 8 frames, queue=24)
2026-08-06 23:48:24+05:30 2026-08-06 18:18:24,416 [INFO] streaming.state_manager: [SM] TRANSITION_TO_LIVE -> LIVE
2026-08-06 23:48:24+05:30 2026-08-06 18:18:24,629 [WARNING] livekit: livekit::rtc_engine:529:livekit::rtc_engine - failed to connect: Connection("wait_pc_connection timed out"), retrying... (2/3)
2026-08-06 23:48:24+05:30 2026-08-06 18:18:24,667 [INFO] livekit: livekit_api::signal_client::signal_stream:53:livekit_api::signal_client::signal_stream - connecting to wss://ai-14ksodzi.livekit.cloud/rtc/v1
2026-08-06 23:48:24+05:30 2026-08-06 18:18:24.677 | INFO     | flash_head.src.pipeline.flash_head_pipeline:generate_batch:548 - [generate_batch] GPU_BREAKDOWN denoise=277.2ms decode=9.5ms color+encode=234.3ms total=521.3ms batch_size=4
2026-08-06 23:48:24+05:30 2026-08-06 18:18:24.677 | INFO     | flash_head.src.pipeline.flash_head_pipeline:generate_batch:555 - [generate_batch] DENOISE_STEPS total=277.2ms steps=[s0=56.5 s1=70.2 s2=71.7 s3=78.8] n_steps=4 batch_size=4
2026-08-06 23:48:24+05:30 2026-08-06 18:18:24,755 [INFO] VideoPublisher: VIDEO_PUBLISH_METRICS session=conc-test-1-5b1256 windowMs=5045 frames=126 effectiveFps=25.0 liveFrames=119 repeatedLiveFrames=7 idleFrames=0 desyncPct=5.6 maxGapMs=51.0 maxCaptureMs=2.1
2026-08-06 23:48:24+05:30 2026-08-06 18:18:24,940 [INFO] VideoPublisher: VIDEO_PUBLISH_METRICS session=conc-test-3-096ecf windowMs=5040 frames=126 effectiveFps=25.0 liveFrames=65 repeatedLiveFrames=17 idleFrames=44 desyncPct=48.4 maxGapMs=49.9 maxCaptureMs=6.0
2026-08-06 23:48:25+05:30 2026-08-06 18:18:25,501 [INFO] VideoPublisher: VIDEO_PUBLISH_METRICS session=conc-test-4-1c8f54 windowMs=5031 frames=126 effectiveFps=25.0 liveFrames=125 repeatedLiveFrames=1 idleFrames=0 desyncPct=0.8 maxGapMs=46.6 maxCaptureMs=1.5
2026-08-06 23:48:25+05:30 2026-08-06 18:18:25.632 | INFO     | flash_head.src.pipeline.flash_head_pipeline:generate_batch:548 - [generate_batch] GPU_BREAKDOWN denoise=277.6ms decode=16.3ms color+encode=204.0ms total=498.0ms batch_size=4
2026-08-06 23:48:25+05:30 2026-08-06 18:18:25.632 | INFO     | flash_head.src.pipeline.flash_head_pipeline:generate_batch:555 - [generate_batch] DENOISE_STEPS total=277.6ms steps=[s0=63.1 s1=69.7 s2=73.8 s3=71.0] n_steps=4 batch_size=4
2026-08-06 23:48:25+05:30 2026-08-06 18:18:25,726 [INFO] BatchedStreamingEngine: Session conc-test-4-1c8f54 reactivated (keep_alive)
2026-08-06 23:48:25+05:30 2026-08-06 18:18:25,844 [INFO] VideoPublisher: VIDEO_PUBLISH_METRICS session=conc-test-5-b3233b windowMs=5038 frames=126 effectiveFps=25.0 liveFrames=126 repeatedLiveFrames=0 idleFrames=0 desyncPct=0.0 maxGapMs=48.9 maxCaptureMs=7.4
2026-08-06 23:48:26+05:30 2026-08-06 18:18:26.436 | INFO     | flash_head.src.pipeline.flash_head_pipeline:generate_batch:548 - [generate_batch] GPU_BREAKDOWN denoise=204.4ms decode=8.9ms color+encode=148.1ms total=361.5ms batch_size=3
2026-08-06 23:48:26+05:30 2026-08-06 18:18:26.436 | INFO     | flash_head.src.pipeline.flash_head_pipeline:generate_batch:555 - [generate_batch] DENOISE_STEPS total=204.4ms steps=[s0=52.5 s1=47.5 s2=53.2 s3=51.2] n_steps=4 batch_size=3
2026-08-06 23:48:26+05:30 2026-08-06 18:18:26,506 [INFO] BatchedStreamingEngine: cycle=40 batch=3 sessions=['conc-test-5-b3233b', 'conc-test-1-5b1256', 'conc-test-3-096ecf'] embed=44.2ms infer=362.0ms xfer=70.2ms total=481.6ms
2026-08-06 23:48:26+05:30 [METRICS] GPU_util=0% GPU_temp=48C GPU_mem=4.1GB/95.0GB (reserved=10.2GB) RSS=15008MB CPU_user=87.6s CPU_sys=9.2s sessions=7 pool=15/15
2026-08-06 23:48:27+05:30 2026-08-06 18:18:27,164 [INFO] handler: UTTERANCE_END_RECEIVED session=conc-test-4-1c8f54
2026-08-06 23:48:27+05:30 2026-08-06 18:18:27,312 [INFO] handler: UTTERANCE_END_RECEIVED session=conc-test-5-b3233b
2026-08-06 23:48:27+05:30 2026-08-06 18:18:27,314 [INFO] batched_stream_processor: BATCHED_DRAIN_STARTED session=conc-test-5-b3233b keep_alive=True
2026-08-06 23:48:27+05:30 2026-08-06 18:18:27,314 [INFO] BatchedStreamingEngine: Session conc-test-5-b3233b marked for drain (keep_alive=True)
2026-08-06 23:48:27+05:30 2026-08-06 18:18:27,453 [INFO] handler: UTTERANCE_END_RECEIVED session=conc-test-1-5b1256
2026-08-06 23:48:27+05:30 2026-08-06 18:18:27,456 [INFO] aiohttp.access: 172.20.4.71 [06/Aug/2026:18:18:27 +0000] "POST /room/claim HTTP/1.1" 200 238 "-" "Python/3.14 aiohttp/3.14.1"
2026-08-06 23:48:27+05:30 2026-08-06 18:18:27,505 [INFO] streaming.state_manager: [SM] LIVE -> TRANSITION_TO_IDLE (crossfade 8 frames)
2026-08-06 23:48:27+05:30    POST /room/claim -> 200 OK  (duration: 72.0 ms, execution: 34.3 ms)
2026-08-06 23:48:27+05:30 2026-08-06 18:18:27.643 | INFO     | flash_head.src.pipeline.flash_head_pipeline:generate_batch:548 - [generate_batch] GPU_BREAKDOWN denoise=307.9ms decode=13.9ms color+encode=129.5ms total=452.1ms batch_size=3
2026-08-06 23:48:27+05:30 2026-08-06 18:18:27.643 | INFO     | flash_head.src.pipeline.flash_head_pipeline:generate_batch:555 - [generate_batch] DENOISE_STEPS total=307.9ms steps=[s0=115.9 s1=59.0 s2=46.0 s3=87.0] n_steps=4 batch_size=3
2026-08-06 23:48:27+05:30 2026-08-06 18:18:27,716 [INFO] BatchedStreamingEngine: Session conc-test-1-5b1256 reactivated (keep_alive)
2026-08-06 23:48:27+05:30 2026-08-06 18:18:27,821 [INFO] streaming.state_manager: [SM] TRANSITION_TO_IDLE -> IDLE
2026-08-06 23:48:27+05:30 2026-08-06 18:18:27,987 [INFO] batched_stream_processor: BATCHED_DRAIN_COMPLETED session=conc-test-4-1c8f54 cycles=111 elapsed=13557.9ms keep_alive=True
2026-08-06 23:48:28+05:30 2026-08-06 18:18:28,096 [INFO] batched_stream_processor: BATCHED_DRAIN_STARTED session=conc-test-4-1c8f54 keep_alive=True
2026-08-06 23:48:28+05:30 2026-08-06 18:18:28,097 [INFO] BatchedStreamingEngine: Session conc-test-4-1c8f54 marked for drain (keep_alive=True)
2026-08-06 23:48:28+05:30 2026-08-06 18:18:28.395 | INFO     | flash_head.src.pipeline.flash_head_pipeline:generate_batch:548 - [generate_batch] GPU_BREAKDOWN denoise=307.6ms decode=12.4ms color+encode=89.3ms total=409.5ms batch_size=2
2026-08-06 23:48:28+05:30 2026-08-06 18:18:28.395 | INFO     | flash_head.src.pipeline.flash_head_pipeline:generate_batch:555 - [generate_batch] DENOISE_STEPS total=307.6ms steps=[s0=141.1 s1=51.3 s2=58.8 s3=56.5] n_steps=4 batch_size=2
2026-08-06 23:48:28+05:30 2026-08-06 18:18:28.712 | INFO     | flash_head.src.pipeline.flash_head_pipeline:generate_batch:548 - [generate_batch] GPU_BREAKDOWN denoise=207.0ms decode=8.2ms color+encode=48.2ms total=263.5ms batch_size=1
2026-08-06 23:48:28+05:30 2026-08-06 18:18:28.712 | INFO     | flash_head.src.pipeline.flash_head_pipeline:generate_batch:555 - [generate_batch] DENOISE_STEPS total=207.0ms steps=[s0=62.1 s1=45.2 s2=50.1 s3=49.7] n_steps=4 batch_size=1
2026-08-06 23:48:28+05:30 2026-08-06 18:18:28,741 [INFO] streaming.state_manager: [SM] IDLE -> TRANSITION_TO_LIVE (crossfade 8 frames, queue=24)
2026-08-06 23:48:28+05:30 2026-08-06 18:18:28,853 [INFO] handler: [pod_session_start] Received session=conc-test-8-bba722 room=conc-test-84cfb73b ingestion=websocket hasIdleAsset=False
2026-08-06 23:48:28+05:30 2026-08-06 18:18:28,853 [INFO] streaming.websocket_server: Registered WebSocket session: conc-test-8-bba722
2026-08-06 23:48:28+05:30 2026-08-06 18:18:28,853 [INFO] aiohttp.access: 172.20.4.71 [06/Aug/2026:18:18:28 +0000] "POST /sessions/start HTTP/1.1" 202 271 "-" "Python/3.14 aiohttp/3.14.1"
2026-08-06 23:48:28+05:30 2026-08-06 18:18:28,853 [INFO] handler: [handler] prewarm_pool.release() took 0.0ms for room conc-test-84cfb73b
2026-08-06 23:48:28+05:30 2026-08-06 18:18:28,854 [INFO] batched_stream_processor: [BATCHED-DIAG] threading context: thread_id=47112760895168 thread_name=modal-aiohttp-server event_loop_id=47112755393840
2026-08-06 23:48:28+05:30 2026-08-06 18:18:28,854 [INFO] batched_stream_processor: Connecting to LiveKit room=conc-test-84cfb73b url=wss://ai-14ksodzi.livekit.cloud session=conc-test-8-bba722
2026-08-06 23:48:28+05:30 2026-08-06 18:18:28,854 [INFO] batched_stream_processor: [BATCHED-DIAG] room.connect() attempt 1/3 | url=wss://ai-14ksodzi.livekit.cloud
2026-08-06 23:48:28+05:30 2026-08-06 18:18:28,897 [INFO] livekit: livekit_api::signal_client::signal_stream:53:livekit_api::signal_client::signal_stream - connecting to wss://ai-14ksodzi.livekit.cloud/rtc/v1
2026-08-06 23:48:28+05:30    POST /sessions/start -> 202 Accepted  (duration: 64.7 ms, execution: 29.6 ms)
2026-08-06 23:48:29+05:30 2026-08-06 18:18:29,061 [INFO] streaming.state_manager: [SM] TRANSITION_TO_LIVE -> LIVE
2026-08-06 23:48:29+05:30 2026-08-06 18:18:29,150 [INFO] batched_stream_processor: Connected to LiveKit room=conc-test-84cfb73b (attempt 1, 295.9 ms). events=0
2026-08-06 23:48:29+05:30 2026-08-06 18:18:29,163 [INFO] batched_stream_processor: [BATCHED-DIAG] {'event': 'connection_state_changed', 't': 0.309, 'state': '1'}
2026-08-06 23:48:29+05:30 2026-08-06 18:18:29,288 [INFO] batched_stream_processor: IDLE_FALLBACK_PUBLISHED session=conc-test-8-bba722
2026-08-06 23:48:29+05:30 2026-08-06 18:18:29,288 [INFO] batched_stream_processor: Registering session conc-test-8-bba722 with BatchedStreamingEngine
2026-08-06 23:48:29+05:30 2026-08-06 18:18:29,289 [INFO] BatchedStreamingEngine: Session conc-test-8-bba722 added (total=5)
2026-08-06 23:48:29+05:30 2026-08-06 18:18:29,560 [INFO] batched_stream_processor: Session conc-test-8-bba722 registered with engine in 271.8 ms (avatar prepared)
2026-08-06 23:48:29+05:30 2026-08-06 18:18:29,561 [INFO] streaming.state_manager: [SM] Adaptive caps: p95_ms=1099 buffer=28 peak=52 MAX=67 TARGET=53
2026-08-06 23:48:29+05:30 2026-08-06 18:18:29,563 [INFO] streaming.state_manager: [SM] Adaptive caps: p95_ms=1099 buffer=28 peak=52 MAX=67 TARGET=53
2026-08-06 23:48:29+05:30 2026-08-06 18:18:29,566 [WARNING] VideoPublisher: VIDEO_PUBLISH_GAP gapMs=265.5 targetFps=25 frameSource=live
2026-08-06 23:48:29+05:30 2026-08-06 18:18:29,569 [INFO] streaming.state_manager: [SM] LIVE -> TRANSITION_TO_IDLE (crossfade 8 frames)
2026-08-06 23:48:29+05:30 2026-08-06 18:18:29,571 [WARNING] VideoPublisher: VIDEO_PUBLISH_GAP gapMs=263.2 targetFps=25 frameSource=live
2026-08-06 23:48:29+05:30 2026-08-06 18:18:29,575 [WARNING] VideoPublisher: VIDEO_PUBLISH_GAP gapMs=251.6 targetFps=25 frameSource=live
2026-08-06 23:48:29+05:30 2026-08-06 18:18:29,575 [INFO] VideoPublisher: [VP-DIAG] First non-None frame received after 0 None ticks (~0.0s). Creating track...
2026-08-06 23:48:29+05:30 2026-08-06 18:18:29,576 [INFO] VideoPublisher: [VP-DIAG] Creating video track 512x512
2026-08-06 23:48:29+05:30 2026-08-06 18:18:29,577 [INFO] VideoPublisher: [VP-DIAG] Codec=VP8 encoder=auto (AIVATAR_VIDEO_CODEC=vp8)
2026-08-06 23:48:29+05:30 2026-08-06 18:18:29,577 [INFO] VideoPublisher: [VP-DIAG] Calling publish_track()...
2026-08-06 23:48:29+05:30 2026-08-06 18:18:29,588 [WARNING] VideoPublisher: VIDEO_PUBLISH_GAP gapMs=275.6 targetFps=25 frameSource=transition_to_idle
2026-08-06 23:48:29+05:30 2026-08-06 18:18:29,591 [INFO] livekit: livekit::room::e2ee::manager:179:livekit::room::e2ee::manager - packet_trailer not enabled for published track TR_VCgrhCEpvdEdLV from aivatar-worker-conc-test-8-bba722
2026-08-06 23:48:29+05:30 2026-08-06 18:18:29,601 [INFO] VideoPublisher: [VP-DIAG] publish_track() completed in 23.1 ms
2026-08-06 23:48:29+05:30 2026-08-06 18:18:29,604 [INFO] livekit: livekit::rtc_engine::peer_transport:518:livekit::rtc_engine::peer_transport - Applying x-google-start-bitrate=1000 kbps (target_bps=Some(3000000))
2026-08-06 23:48:29+05:30 2026-08-06 18:18:29,615 [INFO] batched_stream_processor: [BATCHED-DIAG] {'event': 'local_track_published', 't': 0.761, 'sid': 'TR_VCgrhCEpvdEdLV', 'kind': 2}
2026-08-06 23:48:29+05:30 2026-08-06 18:18:29,616 [INFO] batched_stream_processor: IDLE_TRACK_PUBLISHED session=conc-test-8-bba722 room=conc-test-84cfb73b
2026-08-06 23:48:29+05:30 2026-08-06 18:18:29,732 [INFO] streaming.state_manager: [SM] TRANSITION_TO_IDLE -> IDLE
2026-08-06 23:48:29+05:30 2026-08-06 18:18:29,763 [INFO] VideoPublisher: VIDEO_PUBLISH_METRICS session=conc-test-1-5b1256 windowMs=5007 frames=124 effectiveFps=24.8 liveFrames=103 repeatedLiveFrames=11 idleFrames=10 desyncPct=16.9 maxGapMs=275.6 maxCaptureMs=0.9
2026-08-06 23:48:29+05:30 2026-08-06 18:18:29,819 [INFO] streaming.state_manager: [SM] Adaptive caps: p95_ms=1099 buffer=28 peak=52 MAX=67 TARGET=53
2026-08-06 23:48:29+05:30 2026-08-06 18:18:29,834 [INFO] batched_stream_processor: BATCHED_DRAIN_COMPLETED session=conc-test-1-5b1256 cycles=161 elapsed=18598.1ms keep_alive=True
2026-08-06 23:48:29+05:30 2026-08-06 18:18:29,979 [INFO] VideoPublisher: VIDEO_PUBLISH_METRICS session=conc-test-3-096ecf windowMs=5039 frames=126 effectiveFps=25.0 liveFrames=126 repeatedLiveFrames=0 idleFrames=0 desyncPct=0.0 maxGapMs=265.5 maxCaptureMs=1.3
2026-08-06 23:48:30+05:30 2026-08-06 18:18:30,015 [INFO] batched_stream_processor: BATCHED_DRAIN_STARTED session=conc-test-1-5b1256 keep_alive=True
2026-08-06 23:48:30+05:30 2026-08-06 18:18:30,016 [INFO] BatchedStreamingEngine: Session conc-test-1-5b1256 marked for drain (keep_alive=True)
2026-08-06 23:48:30+05:30 2026-08-06 18:18:30.174 | INFO     | flash_head.src.pipeline.flash_head_pipeline:generate_batch:548 - [generate_batch] GPU_BREAKDOWN denoise=1080.1ms decode=8.2ms color+encode=133.1ms total=1221.6ms batch_size=3
2026-08-06 23:48:30+05:30 2026-08-06 18:18:30.175 | INFO     | flash_head.src.pipeline.flash_head_pipeline:generate_batch:555 - [generate_batch] DENOISE_STEPS total=1080.1ms steps=[s0=541.4 s1=269.1 s2=103.2 s3=166.4] n_steps=4 batch_size=3
2026-08-06 23:48:30+05:30 2026-08-06 18:18:30,506 [INFO] VideoPublisher: VIDEO_PUBLISH_METRICS session=conc-test-4-1c8f54 windowMs=5004 frames=125 effectiveFps=25.0 liveFrames=68 repeatedLiveFrames=18 idleFrames=39 desyncPct=45.6 maxGapMs=263.2 maxCaptureMs=1.0
2026-08-06 23:48:30+05:30 2026-08-06 18:18:30.812 | INFO     | flash_head.src.pipeline.flash_head_pipeline:generate_batch:548 - [generate_batch] GPU_BREAKDOWN denoise=289.5ms decode=20.8ms color+encode=176.7ms total=487.2ms batch_size=4
2026-08-06 23:48:30+05:30 2026-08-06 18:18:30.812 | INFO     | flash_head.src.pipeline.flash_head_pipeline:generate_batch:555 - [generate_batch] DENOISE_STEPS total=289.5ms steps=[s0=73.7 s1=68.7 s2=79.1 s3=68.0] n_steps=4 batch_size=4
2026-08-06 23:48:30+05:30 2026-08-06 18:18:30,885 [INFO] VideoPublisher: VIDEO_PUBLISH_METRICS session=conc-test-5-b3233b windowMs=5041 frames=126 effectiveFps=25.0 liveFrames=116 repeatedLiveFrames=10 idleFrames=0 desyncPct=7.9 maxGapMs=251.6 maxCaptureMs=1.0
2026-08-06 23:48:30+05:30 2026-08-06 18:18:30,900 [INFO] streaming.state_manager: [SM] IDLE -> TRANSITION_TO_LIVE (crossfade 8 frames, queue=24)
2026-08-06 23:48:31+05:30 2026-08-06 18:18:31,221 [INFO] streaming.state_manager: [SM] TRANSITION_TO_LIVE -> LIVE
2026-08-06 23:48:31+05:30 2026-08-06 18:18:31.770 | INFO     | flash_head.src.pipeline.flash_head_pipeline:generate_batch:548 - [generate_batch] GPU_BREAKDOWN denoise=305.0ms decode=13.9ms color+encode=180.3ms total=499.4ms batch_size=4
2026-08-06 23:48:31+05:30 2026-08-06 18:18:31.770 | INFO     | flash_head.src.pipeline.flash_head_pipeline:generate_batch:555 - [generate_batch] DENOISE_STEPS total=305.0ms steps=[s0=89.1 s1=71.4 s2=62.6 s3=81.8] n_steps=4 batch_size=4
2026-08-06 23:48:31+05:30 2026-08-06 18:18:31,849 [INFO] batched_stream_processor: [BATCHED-DIAG] {'event': 'participant_connected', 't': 2.995, 'identity': 'viewer-script-conc-test-8-bba722'}
2026-08-06 23:48:31+05:30 [METRICS] GPU_util=100% GPU_temp=52C GPU_mem=4.5GB/95.0GB (reserved=10.2GB) RSS=15008MB CPU_user=99.5s CPU_sys=9.9s sessions=8 pool=15/15
2026-08-06 23:48:32+05:30 2026-08-06 18:18:32,654 [WARNING] livekit: livekit::rtc_engine:529:livekit::rtc_engine - failed to connect: Connection("wait_pc_connection timed out"), retrying... (1/3)
2026-08-06 23:48:32+05:30 2026-08-06 18:18:32,686 [INFO] livekit: livekit_api::signal_client::signal_stream:53:livekit_api::signal_client::signal_stream - connecting to wss://ai-14ksodzi.livekit.cloud/rtc/v1
2026-08-06 23:48:32+05:30 2026-08-06 18:18:32.733 | INFO     | flash_head.src.pipeline.flash_head_pipeline:generate_batch:548 - [generate_batch] GPU_BREAKDOWN denoise=277.1ms decode=15.1ms color+encode=201.5ms total=494.2ms batch_size=4
2026-08-06 23:48:32+05:30 2026-08-06 18:18:32.733 | INFO     | flash_head.src.pipeline.flash_head_pipeline:generate_batch:555 - [generate_batch] DENOISE_STEPS total=277.1ms steps=[s0=69.2 s1=74.8 s2=61.3 s3=71.8] n_steps=4 batch_size=4
2026-08-06 23:48:33+05:30 2026-08-06 18:18:33.693 | INFO     | flash_head.src.pipeline.flash_head_pipeline:generate_batch:548 - [generate_batch] GPU_BREAKDOWN denoise=275.7ms decode=17.1ms color+encode=194.5ms total=487.4ms batch_size=4
2026-08-06 23:48:33+05:30 2026-08-06 18:18:33.693 | INFO     | flash_head.src.pipeline.flash_head_pipeline:generate_batch:555 - [generate_batch] DENOISE_STEPS total=275.7ms steps=[s0=66.7 s1=63.5 s2=75.5 s3=69.9] n_steps=4 batch_size=4
2026-08-06 23:48:33+05:30 2026-08-06 18:18:33,957 [INFO] batched_stream_processor: [BATCHED-DIAG] {'event': 'quality_changed', 't': 5.103, 'participant': 'aivatar-worker-conc-test-8-bba722', 'quality': '2'}
2026-08-06 23:48:34+05:30 2026-08-06 18:18:34,569 [INFO] VideoPublisher: VIDEO_PUBLISH_METRICS session=conc-test-8-bba722 windowMs=5008 frames=126 effectiveFps=25.2 liveFrames=0 repeatedLiveFrames=0 idleFrames=126 desyncPct=100.0 maxGapMs=49.3 maxCaptureMs=1.1
2026-08-06 23:48:34+05:30 2026-08-06 18:18:34.640 | INFO     | flash_head.src.pipeline.flash_head_pipeline:generate_batch:548 - [generate_batch] GPU_BREAKDOWN denoise=275.2ms decode=13.6ms color+encode=200.5ms total=491.2ms batch_size=4
2026-08-06 23:48:34+05:30 2026-08-06 18:18:34.640 | INFO     | flash_head.src.pipeline.flash_head_pipeline:generate_batch:555 - [generate_batch] DENOISE_STEPS total=275.2ms steps=[s0=59.8 s1=66.1 s2=74.3 s3=74.9] n_steps=4 batch_size=4
2026-08-06 23:48:34+05:30 2026-08-06 18:18:34,786 [INFO] VideoPublisher: VIDEO_PUBLISH_METRICS session=conc-test-1-5b1256 windowMs=5023 frames=127 effectiveFps=25.3 liveFrames=90 repeatedLiveFrames=0 idleFrames=37 desyncPct=29.1 maxGapMs=51.5 maxCaptureMs=1.2
2026-08-06 23:48:35+05:30 2026-08-06 18:18:35,019 [INFO] VideoPublisher: VIDEO_PUBLISH_METRICS session=conc-test-3-096ecf windowMs=5040 frames=126 effectiveFps=25.0 liveFrames=124 repeatedLiveFrames=2 idleFrames=0 desyncPct=1.6 maxGapMs=48.9 maxCaptureMs=1.2
2026-08-06 23:48:35+05:30 2026-08-06 18:18:35,156 [WARNING] livekit: livekit::rtc_engine:529:livekit::rtc_engine - failed to connect: Connection("wait_pc_connection timed out"), retrying... (1/3)
2026-08-06 23:48:35+05:30 2026-08-06 18:18:35,199 [INFO] livekit: livekit_api::signal_client::signal_stream:53:livekit_api::signal_client::signal_stream - connecting to wss://ai-14ksodzi.livekit.cloud/rtc/v1
2026-08-06 23:48:35+05:30 2026-08-06 18:18:35,425 [INFO] streaming.state_manager: [SM] Adaptive caps: p95_ms=1141 buffer=29 peak=53 MAX=68 TARGET=54
2026-08-06 23:48:35+05:30 2026-08-06 18:18:35,508 [INFO] VideoPublisher: VIDEO_PUBLISH_METRICS session=conc-test-4-1c8f54 windowMs=5002 frames=125 effectiveFps=25.0 liveFrames=125 repeatedLiveFrames=0 idleFrames=0 desyncPct=0.0 maxGapMs=51.7 maxCaptureMs=2.3
2026-08-06 23:48:35+05:30 2026-08-06 18:18:35,530 [INFO] handler: UTTERANCE_END_RECEIVED session=conc-test-4-1c8f54
2026-08-06 23:48:35+05:30 2026-08-06 18:18:35,911 [INFO] handler: UTTERANCE_END_RECEIVED session=conc-test-5-b3233b
2026-08-06 23:48:35+05:30 2026-08-06 18:18:35,922 [INFO] VideoPublisher: VIDEO_PUBLISH_METRICS session=conc-test-5-b3233b windowMs=5037 frames=126 effectiveFps=25.0 liveFrames=126 repeatedLiveFrames=0 idleFrames=0 desyncPct=0.0 maxGapMs=49.7 maxCaptureMs=1.4
2026-08-06 23:48:36+05:30 2026-08-06 18:18:36.180 | INFO     | flash_head.src.pipeline.flash_head_pipeline:generate_batch:548 - [generate_batch] GPU_BREAKDOWN denoise=836.0ms decode=15.3ms color+encode=188.6ms total=1041.2ms batch_size=4
2026-08-06 23:48:36+05:30 2026-08-06 18:18:36.181 | INFO     | flash_head.src.pipeline.flash_head_pipeline:generate_batch:555 - [generate_batch] DENOISE_STEPS total=836.0ms steps=[s0=598.0 s1=60.2 s2=118.4 s3=59.4] n_steps=4 batch_size=4
2026-08-06 23:48:36+05:30 2026-08-06 18:18:36,185 [INFO] handler: UTTERANCE_END_RECEIVED session=conc-test-1-5b1256
2026-08-06 23:48:36+05:30 2026-08-06 18:18:36,276 [INFO] BatchedStreamingEngine: cycle=50 batch=4 sessions=['conc-test-1-5b1256', 'conc-test-3-096ecf', 'conc-test-4-1c8f54', 'conc-test-5-b3233b'] embed=83.5ms infer=1041.9ms xfer=95.4ms total=1231.3ms
2026-08-06 23:48:36+05:30 2026-08-06 18:18:36,278 [INFO] BatchedStreamingEngine: Session conc-test-5-b3233b reactivated (keep_alive)
2026-08-06 23:48:36+05:30 2026-08-06 18:18:36.769 | INFO     | flash_head.src.pipeline.flash_head_pipeline:generate_batch:548 - [generate_batch] GPU_BREAKDOWN denoise=281.1ms decode=12.6ms color+encode=142.8ms total=436.8ms batch_size=3
2026-08-06 23:48:36+05:30 2026-08-06 18:18:36.770 | INFO     | flash_head.src.pipeline.flash_head_pipeline:generate_batch:555 - [generate_batch] DENOISE_STEPS total=281.1ms steps=[s0=96.1 s1=64.8 s2=65.7 s3=54.6] n_steps=4 batch_size=3
2026-08-06 23:48:36+05:30 [METRICS] GPU_util=100% GPU_temp=52C GPU_mem=4.1GB/95.0GB (reserved=10.2GB) RSS=15008MB CPU_user=111.6s CPU_sys=10.4s sessions=8 pool=15/15
2026-08-06 23:48:37+05:30 2026-08-06 18:18:37.714 | INFO     | flash_head.src.pipeline.flash_head_pipeline:generate_batch:548 - [generate_batch] GPU_BREAKDOWN denoise=271.4ms decode=13.4ms color+encode=134.9ms total=419.9ms batch_size=3
2026-08-06 23:48:37+05:30 2026-08-06 18:18:37.714 | INFO     | flash_head.src.pipeline.flash_head_pipeline:generate_batch:555 - [generate_batch] DENOISE_STEPS total=271.4ms steps=[s0=79.2 s1=62.1 s2=61.4 s3=68.7] n_steps=4 batch_size=3
2026-08-06 23:48:37+05:30 2026-08-06 18:18:37,720 [INFO] streaming.state_manager: [SM] LIVE -> TRANSITION_TO_IDLE (crossfade 8 frames)
2026-08-06 23:48:38+05:30 2026-08-06 18:18:38,038 [INFO] streaming.state_manager: [SM] TRANSITION_TO_IDLE -> IDLE
2026-08-06 23:48:38+05:30 2026-08-06 18:18:38,190 [INFO] batched_stream_processor: BATCHED_DRAIN_COMPLETED session=conc-test-5-b3233b cycles=86 elapsed=10876.2ms keep_alive=True
2026-08-06 23:48:38+05:30 2026-08-06 18:18:38,314 [INFO] batched_stream_processor: BATCHED_DRAIN_STARTED session=conc-test-5-b3233b keep_alive=True
2026-08-06 23:48:38+05:30 2026-08-06 18:18:38,315 [INFO] BatchedStreamingEngine: Session conc-test-5-b3233b marked for drain (keep_alive=True)
2026-08-06 23:48:38+05:30 2026-08-06 18:18:38.549 | INFO     | flash_head.src.pipeline.flash_head_pipeline:generate_batch:548 - [generate_batch] GPU_BREAKDOWN denoise=271.5ms decode=18.1ms color+encode=37.8ms total=328.1ms batch_size=1
2026-08-06 23:48:38+05:30 2026-08-06 18:18:38.549 | INFO     | flash_head.src.pipeline.flash_head_pipeline:generate_batch:555 - [generate_batch] DENOISE_STEPS total=271.5ms steps=[s0=121.1 s1=50.6 s2=44.6 s3=55.2] n_steps=4 batch_size=1
2026-08-06 23:48:38+05:30 2026-08-06 18:18:38,598 [INFO] streaming.state_manager: [SM] IDLE -> TRANSITION_TO_LIVE (crossfade 8 frames, queue=24)
2026-08-06 23:48:38+05:30 2026-08-06 18:18:38,919 [INFO] streaming.state_manager: [SM] TRANSITION_TO_LIVE -> LIVE
2026-08-06 23:48:39+05:30 2026-08-06 18:18:39.133 | INFO     | flash_head.src.pipeline.flash_head_pipeline:generate_batch:548 - [generate_batch] GPU_BREAKDOWN denoise=283.3ms decode=8.6ms color+encode=209.7ms total=501.7ms batch_size=4
2026-08-06 23:48:39+05:30 2026-08-06 18:18:39.134 | INFO     | flash_head.src.pipeline.flash_head_pipeline:generate_batch:555 - [generate_batch] DENOISE_STEPS total=283.3ms steps=[s0=62.4 s1=66.5 s2=73.4 s3=81.0] n_steps=4 batch_size=4
2026-08-06 23:48:39+05:30 2026-08-06 18:18:39,608 [INFO] VideoPublisher: VIDEO_PUBLISH_METRICS session=conc-test-8-bba722 windowMs=5039 frames=126 effectiveFps=25.0 liveFrames=0 repeatedLiveFrames=0 idleFrames=126 desyncPct=100.0 maxGapMs=49.9 maxCaptureMs=5.9
2026-08-06 23:48:39+05:30 2026-08-06 18:18:39,741 [WARNING] livekit: livekit::rtc_engine:529:livekit::rtc_engine - failed to connect: Connection("wait_pc_connection timed out"), retrying... (3/3)
2026-08-06 23:48:39+05:30 2026-08-06 18:18:39,775 [INFO] livekit: livekit_api::signal_client::signal_stream:53:livekit_api::signal_client::signal_stream - connecting to wss://ai-14ksodzi.livekit.cloud/rtc/v1
2026-08-06 23:48:39+05:30 2026-08-06 18:18:39,793 [INFO] VideoPublisher: VIDEO_PUBLISH_METRICS session=conc-test-1-5b1256 windowMs=5006 frames=125 effectiveFps=25.0 liveFrames=117 repeatedLiveFrames=8 idleFrames=0 desyncPct=6.4 maxGapMs=55.9 maxCaptureMs=5.0
2026-08-06 23:48:39+05:30 2026-08-06 18:18:39.836 | INFO     | flash_head.src.pipeline.flash_head_pipeline:generate_batch:548 - [generate_batch] GPU_BREAKDOWN denoise=322.5ms decode=11.4ms color+encode=195.3ms total=529.3ms batch_size=4
2026-08-06 23:48:39+05:30 2026-08-06 18:18:39.836 | INFO     | flash_head.src.pipeline.flash_head_pipeline:generate_batch:555 - [generate_batch] DENOISE_STEPS total=322.5ms steps=[s0=79.2 s1=65.8 s2=97.1 s3=80.5] n_steps=4 batch_size=4
2026-08-06 23:48:39+05:30 2026-08-06 18:18:39,937 [INFO] BatchedStreamingEngine: Session conc-test-3-096ecf reactivated (keep_alive)
2026-08-06 23:48:40+05:30 2026-08-06 18:18:40,021 [INFO] VideoPublisher: VIDEO_PUBLISH_METRICS session=conc-test-3-096ecf windowMs=5001 frames=125 effectiveFps=25.0 liveFrames=117 repeatedLiveFrames=8 idleFrames=0 desyncPct=6.4 maxGapMs=48.1 maxCaptureMs=2.0
2026-08-06 23:48:40+05:30 2026-08-06 18:18:40,036 [INFO] batched_stream_processor: Connected to LiveKit room=conc-test-e4b37088 (attempt 1, 45665.7 ms). events=0
2026-08-06 23:48:40+05:30 2026-08-06 18:18:40,049 [INFO] batched_stream_processor: [BATCHED-DIAG] {'event': 'connection_state_changed', 't': 45.68, 'state': '1'}
2026-08-06 23:48:40+05:30 2026-08-06 18:18:40,149 [INFO] batched_stream_processor: IDLE_FALLBACK_PUBLISHED session=conc-test-2-39b7ef
2026-08-06 23:48:40+05:30 2026-08-06 18:18:40,149 [INFO] batched_stream_processor: Registering session conc-test-2-39b7ef with BatchedStreamingEngine
2026-08-06 23:48:40+05:30 2026-08-06 18:18:40,160 [INFO] BatchedStreamingEngine: Session conc-test-2-39b7ef added (total=6)
2026-08-06 23:48:40+05:30 2026-08-06 18:18:40,390 [WARNING] VideoPublisher: VIDEO_PUBLISH_GAP gapMs=258.6 targetFps=25 frameSource=live
2026-08-06 23:48:40+05:30 2026-08-06 18:18:40,391 [INFO] batched_stream_processor: Session conc-test-2-39b7ef registered with engine in 241.1 ms (avatar prepared)
2026-08-06 23:48:40+05:30 2026-08-06 18:18:40,392 [INFO] streaming.state_manager: [SM] Adaptive caps: p95_ms=1184 buffer=30 peak=54 MAX=70 TARGET=56
2026-08-06 23:48:40+05:30 2026-08-06 18:18:40,395 [WARNING] VideoPublisher: VIDEO_PUBLISH_GAP gapMs=257.8 targetFps=25 frameSource=idle
2026-08-06 23:48:40+05:30 2026-08-06 18:18:40,399 [INFO] streaming.state_manager: [SM] Adaptive caps: p95_ms=1184 buffer=30 peak=54 MAX=70 TARGET=56
2026-08-06 23:48:40+05:30 2026-08-06 18:18:40,400 [WARNING] VideoPublisher: VIDEO_PUBLISH_GAP gapMs=252.4 targetFps=25 frameSource=live
2026-08-06 23:48:40+05:30 2026-08-06 18:18:40,404 [WARNING] VideoPublisher: VIDEO_PUBLISH_GAP gapMs=243.5 targetFps=25 frameSource=live
2026-08-06 23:48:40+05:30 2026-08-06 18:18:40,410 [WARNING] VideoPublisher: VIDEO_PUBLISH_GAP gapMs=247.0 targetFps=25 frameSource=live
2026-08-06 23:48:40+05:30 2026-08-06 18:18:40,422 [INFO] VideoPublisher: [VP-DIAG] First non-None frame received after 0 None ticks (~0.0s). Creating track...
2026-08-06 23:48:40+05:30 2026-08-06 18:18:40,422 [INFO] VideoPublisher: [VP-DIAG] Creating video track 512x512
2026-08-06 23:48:40+05:30 2026-08-06 18:18:40,423 [INFO] VideoPublisher: [VP-DIAG] Codec=VP8 encoder=auto (AIVATAR_VIDEO_CODEC=vp8)
2026-08-06 23:48:40+05:30 2026-08-06 18:18:40,423 [INFO] VideoPublisher: [VP-DIAG] Calling publish_track()...
2026-08-06 23:48:40+05:30 2026-08-06 18:18:40,445 [INFO] livekit: livekit::room::e2ee::manager:179:livekit::room::e2ee::manager - packet_trailer not enabled for published track TR_VCjXWmHRamWQyM from aivatar-worker-conc-test-2-39b7ef
2026-08-06 23:48:40+05:30 2026-08-06 18:18:40,454 [INFO] livekit: livekit::rtc_engine::peer_transport:518:livekit::rtc_engine::peer_transport - Applying x-google-start-bitrate=1000 kbps (target_bps=Some(3000000))
2026-08-06 23:48:40+05:30 2026-08-06 18:18:40,457 [INFO] VideoPublisher: [VP-DIAG] publish_track() completed in 33.5 ms
2026-08-06 23:48:40+05:30 2026-08-06 18:18:40,468 [INFO] batched_stream_processor: [BATCHED-DIAG] {'event': 'local_track_published', 't': 46.099, 'sid': 'TR_VCjXWmHRamWQyM', 'kind': 2}
2026-08-06 23:48:40+05:30 2026-08-06 18:18:40,468 [INFO] batched_stream_processor: IDLE_TRACK_PUBLISHED session=conc-test-2-39b7ef room=conc-test-e4b37088
2026-08-06 23:48:40+05:30 2026-08-06 18:18:40,551 [INFO] VideoPublisher: VIDEO_PUBLISH_METRICS session=conc-test-4-1c8f54 windowMs=5042 frames=121 effectiveFps=24.0 liveFrames=113 repeatedLiveFrames=8 idleFrames=0 desyncPct=6.6 maxGapMs=243.5 maxCaptureMs=1.4
2026-08-06 23:48:40+05:30 2026-08-06 18:18:40,809 [INFO] streaming.state_manager: [SM] Adaptive caps: p95_ms=1184 buffer=30 peak=54 MAX=70 TARGET=56
2026-08-06 23:48:40+05:30 2026-08-06 18:18:40,927 [INFO] VideoPublisher: VIDEO_PUBLISH_METRICS session=conc-test-5-b3233b windowMs=5004 frames=125 effectiveFps=25.0 liveFrames=77 repeatedLiveFrames=18 idleFrames=30 desyncPct=38.4 maxGapMs=258.6 maxCaptureMs=1.0
2026-08-06 23:48:41+05:30 2026-08-06 18:18:41.125 | INFO     | flash_head.src.pipeline.flash_head_pipeline:generate_batch:548 - [generate_batch] GPU_BREAKDOWN denoise=355.4ms decode=19.5ms color+encode=142.5ms total=517.6ms batch_size=3
2026-08-06 23:48:41+05:30 2026-08-06 18:18:41.125 | INFO     | flash_head.src.pipeline.flash_head_pipeline:generate_batch:555 - [generate_batch] DENOISE_STEPS total=355.4ms steps=[s0=99.3 s1=107.4 s2=62.7 s3=86.1] n_steps=4 batch_size=3
2026-08-06 23:48:41+05:30 2026-08-06 18:18:41,617 [INFO] streaming.state_manager: [SM] LIVE -> TRANSITION_TO_IDLE (crossfade 8 frames)
2026-08-06 23:48:41+05:30 2026-08-06 18:18:41.708 | INFO     | flash_head.src.pipeline.flash_head_pipeline:generate_batch:548 - [generate_batch] GPU_BREAKDOWN denoise=292.9ms decode=12.9ms color+encode=130.6ms total=436.6ms batch_size=3
2026-08-06 23:48:41+05:30 2026-08-06 18:18:41.708 | INFO     | flash_head.src.pipeline.flash_head_pipeline:generate_batch:555 - [generate_batch] DENOISE_STEPS total=292.9ms steps=[s0=86.1 s1=76.5 s2=64.5 s3=65.9] n_steps=4 batch_size=3
2026-08-06 23:48:41+05:30 2026-08-06 18:18:41,938 [INFO] streaming.state_manager: [SM] TRANSITION_TO_IDLE -> IDLE
2026-08-06 23:48:41+05:30 [METRICS] GPU_util=94% GPU_temp=52C GPU_mem=4.1GB/95.0GB (reserved=10.2GB) RSS=15008MB CPU_user=124.1s CPU_sys=11.1s sessions=8 pool=15/15
2026-08-06 23:48:42+05:30 2026-08-06 18:18:42,072 [INFO] batched_stream_processor: BATCHED_DRAIN_COMPLETED session=conc-test-3-096ecf cycles=161 elapsed=18722.4ms keep_alive=True
2026-08-06 23:48:42+05:30 2026-08-06 18:18:42.453 | INFO     | flash_head.src.pipeline.flash_head_pipeline:generate_batch:548 - [generate_batch] GPU_BREAKDOWN denoise=298.8ms decode=13.5ms color+encode=42.3ms total=354.8ms batch_size=1
2026-08-06 23:48:42+05:30 2026-08-06 18:18:42.453 | INFO     | flash_head.src.pipeline.flash_head_pipeline:generate_batch:555 - [generate_batch] DENOISE_STEPS total=298.8ms steps=[s0=102.8 s1=57.0 s2=71.2 s3=67.7] n_steps=4 batch_size=1
2026-08-06 23:48:42+05:30 2026-08-06 18:18:42,496 [INFO] streaming.state_manager: [SM] IDLE -> TRANSITION_TO_LIVE (crossfade 8 frames, queue=24)
2026-08-06 23:48:42+05:30 2026-08-06 18:18:42,816 [INFO] streaming.state_manager: [SM] TRANSITION_TO_LIVE -> LIVE
2026-08-06 23:48:42+05:30 2026-08-06 18:18:42,909 [INFO] handler: UTTERANCE_END_RECEIVED session=conc-test-5-b3233b
2026-08-06 23:48:43+05:30 2026-08-06 18:18:43.093 | INFO     | flash_head.src.pipeline.flash_head_pipeline:generate_batch:548 - [generate_batch] GPU_BREAKDOWN denoise=334.8ms decode=19.4ms color+encode=179.5ms total=534.0ms batch_size=4
2026-08-06 23:48:43+05:30 2026-08-06 18:18:43.093 | INFO     | flash_head.src.pipeline.flash_head_pipeline:generate_batch:555 - [generate_batch] DENOISE_STEPS total=334.8ms steps=[s0=90.5 s1=72.4 s2=101.6 s3=70.3] n_steps=4 batch_size=4
2026-08-06 23:48:43+05:30 2026-08-06 18:18:43,500 [INFO] handler: UTTERANCE_END_RECEIVED session=conc-test-1-5b1256
2026-08-06 23:48:43+05:30 2026-08-06 18:18:43,551 [INFO] handler: UTTERANCE_END_RECEIVED session=conc-test-4-1c8f54
2026-08-06 23:48:43+05:30 2026-08-06 18:18:43.806 | INFO     | flash_head.src.pipeline.flash_head_pipeline:generate_batch:548 - [generate_batch] GPU_BREAKDOWN denoise=341.2ms decode=15.8ms color+encode=177.0ms total=534.4ms batch_size=4
2026-08-06 23:48:43+05:30 2026-08-06 18:18:43.806 | INFO     | flash_head.src.pipeline.flash_head_pipeline:generate_batch:555 - [generate_batch] DENOISE_STEPS total=341.2ms steps=[s0=79.9 s1=83.8 s2=90.0 s3=87.5] n_steps=4 batch_size=4
2026-08-06 23:48:43+05:30 2026-08-06 18:18:43,895 [INFO] BatchedStreamingEngine: cycle=60 batch=4 sessions=['conc-test-3-096ecf', 'conc-test-1-5b1256', 'conc-test-4-1c8f54', 'conc-test-5-b3233b'] embed=76.1ms infer=535.7ms xfer=88.0ms total=711.1ms
2026-08-06 23:48:44+05:30 2026-08-06 18:18:44,644 [INFO] VideoPublisher: VIDEO_PUBLISH_METRICS session=conc-test-8-bba722 windowMs=5035 frames=126 effectiveFps=25.0 liveFrames=0 repeatedLiveFrames=0 idleFrames=126 desyncPct=100.0 maxGapMs=257.8 maxCaptureMs=1.7
2026-08-06 23:48:44+05:30 2026-08-06 18:18:44.726 | INFO     | flash_head.src.pipeline.flash_head_pipeline:generate_batch:548 - [generate_batch] GPU_BREAKDOWN denoise=306.9ms decode=10.7ms color+encode=188.1ms total=506.3ms batch_size=4
2026-08-06 23:48:44+05:30 2026-08-06 18:18:44.726 | INFO     | flash_head.src.pipeline.flash_head_pipeline:generate_batch:555 - [generate_batch] DENOISE_STEPS total=306.9ms steps=[s0=93.9 s1=63.2 s2=65.5 s3=84.3] n_steps=4 batch_size=4
2026-08-06 23:48:44+05:30 2026-08-06 18:18:44,741 [INFO] batched_stream_processor: [BATCHED-DIAG] {'event': 'quality_changed', 't': 50.372, 'participant': 'aivatar-worker-conc-test-2-39b7ef', 'quality': '2'}
2026-08-06 23:48:44+05:30 2026-08-06 18:18:44,817 [INFO] BatchedStreamingEngine: Session conc-test-4-1c8f54 reactivated (keep_alive)
2026-08-06 23:48:44+05:30 2026-08-06 18:18:44,827 [INFO] VideoPublisher: VIDEO_PUBLISH_METRICS session=conc-test-1-5b1256 windowMs=5034 frames=126 effectiveFps=25.0 liveFrames=123 repeatedLiveFrames=3 idleFrames=0 desyncPct=2.4 maxGapMs=247.0 maxCaptureMs=1.2
2026-08-06 23:48:45+05:30 2026-08-06 18:18:45,061 [INFO] VideoPublisher: VIDEO_PUBLISH_METRICS session=conc-test-3-096ecf windowMs=5040 frames=126 effectiveFps=25.0 liveFrames=84 repeatedLiveFrames=12 idleFrames=30 desyncPct=33.3 maxGapMs=252.4 maxCaptureMs=1.2
2026-08-06 23:48:45+05:30 2026-08-06 18:18:45,402 [INFO] VideoPublisher: VIDEO_PUBLISH_METRICS session=conc-test-2-39b7ef windowMs=5010 frames=126 effectiveFps=25.1 liveFrames=0 repeatedLiveFrames=0 idleFrames=126 desyncPct=100.0 maxGapMs=48.5 maxCaptureMs=2.6
2026-08-06 23:48:45+05:30 2026-08-06 18:18:45.552 | INFO     | flash_head.src.pipeline.flash_head_pipeline:generate_batch:548 - [generate_batch] GPU_BREAKDOWN denoise=234.9ms decode=9.8ms color+encode=137.2ms total=382.1ms batch_size=3
2026-08-06 23:48:45+05:30 2026-08-06 18:18:45.552 | INFO     | flash_head.src.pipeline.flash_head_pipeline:generate_batch:555 - [generate_batch] DENOISE_STEPS total=234.9ms steps=[s0=56.5 s1=66.7 s2=61.7 s3=50.0] n_steps=4 batch_size=3
2026-08-06 23:48:45+05:30 2026-08-06 18:18:45,579 [INFO] VideoPublisher: VIDEO_PUBLISH_METRICS session=conc-test-4-1c8f54 windowMs=5028 frames=131 effectiveFps=26.1 liveFrames=128 repeatedLiveFrames=3 idleFrames=0 desyncPct=2.3 maxGapMs=53.4 maxCaptureMs=1.2
2026-08-06 23:48:45+05:30 2026-08-06 18:18:45,962 [INFO] VideoPublisher: VIDEO_PUBLISH_METRICS session=conc-test-5-b3233b windowMs=5035 frames=126 effectiveFps=25.0 liveFrames=126 repeatedLiveFrames=0 idleFrames=0 desyncPct=0.0 maxGapMs=48.8 maxCaptureMs=4.9
2026-08-06 23:48:46+05:30 2026-08-06 18:18:46,541 [INFO] streaming.state_manager: [SM] LIVE -> TRANSITION_TO_IDLE (crossfade 8 frames)
2026-08-06 23:48:46+05:30 2026-08-06 18:18:46.554 | INFO     | flash_head.src.pipeline.flash_head_pipeline:generate_batch:548 - [generate_batch] GPU_BREAKDOWN denoise=279.7ms decode=7.4ms color+encode=135.3ms total=422.7ms batch_size=3
2026-08-06 23:48:46+05:30 2026-08-06 18:18:46.554 | INFO     | flash_head.src.pipeline.flash_head_pipeline:generate_batch:555 - [generate_batch] DENOISE_STEPS total=279.7ms steps=[s0=66.4 s1=78.8 s2=73.3 s3=61.3] n_steps=4 batch_size=3
2026-08-06 23:48:46+05:30 2026-08-06 18:18:46,622 [INFO] BatchedStreamingEngine: Session conc-test-1-5b1256 reactivated (keep_alive)
2026-08-06 23:48:46+05:30 2026-08-06 18:18:46,861 [INFO] streaming.state_manager: [SM] TRANSITION_TO_IDLE -> IDLE
2026-08-06 23:48:47+05:30 [METRICS] GPU_util=0% GPU_temp=51C GPU_mem=4.1GB/95.0GB (reserved=10.2GB) RSS=15008MB CPU_user=136.0s CPU_sys=11.6s sessions=8 pool=15/15
2026-08-06 23:48:47+05:30 2026-08-06 18:18:47,006 [INFO] batched_stream_processor: BATCHED_DRAIN_COMPLETED session=conc-test-4-1c8f54 cycles=159 elapsed=18910.0ms keep_alive=True
2026-08-06 23:48:47+05:30 2026-08-06 18:18:47,152 [INFO] batched_stream_processor: BATCHED_DRAIN_STARTED session=conc-test-4-1c8f54 keep_alive=True
2026-08-06 23:48:47+05:30 2026-08-06 18:18:47,152 [INFO] BatchedStreamingEngine: Session conc-test-4-1c8f54 marked for drain (keep_alive=True)
2026-08-06 23:48:47+05:30 2026-08-06 18:18:47.406 | INFO     | flash_head.src.pipeline.flash_head_pipeline:generate_batch:548 - [generate_batch] GPU_BREAKDOWN denoise=313.3ms decode=13.0ms color+encode=40.9ms total=367.3ms batch_size=1
2026-08-06 23:48:47+05:30 2026-08-06 18:18:47.406 | INFO     | flash_head.src.pipeline.flash_head_pipeline:generate_batch:555 - [generate_batch] DENOISE_STEPS total=313.3ms steps=[s0=143.6 s1=52.3 s2=58.9 s3=58.5] n_steps=4 batch_size=1
2026-08-06 23:48:47+05:30 2026-08-06 18:18:47,461 [INFO] streaming.state_manager: [SM] IDLE -> TRANSITION_TO_LIVE (crossfade 8 frames, queue=24)
2026-08-06 23:48:47+05:30 2026-08-06 18:18:47,621 [INFO] handler: UTTERANCE_END_RECEIVED session=conc-test-3-096ecf
2026-08-06 23:48:47+05:30 2026-08-06 18:18:47,621 [INFO] batched_stream_processor: BATCHED_DRAIN_STARTED session=conc-test-3-096ecf keep_alive=True
2026-08-06 23:48:47+05:30 2026-08-06 18:18:47,621 [INFO] BatchedStreamingEngine: Session conc-test-3-096ecf marked for drain (keep_alive=True)
2026-08-06 23:48:47+05:30 2026-08-06 18:18:47,689 [INFO] handler: WS_REQUEST_RECEIVED session=conc-test-8-bba722 origin= ip=172.20.4.71
2026-08-06 23:48:47+05:30 2026-08-06 18:18:47,689 [INFO] handler: WS_CONNECT session=conc-test-8-bba722 origin= ip=172.20.4.71 handlerMs=0.8
2026-08-06 23:48:47+05:30 2026-08-06 18:18:47,765 [WARNING] livekit: livekit::rtc_engine:529:livekit::rtc_engine - failed to connect: Connection("wait_pc_connection timed out"), retrying... (2/3)
2026-08-06 23:48:47+05:30 2026-08-06 18:18:47,782 [INFO] streaming.state_manager: [SM] TRANSITION_TO_LIVE -> LIVE
2026-08-06 23:48:47+05:30 2026-08-06 18:18:47,807 [INFO] livekit: livekit_api::signal_client::signal_stream:53:livekit_api::signal_client::signal_stream - connecting to wss://ai-14ksodzi.livekit.cloud/rtc/v1
2026-08-06 23:48:48+05:30 2026-08-06 18:18:48.208 | INFO     | flash_head.src.pipeline.flash_head_pipeline:generate_batch:548 - [generate_batch] GPU_BREAKDOWN denoise=365.7ms decode=14.5ms color+encode=339.5ms total=719.9ms batch_size=3
2026-08-06 23:48:48+05:30 2026-08-06 18:18:48.208 | INFO     | flash_head.src.pipeline.flash_head_pipeline:generate_batch:555 - [generate_batch] DENOISE_STEPS total=365.7ms steps=[s0=70.1 s1=64.1 s2=99.4 s3=132.2] n_steps=4 batch_size=3
2026-08-06 23:48:48+05:30 2026-08-06 18:18:48,461 [INFO] streaming.state_manager: [SM] LIVE -> TRANSITION_TO_IDLE (crossfade 8 frames)
2026-08-06 23:48:48+05:30 2026-08-06 18:18:48,779 [INFO] streaming.state_manager: [SM] TRANSITION_TO_IDLE -> IDLE
2026-08-06 23:48:48+05:30 2026-08-06 18:18:48.818 | INFO     | flash_head.src.pipeline.flash_head_pipeline:generate_batch:548 - [generate_batch] GPU_BREAKDOWN denoise=289.0ms decode=21.5ms color+encode=121.0ms total=431.6ms batch_size=3
2026-08-06 23:48:48+05:30 2026-08-06 18:18:48.818 | INFO     | flash_head.src.pipeline.flash_head_pipeline:generate_batch:555 - [generate_batch] DENOISE_STEPS total=289.0ms steps=[s0=78.9 s1=76.7 s2=67.3 s3=66.1] n_steps=4 batch_size=3
2026-08-06 23:48:48+05:30 2026-08-06 18:18:48,949 [INFO] batched_stream_processor: BATCHED_DRAIN_COMPLETED session=conc-test-1-5b1256 cycles=161 elapsed=18933.4ms keep_alive=True
2026-08-06 23:48:49+05:30 2026-08-06 18:18:49,136 [INFO] batched_stream_processor: BATCHED_DRAIN_STARTED session=conc-test-1-5b1256 keep_alive=True
2026-08-06 23:48:49+05:30 2026-08-06 18:18:49,136 [INFO] BatchedStreamingEngine: Session conc-test-1-5b1256 marked for drain (keep_alive=True)
2026-08-06 23:48:49+05:30 2026-08-06 18:18:49.410 | INFO     | flash_head.src.pipeline.flash_head_pipeline:generate_batch:548 - [generate_batch] GPU_BREAKDOWN denoise=367.8ms decode=13.2ms color+encode=48.5ms total=429.7ms batch_size=1
2026-08-06 23:48:49+05:30 2026-08-06 18:18:49.410 | INFO     | flash_head.src.pipeline.flash_head_pipeline:generate_batch:555 - [generate_batch] DENOISE_STEPS total=367.8ms steps=[s0=159.9 s1=72.8 s2=63.7 s3=71.4] n_steps=4 batch_size=1
2026-08-06 23:48:49+05:30 2026-08-06 18:18:49,475 [INFO] streaming.state_manager: [SM] IDLE -> TRANSITION_TO_LIVE (crossfade 8 frames, queue=24)
2026-08-06 23:48:49+05:30 2026-08-06 18:18:49,622 [INFO] streaming.state_manager: [SM] Adaptive caps: p95_ms=1159 buffer=29 peak=53 MAX=68 TARGET=54
2026-08-06 23:48:49+05:30 2026-08-06 18:18:49,649 [INFO] VideoPublisher: VIDEO_PUBLISH_METRICS session=conc-test-8-bba722 windowMs=5005 frames=125 effectiveFps=25.0 liveFrames=0 repeatedLiveFrames=0 idleFrames=125 desyncPct=100.0 maxGapMs=49.2 maxCaptureMs=1.5
2026-08-06 23:48:49+05:30 2026-08-06 18:18:49,780 [INFO] streaming.state_manager: [SM] TRANSITION_TO_LIVE -> LIVE
2026-08-06 23:48:49+05:30 2026-08-06 18:18:49,865 [INFO] VideoPublisher: VIDEO_PUBLISH_METRICS session=conc-test-1-5b1256 windowMs=5038 frames=126 effectiveFps=25.0 liveFrames=81 repeatedLiveFrames=12 idleFrames=33 desyncPct=35.7 maxGapMs=61.2 maxCaptureMs=1.3
2026-08-06 23:48:50+05:30 2026-08-06 18:18:50.016 | INFO     | flash_head.src.pipeline.flash_head_pipeline:generate_batch:548 - [generate_batch] GPU_BREAKDOWN denoise=318.1ms decode=11.5ms color+encode=190.5ms total=520.3ms batch_size=4
2026-08-06 23:48:50+05:30 2026-08-06 18:18:50.016 | INFO     | flash_head.src.pipeline.flash_head_pipeline:generate_batch:555 - [generate_batch] DENOISE_STEPS total=318.1ms steps=[s0=89.3 s1=70.9 s2=95.2 s3=62.7] n_steps=4 batch_size=4
2026-08-06 23:48:50+05:30 2026-08-06 18:18:50,100 [INFO] VideoPublisher: VIDEO_PUBLISH_METRICS session=conc-test-3-096ecf windowMs=5039 frames=126 effectiveFps=25.0 liveFrames=126 repeatedLiveFrames=0 idleFrames=0 desyncPct=0.0 maxGapMs=47.4 maxCaptureMs=1.1
2026-08-06 23:48:50+05:30 2026-08-06 18:18:50,262 [WARNING] livekit: livekit::rtc_engine:529:livekit::rtc_engine - failed to connect: Connection("wait_pc_connection timed out"), retrying... (2/3)
2026-08-06 23:48:50+05:30 2026-08-06 18:18:50,307 [INFO] livekit: livekit_api::signal_client::signal_stream:53:livekit_api::signal_client::signal_stream - connecting to wss://ai-14ksodzi.livekit.cloud/rtc/v1
2026-08-06 23:48:50+05:30 2026-08-06 18:18:50,442 [INFO] VideoPublisher: VIDEO_PUBLISH_METRICS session=conc-test-2-39b7ef windowMs=5040 frames=126 effectiveFps=25.0 liveFrames=0 repeatedLiveFrames=0 idleFrames=126 desyncPct=100.0 maxGapMs=47.6 maxCaptureMs=1.3
2026-08-06 23:48:50+05:30 2026-08-06 18:18:50,587 [INFO] VideoPublisher: VIDEO_PUBLISH_METRICS session=conc-test-4-1c8f54 windowMs=5008 frames=125 effectiveFps=25.0 liveFrames=82 repeatedLiveFrames=12 idleFrames=31 desyncPct=34.4 maxGapMs=49.7 maxCaptureMs=1.1
2026-08-06 23:48:50+05:30 2026-08-06 18:18:50.807 | INFO     | flash_head.src.pipeline.flash_head_pipeline:generate_batch:548 - [generate_batch] GPU_BREAKDOWN denoise=620.4ms decode=11.3ms color+encode=46.1ms total=678.0ms batch_size=1
2026-08-06 23:48:50+05:30 2026-08-06 18:18:50.808 | INFO     | flash_head.src.pipeline.flash_head_pipeline:generate_batch:555 - [generate_batch] DENOISE_STEPS total=620.4ms steps=[s0=68.6 s1=57.7 s2=383.8 s3=110.4] n_steps=4 batch_size=1
2026-08-06 23:48:50+05:30 2026-08-06 18:18:50,825 [INFO] AudioPublisher: [AP-DIAG] Calling publish_track()...
2026-08-06 23:48:50+05:30 2026-08-06 18:18:50,839 [INFO] AudioPublisher: [AP-DIAG] publish_track() completed in 13.6 ms (16000 Hz, 1 ch)
2026-08-06 23:48:50+05:30 2026-08-06 18:18:50,844 [INFO] batched_stream_processor: [BATCHED-DIAG] {'event': 'local_track_published', 't': 21.99, 'sid': 'TR_AMB9WVb8ZhxC6a', 'kind': 1}
2026-08-06 23:48:50+05:30 2026-08-06 18:18:50,849 [INFO] livekit: livekit::rtc_engine::peer_transport:518:livekit::rtc_engine::peer_transport - Applying x-google-start-bitrate=1000 kbps (target_bps=Some(3000000))
2026-08-06 23:48:50+05:30 2026-08-06 18:18:50,849 [INFO] streaming.state_manager: [SM] IDLE -> TRANSITION_TO_LIVE (crossfade 8 frames, queue=24)
2026-08-06 23:48:50+05:30 2026-08-06 18:18:50,963 [INFO] VideoPublisher: VIDEO_PUBLISH_METRICS session=conc-test-5-b3233b windowMs=5000 frames=125 effectiveFps=25.0 liveFrames=125 repeatedLiveFrames=0 idleFrames=0 desyncPct=0.0 maxGapMs=51.3 maxCaptureMs=1.8
2026-08-06 23:48:51+05:30 2026-08-06 18:18:51,165 [INFO] streaming.state_manager: [SM] TRANSITION_TO_LIVE -> LIVE
2026-08-06 23:48:51+05:30 2026-08-06 18:18:51.508 | INFO     | flash_head.src.pipeline.flash_head_pipeline:generate_batch:548 - [generate_batch] GPU_BREAKDOWN denoise=328.1ms decode=7.4ms color+encode=189.2ms total=524.9ms batch_size=4
2026-08-06 23:48:51+05:30 2026-08-06 18:18:51.508 | INFO     | flash_head.src.pipeline.flash_head_pipeline:generate_batch:555 - [generate_batch] DENOISE_STEPS total=328.1ms steps=[s0=94.9 s1=80.2 s2=76.6 s3=76.4] n_steps=4 batch_size=4
2026-08-06 23:48:51+05:30 2026-08-06 18:18:51,596 [INFO] BatchedStreamingEngine: cycle=70 batch=4 sessions=['conc-test-1-5b1256', 'conc-test-3-096ecf', 'conc-test-4-1c8f54', 'conc-test-5-b3233b'] embed=150.1ms infer=525.4ms xfer=87.4ms total=773.9ms
2026-08-06 23:48:51+05:30 2026-08-06 18:18:51,674 [INFO] handler: UTTERANCE_END_RECEIVED session=conc-test-5-b3233b
2026-08-06 23:48:51+05:30 2026-08-06 18:18:51,910 [INFO] handler: UTTERANCE_END_RECEIVED session=conc-test-4-1c8f54
2026-08-06 23:48:52+05:30 [METRICS] GPU_util=97% GPU_temp=61C GPU_mem=4.3GB/95.0GB (reserved=10.2GB) RSS=15008MB CPU_user=148.4s CPU_sys=12.2s sessions=8 pool=15/15
2026-08-06 23:48:52+05:30 2026-08-06 18:18:52.353 | INFO     | flash_head.src.pipeline.flash_head_pipeline:generate_batch:548 - [generate_batch] GPU_BREAKDOWN denoise=348.3ms decode=102.3ms color+encode=208.0ms total=658.9ms batch_size=5
2026-08-06 23:48:52+05:30 2026-08-06 18:18:52.353 | INFO     | flash_head.src.pipeline.flash_head_pipeline:generate_batch:555 - [generate_batch] DENOISE_STEPS total=348.3ms steps=[s0=98.4 s1=75.3 s2=87.1 s3=87.6] n_steps=4 batch_size=5
2026-08-06 23:48:52+05:30 2026-08-06 18:18:52,951 [INFO] handler: UTTERANCE_END_RECEIVED session=conc-test-1-5b1256
2026-08-06 23:48:53+05:30 2026-08-06 18:18:53.252 | INFO     | flash_head.src.pipeline.flash_head_pipeline:generate_batch:548 - [generate_batch] GPU_BREAKDOWN denoise=362.1ms decode=13.6ms color+encode=231.2ms total=608.3ms batch_size=5
2026-08-06 23:48:53+05:30 2026-08-06 18:18:53.252 | INFO     | flash_head.src.pipeline.flash_head_pipeline:generate_batch:555 - [generate_batch] DENOISE_STEPS total=362.1ms steps=[s0=104.9 s1=82.3 s2=83.3 s3=91.7] n_steps=4 batch_size=5
2026-08-06 23:48:54+05:30 2026-08-06 18:18:54,099 [INFO] handler: UTTERANCE_END_RECEIVED session=conc-test-3-096ecf
2026-08-06 23:48:54+05:30 2026-08-06 18:18:54.235 | INFO     | flash_head.src.pipeline.flash_head_pipeline:generate_batch:548 - [generate_batch] GPU_BREAKDOWN denoise=384.9ms decode=14.1ms color+encode=228.9ms total=628.1ms batch_size=5
2026-08-06 23:48:54+05:30 2026-08-06 18:18:54.235 | INFO     | flash_head.src.pipeline.flash_head_pipeline:generate_batch:555 - [generate_batch] DENOISE_STEPS total=384.9ms steps=[s0=109.6 s1=93.1 s2=76.2 s3=106.0] n_steps=4 batch_size=5
2026-08-06 23:48:54+05:30 2026-08-06 18:18:54,352 [INFO] BatchedStreamingEngine: Session conc-test-5-b3233b reactivated (keep_alive)
2026-08-06 23:48:54+05:30 2026-08-06 18:18:54,651 [INFO] VideoPublisher: VIDEO_PUBLISH_METRICS session=conc-test-8-bba722 windowMs=5002 frames=125 effectiveFps=25.0 liveFrames=81 repeatedLiveFrames=7 idleFrames=37 desyncPct=35.2 maxGapMs=51.2 maxCaptureMs=0.9
2026-08-06 23:48:54+05:30 2026-08-06 18:18:54,701 [INFO] handler: UTTERANCE_END_RECEIVED session=conc-test-8-bba722
2026-08-06 23:48:54+05:30 2026-08-06 18:18:54,708 [INFO] batched_stream_processor: BATCHED_DRAIN_STARTED session=conc-test-8-bba722 keep_alive=True
2026-08-06 23:48:54+05:30 2026-08-06 18:18:54,709 [INFO] BatchedStreamingEngine: Session conc-test-8-bba722 marked for drain (keep_alive=True)
2026-08-06 23:48:54+05:30 2026-08-06 18:18:54,867 [INFO] VideoPublisher: VIDEO_PUBLISH_METRICS session=conc-test-1-5b1256 windowMs=5002 frames=125 effectiveFps=25.0 liveFrames=125 repeatedLiveFrames=0 idleFrames=0 desyncPct=0.0 maxGapMs=55.2 maxCaptureMs=1.2
2026-08-06 23:48:55+05:30 2026-08-06 18:18:55.051 | INFO     | flash_head.src.pipeline.flash_head_pipeline:generate_batch:548 - [generate_batch] GPU_BREAKDOWN denoise=286.2ms decode=21.6ms color+encode=194.6ms total=502.5ms batch_size=4
2026-08-06 23:48:55+05:30 2026-08-06 18:18:55.051 | INFO     | flash_head.src.pipeline.flash_head_pipeline:generate_batch:555 - [generate_batch] DENOISE_STEPS total=286.2ms steps=[s0=82.0 s1=74.1 s2=58.6 s3=71.4] n_steps=4 batch_size=4
2026-08-06 23:48:55+05:30 2026-08-06 18:18:55,141 [INFO] VideoPublisher: VIDEO_PUBLISH_METRICS session=conc-test-3-096ecf windowMs=5040 frames=126 effectiveFps=25.0 liveFrames=123 repeatedLiveFrames=3 idleFrames=0 desyncPct=2.4 maxGapMs=51.5 maxCaptureMs=1.1
2026-08-06 23:48:55+05:30 2026-08-06 18:18:55,488 [INFO] VideoPublisher: VIDEO_PUBLISH_METRICS session=conc-test-2-39b7ef windowMs=5046 frames=126 effectiveFps=25.0 liveFrames=0 repeatedLiveFrames=0 idleFrames=126 desyncPct=100.0 maxGapMs=49.7 maxCaptureMs=1.8
2026-08-06 23:48:55+05:30 2026-08-06 18:18:55,626 [INFO] VideoPublisher: VIDEO_PUBLISH_METRICS session=conc-test-4-1c8f54 windowMs=5038 frames=126 effectiveFps=25.0 liveFrames=126 repeatedLiveFrames=0 idleFrames=0 desyncPct=0.0 maxGapMs=51.4 maxCaptureMs=1.2
2026-08-06 23:48:55+05:30 2026-08-06 18:18:55,922 [INFO] streaming.state_manager: [SM] LIVE -> TRANSITION_TO_IDLE (crossfade 8 frames)
2026-08-06 23:48:55+05:30 2026-08-06 18:18:55,964 [INFO] VideoPublisher: VIDEO_PUBLISH_METRICS session=conc-test-5-b3233b windowMs=5001 frames=125 effectiveFps=25.0 liveFrames=106 repeatedLiveFrames=17 idleFrames=2 desyncPct=15.2 maxGapMs=57.2 maxCaptureMs=0.8
2026-08-06 23:48:56+05:30 2026-08-06 18:18:56.015 | INFO     | flash_head.src.pipeline.flash_head_pipeline:generate_batch:548 - [generate_batch] GPU_BREAKDOWN denoise=310.0ms decode=15.6ms color+encode=175.7ms total=501.7ms batch_size=4
2026-08-06 23:48:56+05:30 2026-08-06 18:18:56.016 | INFO     | flash_head.src.pipeline.flash_head_pipeline:generate_batch:555 - [generate_batch] DENOISE_STEPS total=310.0ms steps=[s0=82.5 s1=77.7 s2=69.1 s3=80.7] n_steps=4 batch_size=4
2026-08-06 23:48:56+05:30 2026-08-06 18:18:56,024 [ERROR] livekit: livekit::rtc_engine::rtc_session:1588:livekit::rtc_engine::rtc_session - Publisher pc state failed
2026-08-06 23:48:56+05:30 2026-08-06 18:18:56,025 [WARNING] livekit: livekit::rtc_engine:598:livekit::rtc_engine - received session close: "pc_state failed" UnknownReason Resume
2026-08-06 23:48:56+05:30 2026-08-06 18:18:56,025 [ERROR] livekit: livekit::rtc_engine:988:livekit::rtc_engine - resuming connection... attempt: 1
2026-08-06 23:48:56+05:30 2026-08-06 18:18:56,030 [INFO] batched_stream_processor: [BATCHED-DIAG] {'event': 'connection_state_changed', 't': 46.03, 'state': '2'}
2026-08-06 23:48:56+05:30 2026-08-06 18:18:56,030 [INFO] batched_stream_processor: [BATCHED-DIAG] {'event': 'reconnecting', 't': 46.031}
2026-08-06 23:48:56+05:30 2026-08-06 18:18:56,034 [WARNING] livekit: livekit::rtc_engine:598:livekit::rtc_engine - received session close: "signal client closed: \"stream closed\"" UnknownReason Resume
2026-08-06 23:48:56+05:30 2026-08-06 18:18:56,035 [INFO] livekit: livekit_api::signal_client::signal_stream:53:livekit_api::signal_client::signal_stream - connecting to wss://ai-14ksodzi.livekit.cloud/rtc/v1
2026-08-06 23:48:56+05:30 2026-08-06 18:18:56,132 [INFO] livekit: livekit::rtc_engine::peer_transport:518:livekit::rtc_engine::peer_transport - Applying x-google-start-bitrate=1000 kbps (target_bps=Some(3000000))
2026-08-06 23:48:56+05:30 2026-08-06 18:18:56,243 [INFO] streaming.state_manager: [SM] TRANSITION_TO_IDLE -> IDLE
2026-08-06 23:48:56+05:30 2026-08-06 18:18:56,405 [INFO] batched_stream_processor: BATCHED_DRAIN_COMPLETED session=conc-test-5-b3233b cycles=155 elapsed=18090.6ms keep_alive=True
2026-08-06 23:48:56+05:30 2026-08-06 18:18:56,713 [INFO] batched_stream_processor: BATCHED_DRAIN_STARTED session=conc-test-5-b3233b keep_alive=True
2026-08-06 23:48:56+05:30 2026-08-06 18:18:56,713 [INFO] BatchedStreamingEngine: Session conc-test-5-b3233b marked for drain (keep_alive=True)
2026-08-06 23:48:57+05:30 2026-08-06 18:18:57.079 | INFO     | flash_head.src.pipeline.flash_head_pipeline:generate_batch:548 - [generate_batch] GPU_BREAKDOWN denoise=393.0ms decode=16.4ms color+encode=187.2ms total=596.8ms batch_size=4
2026-08-06 23:48:57+05:30 2026-08-06 18:18:57.079 | INFO     | flash_head.src.pipeline.flash_head_pipeline:generate_batch:555 - [generate_batch] DENOISE_STEPS total=393.0ms steps=[s0=127.6 s1=98.0 s2=88.5 s3=78.9] n_steps=4 batch_size=4
2026-08-06 23:48:57+05:30 [METRICS] GPU_util=94% GPU_temp=61C GPU_mem=4.7GB/95.0GB (reserved=13.5GB) RSS=15008MB CPU_user=161.8s CPU_sys=12.6s sessions=8 pool=15/15
2026-08-06 23:48:57+05:30 2026-08-06 18:18:57.577 | INFO     | flash_head.src.pipeline.flash_head_pipeline:generate_batch:548 - [generate_batch] GPU_BREAKDOWN denoise=326.6ms decode=13.6ms color+encode=49.4ms total=390.1ms batch_size=1
2026-08-06 23:48:57+05:30 2026-08-06 18:18:57.578 | INFO     | flash_head.src.pipeline.flash_head_pipeline:generate_batch:555 - [generate_batch] DENOISE_STEPS total=326.6ms steps=[s0=71.0 s1=86.5 s2=79.7 s3=89.4] n_steps=4 batch_size=1
2026-08-06 23:48:57+05:30 2026-08-06 18:18:57,598 [INFO] streaming.state_manager: [SM] IDLE -> TRANSITION_TO_LIVE (crossfade 8 frames, queue=24)
2026-08-06 23:48:57+05:30 2026-08-06 18:18:57,737 [INFO] batched_stream_processor: [BATCHED-DIAG] {'event': 'participant_disconnected', 't': 63.368, 'identity': 'viewer-script-conc-test-2-39b7ef'}
2026-08-06 23:48:57+05:30 2026-08-06 18:18:57,920 [INFO] streaming.state_manager: [SM] TRANSITION_TO_LIVE -> LIVE
2026-08-06 23:48:58+05:30 2026-08-06 18:18:58,301 [INFO] handler: UTTERANCE_END_RECEIVED session=conc-test-3-096ecf
2026-08-06 23:48:58+05:30 2026-08-06 18:18:58.346 | INFO     | flash_head.src.pipeline.flash_head_pipeline:generate_batch:548 - [generate_batch] GPU_BREAKDOWN denoise=383.3ms decode=10.1ms color+encode=255.2ms total=648.9ms batch_size=5
2026-08-06 23:48:58+05:30 2026-08-06 18:18:58.346 | INFO     | flash_head.src.pipeline.flash_head_pipeline:generate_batch:555 - [generate_batch] DENOISE_STEPS total=383.3ms steps=[s0=98.1 s1=86.6 s2=116.8 s3=81.9] n_steps=4 batch_size=5
2026-08-06 23:48:58+05:30 2026-08-06 18:18:58,459 [INFO] BatchedStreamingEngine: Session conc-test-3-096ecf reactivated (keep_alive)
2026-08-06 23:48:59+05:30 2026-08-06 18:18:59.050 | INFO     | flash_head.src.pipeline.flash_head_pipeline:generate_batch:548 - [generate_batch] GPU_BREAKDOWN denoise=309.7ms decode=15.3ms color+encode=176.8ms total=502.1ms batch_size=4
2026-08-06 23:48:59+05:30 2026-08-06 18:18:59.051 | INFO     | flash_head.src.pipeline.flash_head_pipeline:generate_batch:555 - [generate_batch] DENOISE_STEPS total=309.7ms steps=[s0=79.1 s1=84.9 s2=70.6 s3=75.1] n_steps=4 batch_size=4
2026-08-06 23:48:59+05:30 2026-08-06 18:18:59,568 [INFO] streaming.state_manager: [SM] Adaptive caps: p95_ms=1124 buffer=29 peak=53 MAX=68 TARGET=54
2026-08-06 23:48:59+05:30 2026-08-06 18:18:59,691 [INFO] VideoPublisher: VIDEO_PUBLISH_METRICS session=conc-test-8-bba722 windowMs=5040 frames=126 effectiveFps=25.0 liveFrames=118 repeatedLiveFrames=8 idleFrames=0 desyncPct=6.3 maxGapMs=56.1 maxCaptureMs=5.1
2026-08-06 23:48:59+05:30 2026-08-06 18:18:59,856 [INFO] streaming.state_manager: [SM] Adaptive caps: p95_ms=1124 buffer=29 peak=53 MAX=68 TARGET=54
2026-08-06 23:48:59+05:30 2026-08-06 18:18:59,869 [INFO] VideoPublisher: VIDEO_PUBLISH_METRICS session=conc-test-1-5b1256 windowMs=5001 frames=125 effectiveFps=25.0 liveFrames=125 repeatedLiveFrames=0 idleFrames=0 desyncPct=0.0 maxGapMs=53.3 maxCaptureMs=1.0
2026-08-06 23:48:59+05:30 2026-08-06 18:18:59,897 [INFO] streaming.state_manager: [SM] LIVE -> TRANSITION_TO_IDLE (crossfade 8 frames)
2026-08-06 23:49:00+05:30 2026-08-06 18:19:00.026 | INFO     | flash_head.src.pipeline.flash_head_pipeline:generate_batch:548 - [generate_batch] GPU_BREAKDOWN denoise=298.9ms decode=8.2ms color+encode=190.9ms total=499.2ms batch_size=4
2026-08-06 23:49:00+05:30 2026-08-06 18:19:00.026 | INFO     | flash_head.src.pipeline.flash_head_pipeline:generate_batch:555 - [generate_batch] DENOISE_STEPS total=298.9ms steps=[s0=83.4 s1=73.1 s2=70.1 s3=72.2] n_steps=4 batch_size=4
2026-08-06 23:49:00+05:30 2026-08-06 18:19:00,119 [INFO] BatchedStreamingEngine: cycle=80 batch=4 sessions=['conc-test-1-5b1256', 'conc-test-4-1c8f54', 'conc-test-5-b3233b', 'conc-test-8-bba722'] embed=95.8ms infer=500.0ms xfer=92.6ms total=698.9ms
2026-08-06 23:49:00+05:30 2026-08-06 18:19:00,177 [INFO] VideoPublisher: VIDEO_PUBLISH_METRICS session=conc-test-3-096ecf windowMs=5036 frames=126 effectiveFps=25.0 liveFrames=102 repeatedLiveFrames=16 idleFrames=8 desyncPct=19.0 maxGapMs=52.2 maxCaptureMs=1.0
2026-08-06 23:49:00+05:30 2026-08-06 18:19:00,215 [INFO] streaming.state_manager: [SM] TRANSITION_TO_IDLE -> IDLE
2026-08-06 23:49:00+05:30 2026-08-06 18:19:00,357 [INFO] batched_stream_processor: BATCHED_DRAIN_COMPLETED session=conc-test-3-096ecf cycles=106 elapsed=12736.0ms keep_alive=True
2026-08-06 23:49:00+05:30 2026-08-06 18:19:00,522 [INFO] VideoPublisher: VIDEO_PUBLISH_METRICS session=conc-test-2-39b7ef windowMs=5033 frames=126 effectiveFps=25.0 liveFrames=0 repeatedLiveFrames=0 idleFrames=126 desyncPct=100.0 maxGapMs=47.4 maxCaptureMs=1.2
2026-08-06 23:49:00+05:30 2026-08-06 18:19:00,528 [INFO] batched_stream_processor: BATCHED_DRAIN_STARTED session=conc-test-3-096ecf keep_alive=True
2026-08-06 23:49:00+05:30 2026-08-06 18:19:00,528 [INFO] BatchedStreamingEngine: Session conc-test-3-096ecf marked for drain (keep_alive=True)
2026-08-06 23:49:00+05:30 2026-08-06 18:19:00,664 [INFO] VideoPublisher: VIDEO_PUBLISH_METRICS session=conc-test-4-1c8f54 windowMs=5037 frames=126 effectiveFps=25.0 liveFrames=123 repeatedLiveFrames=3 idleFrames=0 desyncPct=2.4 maxGapMs=52.1 maxCaptureMs=1.5
2026-08-06 23:49:00+05:30 2026-08-06 18:19:00.720 | INFO     | flash_head.src.pipeline.flash_head_pipeline:generate_batch:548 - [generate_batch] GPU_BREAKDOWN denoise=267.6ms decode=8.5ms color+encode=44.4ms total=321.0ms batch_size=1
2026-08-06 23:49:00+05:30 2026-08-06 18:19:00.720 | INFO     | flash_head.src.pipeline.flash_head_pipeline:generate_batch:555 - [generate_batch] DENOISE_STEPS total=267.6ms steps=[s0=118.4 s1=57.1 s2=47.0 s3=45.1] n_steps=4 batch_size=1
2026-08-06 23:49:00+05:30 2026-08-06 18:19:00,781 [INFO] streaming.state_manager: [SM] IDLE -> TRANSITION_TO_LIVE (crossfade 8 frames, queue=24)
2026-08-06 23:49:00+05:30 2026-08-06 18:19:00,967 [INFO] VideoPublisher: VIDEO_PUBLISH_METRICS session=conc-test-5-b3233b windowMs=5003 frames=125 effectiveFps=25.0 liveFrames=77 repeatedLiveFrames=0 idleFrames=48 desyncPct=38.4 maxGapMs=50.1 maxCaptureMs=1.2
2026-08-06 23:49:01+05:30 2026-08-06 18:19:01,096 [INFO] streaming.state_manager: [SM] TRANSITION_TO_LIVE -> LIVE
2026-08-06 23:49:01+05:30 2026-08-06 18:19:01.413 | INFO     | flash_head.src.pipeline.flash_head_pipeline:generate_batch:548 - [generate_batch] GPU_BREAKDOWN denoise=333.2ms decode=19.0ms color+encode=239.6ms total=592.6ms batch_size=5
2026-08-06 23:49:01+05:30 2026-08-06 18:19:01.413 | INFO     | flash_head.src.pipeline.flash_head_pipeline:generate_batch:555 - [generate_batch] DENOISE_STEPS total=333.2ms steps=[s0=66.3 s1=91.3 s2=87.6 s3=88.0] n_steps=4 batch_size=5
2026-08-06 23:49:02+05:30 [METRICS] GPU_util=97% GPU_temp=68C GPU_mem=4.5GB/95.0GB (reserved=13.5GB) RSS=15008MB CPU_user=174.1s CPU_sys=13.0s sessions=8 pool=15/15
2026-08-06 23:49:02+05:30 2026-08-06 18:19:02.223 | INFO     | flash_head.src.pipeline.flash_head_pipeline:generate_batch:548 - [generate_batch] GPU_BREAKDOWN denoise=347.7ms decode=15.9ms color+encode=245.7ms total=609.5ms batch_size=5
2026-08-06 23:49:02+05:30 2026-08-06 18:19:02.223 | INFO     | flash_head.src.pipeline.flash_head_pipeline:generate_batch:555 - [generate_batch] DENOISE_STEPS total=347.7ms steps=[s0=94.3 s1=77.7 s2=87.2 s3=88.5] n_steps=4 batch_size=5
2026-08-06 23:49:02+05:30 2026-08-06 18:19:02,363 [INFO] handler: UTTERANCE_END_RECEIVED session=conc-test-5-b3233b
2026-08-06 23:49:02+05:30 2026-08-06 18:19:02,396 [INFO] handler: UTTERANCE_END_RECEIVED session=conc-test-4-1c8f54
2026-08-06 23:49:02+05:30 2026-08-06 18:19:02,543 [INFO] handler: UTTERANCE_END_RECEIVED session=conc-test-8-bba722
2026-08-06 23:49:02+05:30 2026-08-06 18:19:02,877 [WARNING] livekit: livekit::rtc_engine:529:livekit::rtc_engine - failed to connect: Connection("wait_pc_connection timed out"), retrying... (3/3)
2026-08-06 23:49:02+05:30 2026-08-06 18:19:02,922 [INFO] livekit: livekit_api::signal_client::signal_stream:53:livekit_api::signal_client::signal_stream - connecting to wss://ai-14ksodzi.livekit.cloud/rtc/v1
2026-08-06 23:49:03+05:30 2026-08-06 18:19:03,113 [INFO] handler: UTTERANCE_END_RECEIVED session=conc-test-3-096ecf
2026-08-06 23:49:03+05:30 2026-08-06 18:19:03.291 | INFO     | flash_head.src.pipeline.flash_head_pipeline:generate_batch:548 - [generate_batch] GPU_BREAKDOWN denoise=387.0ms decode=6.8ms color+encode=314.9ms total=708.9ms batch_size=5
2026-08-06 23:49:03+05:30 2026-08-06 18:19:03.291 | INFO     | flash_head.src.pipeline.flash_head_pipeline:generate_batch:555 - [generate_batch] DENOISE_STEPS total=387.0ms steps=[s0=67.0 s1=90.7 s2=88.4 s3=140.9] n_steps=4 batch_size=5
2026-08-06 23:49:03+05:30 2026-08-06 18:19:03,413 [INFO] BatchedStreamingEngine: Session conc-test-4-1c8f54 reactivated (keep_alive)
2026-08-06 23:49:04+05:30 2026-08-06 18:19:04.048 | INFO     | flash_head.src.pipeline.flash_head_pipeline:generate_batch:548 - [generate_batch] GPU_BREAKDOWN denoise=325.1ms decode=19.6ms color+encode=187.7ms total=532.6ms batch_size=4
2026-08-06 23:49:04+05:30 2026-08-06 18:19:04.049 | INFO     | flash_head.src.pipeline.flash_head_pipeline:generate_batch:555 - [generate_batch] DENOISE_STEPS total=325.1ms steps=[s0=61.6 s1=68.8 s2=141.2 s3=53.5] n_steps=4 batch_size=4
2026-08-06 23:49:04+05:30 2026-08-06 18:19:04,729 [INFO] VideoPublisher: VIDEO_PUBLISH_METRICS session=conc-test-8-bba722 windowMs=5038 frames=126 effectiveFps=25.0 liveFrames=121 repeatedLiveFrames=5 idleFrames=0 desyncPct=4.0 maxGapMs=56.6 maxCaptureMs=0.7
2026-08-06 23:49:04+05:30 2026-08-06 18:19:04,863 [INFO] streaming.state_manager: [SM] LIVE -> TRANSITION_TO_IDLE (crossfade 8 frames)
2026-08-06 23:49:04+05:30 2026-08-06 18:19:04,906 [INFO] VideoPublisher: VIDEO_PUBLISH_METRICS session=conc-test-1-5b1256 windowMs=5037 frames=126 effectiveFps=25.0 liveFrames=121 repeatedLiveFrames=5 idleFrames=0 desyncPct=4.0 maxGapMs=55.2 maxCaptureMs=1.4
2026-08-06 23:49:04+05:30 2026-08-06 18:19:04.983 | INFO     | flash_head.src.pipeline.flash_head_pipeline:generate_batch:548 - [generate_batch] GPU_BREAKDOWN denoise=288.4ms decode=14.3ms color+encode=193.7ms total=496.6ms batch_size=4
2026-08-06 23:49:04+05:30 2026-08-06 18:19:04.984 | INFO     | flash_head.src.pipeline.flash_head_pipeline:generate_batch:555 - [generate_batch] DENOISE_STEPS total=288.4ms steps=[s0=79.0 s1=65.7 s2=70.8 s3=73.0] n_steps=4 batch_size=4
2026-08-06 23:49:05+05:30 2026-08-06 18:19:05,075 [INFO] BatchedStreamingEngine: Session conc-test-1-5b1256 reactivated (keep_alive)
2026-08-06 23:49:05+05:30 2026-08-06 18:19:05,111 [INFO] batched_stream_processor: [BATCHED-DIAG] {'event': 'quality_changed', 't': 55.111, 'participant': 'aivatar-worker-conc-test-5-b3233b', 'quality': '3'}
2026-08-06 23:49:05+05:30 2026-08-06 18:19:05,179 [INFO] VideoPublisher: VIDEO_PUBLISH_METRICS session=conc-test-3-096ecf windowMs=5002 frames=125 effectiveFps=25.0 liveFrames=103 repeatedLiveFrames=0 idleFrames=22 desyncPct=17.6 maxGapMs=52.5 maxCaptureMs=5.3
2026-08-06 23:49:05+05:30 2026-08-06 18:19:05,180 [INFO] streaming.state_manager: [SM] TRANSITION_TO_IDLE -> IDLE
2026-08-06 23:49:05+05:30 2026-08-06 18:19:05,328 [INFO] batched_stream_processor: BATCHED_DRAIN_COMPLETED session=conc-test-4-1c8f54 cycles=160 elapsed=18175.8ms keep_alive=True
2026-08-06 23:49:05+05:30 2026-08-06 18:19:05,366 [WARNING] livekit: livekit::rtc_engine:529:livekit::rtc_engine - failed to connect: Connection("wait_pc_connection timed out"), retrying... (3/3)
2026-08-06 23:49:05+05:30 2026-08-06 18:19:05,425 [INFO] streaming.state_manager: [SM] Adaptive caps: p95_ms=1093 buffer=28 peak=52 MAX=67 TARGET=53
2026-08-06 23:49:05+05:30 2026-08-06 18:19:05,429 [INFO] livekit: livekit_api::signal_client::signal_stream:53:livekit_api::signal_client::signal_stream - connecting to wss://ai-14ksodzi.livekit.cloud/rtc/v1
2026-08-06 23:49:05+05:30 2026-08-06 18:19:05,526 [INFO] VideoPublisher: VIDEO_PUBLISH_METRICS session=conc-test-2-39b7ef windowMs=5004 frames=125 effectiveFps=25.0 liveFrames=0 repeatedLiveFrames=0 idleFrames=125 desyncPct=100.0 maxGapMs=46.4 maxCaptureMs=1.6
2026-08-06 23:49:05+05:30 2026-08-06 18:19:05,596 [INFO] handler: UTTERANCE_END_RECEIVED session=conc-test-3-096ecf
2026-08-06 23:49:05+05:30 2026-08-06 18:19:05,645 [INFO] batched_stream_processor: Connected to LiveKit room=conc-test-9d45dd19 (attempt 1, 45626.2 ms). events=0
2026-08-06 23:49:05+05:30 2026-08-06 18:19:05,658 [INFO] batched_stream_processor: [BATCHED-DIAG] {'event': 'connection_state_changed', 't': 45.64, 'state': '1'}
2026-08-06 23:49:05+05:30 2026-08-06 18:19:05,661 [INFO] handler: UTTERANCE_END_RECEIVED session=conc-test-1-5b1256
2026-08-06 23:49:05+05:30 2026-08-06 18:19:05,671 [INFO] VideoPublisher: VIDEO_PUBLISH_METRICS session=conc-test-4-1c8f54 windowMs=5008 frames=125 effectiveFps=25.0 liveFrames=88 repeatedLiveFrames=16 idleFrames=21 desyncPct=29.6 maxGapMs=51.7 maxCaptureMs=1.0
2026-08-06 23:49:05+05:30 2026-08-06 18:19:05,750 [INFO] batched_stream_processor: BATCHED_DRAIN_STARTED session=conc-test-4-1c8f54 keep_alive=True
2026-08-06 23:49:05+05:30 2026-08-06 18:19:05,750 [INFO] BatchedStreamingEngine: Session conc-test-4-1c8f54 marked for drain (keep_alive=True)
2026-08-06 23:49:05+05:30 2026-08-06 18:19:05,757 [INFO] batched_stream_processor: IDLE_FALLBACK_PUBLISHED session=conc-test-7-1a5f06
2026-08-06 23:49:05+05:30 2026-08-06 18:19:05,757 [INFO] batched_stream_processor: Registering session conc-test-7-1a5f06 with BatchedStreamingEngine
2026-08-06 23:49:05+05:30 2026-08-06 18:19:05,758 [INFO] BatchedStreamingEngine: Session conc-test-7-1a5f06 added (total=7)
2026-08-06 23:49:06+05:30 2026-08-06 18:19:06,030 [INFO] batched_stream_processor: Session conc-test-7-1a5f06 registered with engine in 272.3 ms (avatar prepared)
2026-08-06 23:49:06+05:30 2026-08-06 18:19:06,030 [INFO] streaming.state_manager: [SM] Adaptive caps: p95_ms=1093 buffer=28 peak=52 MAX=67 TARGET=53
2026-08-06 23:49:06+05:30 2026-08-06 18:19:06,032 [INFO] streaming.state_manager: [SM] Adaptive caps: p95_ms=1093 buffer=28 peak=52 MAX=67 TARGET=53
2026-08-06 23:49:06+05:30 2026-08-06 18:19:06,034 [WARNING] VideoPublisher: VIDEO_PUBLISH_GAP gapMs=234.3 targetFps=25 frameSource=idle
2026-08-06 23:49:06+05:30 2026-08-06 18:19:06,039 [WARNING] VideoPublisher: VIDEO_PUBLISH_GAP gapMs=235.1 targetFps=25 frameSource=live
2026-08-06 23:49:06+05:30 2026-08-06 18:19:06,039 [INFO] VideoPublisher: VIDEO_PUBLISH_METRICS session=conc-test-5-b3233b windowMs=5072 frames=122 effectiveFps=24.1 liveFrames=122 repeatedLiveFrames=0 idleFrames=0 desyncPct=0.0 maxGapMs=235.1 maxCaptureMs=6.7
2026-08-06 23:49:06+05:30 2026-08-06 18:19:06,042 [WARNING] VideoPublisher: VIDEO_PUBLISH_GAP gapMs=233.7 targetFps=25 frameSource=live
2026-08-06 23:49:06+05:30 2026-08-06 18:19:06,046 [WARNING] VideoPublisher: VIDEO_PUBLISH_GAP gapMs=224.9 targetFps=25 frameSource=live
2026-08-06 23:49:06+05:30 2026-08-06 18:19:06,050 [WARNING] VideoPublisher: VIDEO_PUBLISH_GAP gapMs=224.3 targetFps=25 frameSource=idle
2026-08-06 23:49:06+05:30 2026-08-06 18:19:06,053 [WARNING] VideoPublisher: VIDEO_PUBLISH_GAP gapMs=222.6 targetFps=25 frameSource=live
2026-08-06 23:49:06+05:30 2026-08-06 18:19:06,054 [INFO] VideoPublisher: [VP-DIAG] First non-None frame received after 0 None ticks (~0.0s). Creating track...
2026-08-06 23:49:06+05:30 2026-08-06 18:19:06,054 [INFO] VideoPublisher: [VP-DIAG] Creating video track 512x512
2026-08-06 23:49:06+05:30 2026-08-06 18:19:06,055 [INFO] VideoPublisher: [VP-DIAG] Codec=VP8 encoder=auto (AIVATAR_VIDEO_CODEC=vp8)
2026-08-06 23:49:06+05:30 2026-08-06 18:19:06,055 [INFO] VideoPublisher: [VP-DIAG] Calling publish_track()...
2026-08-06 23:49:06+05:30 2026-08-06 18:19:06,073 [INFO] livekit: livekit::room::e2ee::manager:179:livekit::room::e2ee::manager - packet_trailer not enabled for published track TR_VCimSeKaSxuPww from aivatar-worker-conc-test-7-1a5f06
2026-08-06 23:49:06+05:30 2026-08-06 18:19:06,081 [INFO] livekit: livekit::rtc_engine::peer_transport:518:livekit::rtc_engine::peer_transport - Applying x-google-start-bitrate=1000 kbps (target_bps=Some(3000000))
2026-08-06 23:49:06+05:30 2026-08-06 18:19:06,627 [WARNING] VideoPublisher: VIDEO_PUBLISH_GAP gapMs=558.3 targetFps=25 frameSource=live
2026-08-06 23:49:06+05:30 2026-08-06 18:19:06,632 [WARNING] VideoPublisher: VIDEO_PUBLISH_GAP gapMs=560.2 targetFps=25 frameSource=live
2026-08-06 23:49:06+05:30 2026-08-06 18:19:06,637 [WARNING] VideoPublisher: VIDEO_PUBLISH_GAP gapMs=560.5 targetFps=25 frameSource=live
2026-08-06 23:49:06+05:30 2026-08-06 18:19:06,643 [WARNING] VideoPublisher: VIDEO_PUBLISH_GAP gapMs=564.2 targetFps=25 frameSource=idle
2026-08-06 23:49:06+05:30 2026-08-06 18:19:06,645 [INFO] VideoPublisher: [VP-DIAG] publish_track() completed in 589.9 ms
2026-08-06 23:49:06+05:30 2026-08-06 18:19:06,655 [WARNING] VideoPublisher: VIDEO_PUBLISH_GAP gapMs=572.5 targetFps=25 frameSource=live
2026-08-06 23:49:06+05:30 2026-08-06 18:19:06,656 [INFO] batched_stream_processor: [BATCHED-DIAG] {'event': 'participant_connected', 't': 72.287, 'identity': 'viewer-script-conc-test-2-39b7ef'}
2026-08-06 23:49:06+05:30 2026-08-06 18:19:06,659 [INFO] batched_stream_processor: [BATCHED-DIAG] {'event': 'local_track_published', 't': 46.641, 'sid': 'TR_VCimSeKaSxuPww', 'kind': 2}
2026-08-06 23:49:06+05:30 2026-08-06 18:19:06,659 [INFO] batched_stream_processor: IDLE_TRACK_PUBLISHED session=conc-test-7-1a5f06 room=conc-test-9d45dd19
2026-08-06 23:49:06+05:30 2026-08-06 18:19:06,663 [WARNING] VideoPublisher: VIDEO_PUBLISH_GAP gapMs=577.2 targetFps=25 frameSource=idle
2026-08-06 23:49:06+05:30 2026-08-06 18:19:06,759 [INFO] batched_stream_processor: [BATCHED-DIAG] {'event': 'participant_disconnected', 't': 72.39, 'identity': 'viewer-script-conc-test-2-39b7ef'}
2026-08-06 23:49:07+05:30 2026-08-06 18:19:07,078 [INFO] batched_stream_processor: [BATCHED-DIAG] {'event': 'participant_disconnected', 't': 38.224, 'identity': 'viewer-script-conc-test-8-bba722'}
2026-08-06 23:49:07+05:30 2026-08-06 18:19:07,078 [INFO] batched_stream_processor: [BATCHED-DIAG] {'event': 'participant_connected', 't': 38.224, 'identity': 'viewer-script-conc-test-8-bba722'}
2026-08-06 23:49:07+05:30 [METRICS] GPU_util=7% GPU_temp=56C GPU_mem=4.1GB/95.0GB (reserved=13.5GB) RSS=15008MB CPU_user=186.6s CPU_sys=13.6s sessions=8 pool=15/15
2026-08-06 23:49:07+05:30 2026-08-06 18:19:07.203 | INFO     | flash_head.src.pipeline.flash_head_pipeline:generate_batch:548 - [generate_batch] GPU_BREAKDOWN denoise=1781.5ms decode=21.4ms color+encode=43.4ms total=1846.5ms batch_size=1
2026-08-06 23:49:07+05:30 2026-08-06 18:19:07.204 | INFO     | flash_head.src.pipeline.flash_head_pipeline:generate_batch:555 - [generate_batch] DENOISE_STEPS total=1781.5ms steps=[s0=623.4 s1=957.5 s2=99.9 s3=100.7] n_steps=4 batch_size=1
2026-08-06 23:49:07+05:30 2026-08-06 18:19:07,233 [INFO] streaming.state_manager: [SM] IDLE -> TRANSITION_TO_LIVE (crossfade 8 frames, queue=24)
2026-08-06 23:49:07+05:30 2026-08-06 18:19:07,329 [INFO] batched_stream_processor: [BATCHED-DIAG] {'event': 'participant_connected', 't': 72.96, 'identity': 'viewer-script-conc-test-2-39b7ef'}
2026-08-06 23:49:07+05:30 2026-08-06 18:19:07,387 [INFO] streaming.state_manager: [SM] LIVE -> TRANSITION_TO_IDLE (crossfade 8 frames)
2026-08-06 23:49:07+05:30 2026-08-06 18:19:07,432 [INFO] streaming.state_manager: [SM] LIVE -> TRANSITION_TO_IDLE (crossfade 8 frames)
2026-08-06 23:49:07+05:30 2026-08-06 18:19:07,436 [INFO] streaming.state_manager: [SM] TRANSITION_TO_LIVE -> LIVE
2026-08-06 23:49:07+05:30 2026-08-06 18:19:07,468 [INFO] handler: UTTERANCE_END_RECEIVED session=conc-test-5-b3233b
2026-08-06 23:49:07+05:30 2026-08-06 18:19:07,578 [INFO] streaming.state_manager: [SM] TRANSITION_TO_IDLE -> IDLE
2026-08-06 23:49:07+05:30 2026-08-06 18:19:07,582 [INFO] streaming.state_manager: [SM] LIVE -> TRANSITION_TO_IDLE (crossfade 8 frames)
2026-08-06 23:49:07+05:30 2026-08-06 18:19:07,618 [INFO] streaming.state_manager: [SM] TRANSITION_TO_IDLE -> IDLE
2026-08-06 23:49:07+05:30 2026-08-06 18:19:07,624 [INFO] handler: UTTERANCE_END_RECEIVED session=conc-test-4-1c8f54
2026-08-06 23:49:07+05:30 2026-08-06 18:19:07,691 [INFO] handler: WS_REQUEST_RECEIVED session=conc-test-7-1a5f06 origin= ip=172.20.4.71
2026-08-06 23:49:07+05:30 2026-08-06 18:19:07,692 [INFO] handler: WS_CONNECT session=conc-test-7-1a5f06 origin= ip=172.20.4.71 handlerMs=0.7
2026-08-06 23:49:07+05:30 2026-08-06 18:19:07,726 [INFO] streaming.state_manager: [SM] LIVE -> TRANSITION_TO_IDLE (crossfade 8 frames)
2026-08-06 23:49:07+05:30 2026-08-06 18:19:07,769 [INFO] streaming.state_manager: [SM] TRANSITION_TO_IDLE -> IDLE
2026-08-06 23:49:07+05:30 2026-08-06 18:19:07,889 [INFO] batched_stream_processor: BATCHED_DRAIN_COMPLETED session=conc-test-1-5b1256 cycles=156 elapsed=18753.3ms keep_alive=True
2026-08-06 23:49:07+05:30 2026-08-06 18:19:07.965 | INFO     | flash_head.src.pipeline.flash_head_pipeline:generate_batch:548 - [generate_batch] GPU_BREAKDOWN denoise=418.2ms decode=18.7ms color+encode=200.2ms total=637.3ms batch_size=4
2026-08-06 23:49:07+05:30 2026-08-06 18:19:07.966 | INFO     | flash_head.src.pipeline.flash_head_pipeline:generate_batch:555 - [generate_batch] DENOISE_STEPS total=418.2ms steps=[s0=106.8 s1=91.4 s2=100.5 s3=119.5] n_steps=4 batch_size=4
2026-08-06 23:49:07+05:30 2026-08-06 18:19:07,976 [INFO] streaming.state_manager: [SM] TRANSITION_TO_IDLE -> IDLE
2026-08-06 23:49:08+05:30 2026-08-06 18:19:08,014 [INFO] batched_stream_processor: BATCHED_DRAIN_STARTED session=conc-test-1-5b1256 keep_alive=True
2026-08-06 23:49:08+05:30 2026-08-06 18:19:08,014 [INFO] BatchedStreamingEngine: Session conc-test-1-5b1256 marked for drain (keep_alive=True)
2026-08-06 23:49:08+05:30 2026-08-06 18:19:08,016 [INFO] streaming.state_manager: [SM] IDLE -> TRANSITION_TO_LIVE (crossfade 8 frames, queue=24)
2026-08-06 23:49:08+05:30 2026-08-06 18:19:08,040 [INFO] streaming.state_manager: [SM] IDLE -> TRANSITION_TO_LIVE (crossfade 8 frames, queue=24)
2026-08-06 23:49:08+05:30 2026-08-06 18:19:08,085 [INFO] streaming.state_manager: [SM] IDLE -> TRANSITION_TO_LIVE (crossfade 8 frames, queue=24)
2026-08-06 23:49:08+05:30 2026-08-06 18:19:08,336 [INFO] streaming.state_manager: [SM] TRANSITION_TO_LIVE -> LIVE
2026-08-06 23:49:08+05:30 2026-08-06 18:19:08,361 [INFO] streaming.state_manager: [SM] TRANSITION_TO_LIVE -> LIVE
2026-08-06 23:49:08+05:30 2026-08-06 18:19:08,403 [INFO] streaming.state_manager: [SM] TRANSITION_TO_LIVE -> LIVE
2026-08-06 23:49:08+05:30 2026-08-06 18:19:08.746 | INFO     | flash_head.src.pipeline.flash_head_pipeline:generate_batch:548 - [generate_batch] GPU_BREAKDOWN denoise=358.5ms decode=19.3ms color+encode=220.0ms total=598.0ms batch_size=5
2026-08-06 23:49:08+05:30 2026-08-06 18:19:08.746 | INFO     | flash_head.src.pipeline.flash_head_pipeline:generate_batch:555 - [generate_batch] DENOISE_STEPS total=358.5ms steps=[s0=88.3 s1=93.4 s2=89.4 s3=87.5] n_steps=4 batch_size=5
2026-08-06 23:49:08+05:30 2026-08-06 18:19:08,821 [INFO] streaming.state_manager: [SM] IDLE -> TRANSITION_TO_LIVE (crossfade 8 frames, queue=24)
2026-08-06 23:49:08+05:30 2026-08-06 18:19:08,867 [INFO] BatchedStreamingEngine: Session conc-test-8-bba722 reactivated (keep_alive)
2026-08-06 23:49:09+05:30 2026-08-06 18:19:09,141 [INFO] handler: WS_REQUEST_RECEIVED session=conc-test-2-39b7ef origin= ip=172.20.4.71
2026-08-06 23:49:09+05:30 2026-08-06 18:19:09,142 [INFO] handler: WS_CONNECT session=conc-test-2-39b7ef origin= ip=172.20.4.71 handlerMs=0.8
2026-08-06 23:49:09+05:30 2026-08-06 18:19:09,143 [INFO] streaming.state_manager: [SM] TRANSITION_TO_LIVE -> LIVE
2026-08-06 23:49:09+05:30 2026-08-06 18:19:09,167 [INFO] handler: UTTERANCE_END_RECEIVED session=conc-test-1-5b1256
2026-08-06 23:49:09+05:30 2026-08-06 18:19:09.321 | INFO     | flash_head.src.pipeline.flash_head_pipeline:generate_batch:548 - [generate_batch] GPU_BREAKDOWN denoise=374.5ms decode=19.2ms color+encode=43.5ms total=437.3ms batch_size=1
2026-08-06 23:49:09+05:30 2026-08-06 18:19:09.321 | INFO     | flash_head.src.pipeline.flash_head_pipeline:generate_batch:555 - [generate_batch] DENOISE_STEPS total=374.5ms steps=[s0=111.3 s1=82.6 s2=115.0 s3=65.6] n_steps=4 batch_size=1
2026-08-06 23:49:09+05:30 2026-08-06 18:19:09,339 [INFO] BatchedStreamingEngine: cycle=90 batch=1 sessions=['conc-test-7-1a5f06'] embed=16.6ms infer=437.8ms xfer=16.9ms total=471.4ms
2026-08-06 23:49:09+05:30 2026-08-06 18:19:09,343 [INFO] AudioPublisher: [AP-DIAG] Calling publish_track()...
2026-08-06 23:49:09+05:30 2026-08-06 18:19:09,356 [INFO] streaming.state_manager: [SM] IDLE -> TRANSITION_TO_LIVE (crossfade 8 frames, queue=24)
2026-08-06 23:49:09+05:30 2026-08-06 18:19:09,358 [INFO] AudioPublisher: [AP-DIAG] publish_track() completed in 14.5 ms (16000 Hz, 1 ch)
2026-08-06 23:49:09+05:30 2026-08-06 18:19:09,359 [INFO] batched_stream_processor: [BATCHED-DIAG] {'event': 'local_track_published', 't': 49.341, 'sid': 'TR_AM7csVsZFzwWBB', 'kind': 1}
2026-08-06 23:49:09+05:30 2026-08-06 18:19:09,368 [INFO] livekit: livekit::rtc_engine::peer_transport:518:livekit::rtc_engine::peer_transport - Applying x-google-start-bitrate=1000 kbps (target_bps=Some(3000000))
2026-08-06 23:49:09+05:30 2026-08-06 18:19:09,671 [INFO] streaming.state_manager: [SM] TRANSITION_TO_LIVE -> LIVE
2026-08-06 23:49:09+05:30 2026-08-06 18:19:09,732 [INFO] VideoPublisher: VIDEO_PUBLISH_METRICS session=conc-test-8-bba722 windowMs=5002 frames=125 effectiveFps=25.0 liveFrames=74 repeatedLiveFrames=20 idleFrames=31 desyncPct=40.8 maxGapMs=560.2 maxCaptureMs=1.0
2026-08-06 23:49:09+05:30 2026-08-06 18:19:09,949 [INFO] VideoPublisher: VIDEO_PUBLISH_METRICS session=conc-test-1-5b1256 windowMs=5043 frames=126 effectiveFps=25.0 liveFrames=55 repeatedLiveFrames=20 idleFrames=51 desyncPct=56.3 maxGapMs=572.5 maxCaptureMs=1.8
2026-08-06 23:49:10+05:30 2026-08-06 18:19:10,151 [INFO] batched_stream_processor: [BATCHED-DIAG] {'event': 'quality_changed', 't': 50.134, 'participant': 'aivatar-worker-conc-test-7-1a5f06', 'quality': '2'}
2026-08-06 23:49:10+05:30 2026-08-06 18:19:10,218 [INFO] VideoPublisher: VIDEO_PUBLISH_METRICS session=conc-test-3-096ecf windowMs=5039 frames=126 effectiveFps=25.0 liveFrames=89 repeatedLiveFrames=20 idleFrames=17 desyncPct=29.4 maxGapMs=560.5 maxCaptureMs=1.0
2026-08-06 23:49:10+05:30 2026-08-06 18:19:10.244 | INFO     | flash_head.src.pipeline.flash_head_pipeline:generate_batch:548 - [generate_batch] GPU_BREAKDOWN denoise=452.9ms decode=17.4ms color+encode=230.6ms total=701.2ms batch_size=5
2026-08-06 23:49:10+05:30 2026-08-06 18:19:10.244 | INFO     | flash_head.src.pipeline.flash_head_pipeline:generate_batch:555 - [generate_batch] DENOISE_STEPS total=452.9ms steps=[s0=91.4 s1=96.6 s2=156.5 s3=108.5] n_steps=4 batch_size=5
2026-08-06 23:49:10+05:30 2026-08-06 18:19:10,402 [INFO] streaming.state_manager: [SM] Adaptive caps: p95_ms=1096 buffer=28 peak=52 MAX=67 TARGET=53
2026-08-06 23:49:10+05:30 2026-08-06 18:19:10,532 [INFO] VideoPublisher: VIDEO_PUBLISH_METRICS session=conc-test-2-39b7ef windowMs=5005 frames=125 effectiveFps=25.0 liveFrames=0 repeatedLiveFrames=0 idleFrames=125 desyncPct=100.0 maxGapMs=577.2 maxCaptureMs=534.8
2026-08-06 23:49:10+05:30 2026-08-06 18:19:10,706 [INFO] VideoPublisher: VIDEO_PUBLISH_METRICS session=conc-test-4-1c8f54 windowMs=5035 frames=126 effectiveFps=25.0 liveFrames=81 repeatedLiveFrames=8 idleFrames=37 desyncPct=35.7 maxGapMs=564.2 maxCaptureMs=1.3
2026-08-06 23:49:10+05:30 2026-08-06 18:19:10,812 [INFO] streaming.state_manager: [SM] LIVE -> TRANSITION_TO_IDLE (crossfade 8 frames)
2026-08-06 23:49:10+05:30 2026-08-06 18:19:10,842 [INFO] streaming.state_manager: [SM] Adaptive caps: p95_ms=1096 buffer=28 peak=52 MAX=67 TARGET=53
2026-08-06 23:49:10+05:30 2026-08-06 18:19:10,867 [INFO] handler: UTTERANCE_END_RECEIVED session=conc-test-8-bba722
2026-08-06 23:49:11+05:30 2026-08-06 18:19:11,036 [INFO] VideoPublisher: VIDEO_PUBLISH_METRICS session=conc-test-7-1a5f06 windowMs=5005 frames=126 effectiveFps=25.2 liveFrames=35 repeatedLiveFrames=0 idleFrames=91 desyncPct=72.2 maxGapMs=58.7 maxCaptureMs=1.3
2026-08-06 23:49:11+05:30 2026-08-06 18:19:11,046 [INFO] VideoPublisher: VIDEO_PUBLISH_METRICS session=conc-test-5-b3233b windowMs=5006 frames=130 effectiveFps=26.0 liveFrames=83 repeatedLiveFrames=23 idleFrames=24 desyncPct=36.2 maxGapMs=558.3 maxCaptureMs=1.3
2026-08-06 23:49:11+05:30 2026-08-06 18:19:11,123 [INFO] streaming.state_manager: [SM] TRANSITION_TO_IDLE -> IDLE
2026-08-06 23:49:11+05:30 2026-08-06 18:19:11,132 [ERROR] livekit: livekit::rtc_engine:1015:livekit::rtc_engine - resuming connection failed: connection error: wait_pc_connection timed out
2026-08-06 23:49:11+05:30 2026-08-06 18:19:11,214 [ERROR] livekit: livekit::rtc_engine::rtc_session:1588:livekit::rtc_engine::rtc_session - Publisher pc state failed
2026-08-06 23:49:11+05:30 2026-08-06 18:19:11,215 [WARNING] livekit: livekit::rtc_engine:598:livekit::rtc_engine - received session close: "pc_state failed" UnknownReason Resume
2026-08-06 23:49:11+05:30 2026-08-06 18:19:11,246 [INFO] batched_stream_processor: [BATCHED-DIAG] {'event': 'participant_disconnected', 't': 61.246, 'identity': 'viewer-script-conc-test-5-b3233b'}
2026-08-06 23:49:11+05:30 2026-08-06 18:19:11,249 [WARNING] livekit: livekit::rtc_engine:598:livekit::rtc_engine - received session close: "server request to leave" ConnectionTimeout Resume
2026-08-06 23:49:11+05:30 2026-08-06 18:19:11,249 [WARNING] livekit: livekit::rtc_engine:598:livekit::rtc_engine - received session close: "signal client closed: \"stream closed\"" UnknownReason Resume
2026-08-06 23:49:11+05:30 2026-08-06 18:19:11,249 [ERROR] livekit: livekit::rtc_engine:942:livekit::rtc_engine - restarting connection... attempt: 2
2026-08-06 23:49:11+05:30 2026-08-06 18:19:11,250 [WARNING] livekit: livekit_api::signal_client:652:livekit_api::signal_client - dropping pass-through signal ù no stream available
2026-08-06 23:49:11+05:30 2026-08-06 18:19:11,289 [INFO] batched_stream_processor: BATCHED_DRAIN_COMPLETED session=conc-test-8-bba722 cycles=131 elapsed=16580.6ms keep_alive=True
2026-08-06 23:49:11+05:30 2026-08-06 18:19:11,301 [INFO] livekit: livekit_api::signal_client::signal_stream:53:livekit_api::signal_client::signal_stream - connecting to wss://ai-14ksodzi.livekit.cloud/rtc/v1
2026-08-06 23:49:11+05:30 2026-08-06 18:19:11,344 [INFO] handler: UTTERANCE_END_RECEIVED session=conc-test-7-1a5f06
2026-08-06 23:49:11+05:30 2026-08-06 18:19:11,349 [INFO] batched_stream_processor: BATCHED_DRAIN_STARTED session=conc-test-7-1a5f06 keep_alive=True
2026-08-06 23:49:11+05:30 2026-08-06 18:19:11,350 [INFO] BatchedStreamingEngine: Session conc-test-7-1a5f06 marked for drain (keep_alive=True)
2026-08-06 23:49:11+05:30 2026-08-06 18:19:11,354 [INFO] batched_stream_processor: [BATCHED-DIAG] {'event': 'participant_connected', 't': 61.355, 'identity': 'viewer-script-conc-test-5-b3233b'}
2026-08-06 23:49:11+05:30 2026-08-06 18:19:11.667 | INFO     | flash_head.src.pipeline.flash_head_pipeline:generate_batch:548 - [generate_batch] GPU_BREAKDOWN denoise=537.0ms decode=94.7ms color+encode=506.9ms total=1138.9ms batch_size=6
2026-08-06 23:49:11+05:30 2026-08-06 18:19:11.668 | INFO     | flash_head.src.pipeline.flash_head_pipeline:generate_batch:555 - [generate_batch] DENOISE_STEPS total=537.0ms steps=[s0=158.8 s1=145.6 s2=124.3 s3=108.2] n_steps=4 batch_size=6
2026-08-06 23:49:11+05:30 2026-08-06 18:19:11,718 [INFO] streaming.state_manager: [SM] IDLE -> TRANSITION_TO_LIVE (crossfade 8 frames, queue=24)
2026-08-06 23:49:11+05:30 2026-08-06 18:19:11,719 [INFO] AudioPublisher: [AP-DIAG] Calling publish_track()...
2026-08-06 23:49:11+05:30 2026-08-06 18:19:11,736 [INFO] AudioPublisher: [AP-DIAG] publish_track() completed in 16.1 ms (16000 Hz, 1 ch)
2026-08-06 23:49:11+05:30 2026-08-06 18:19:11,738 [INFO] batched_stream_processor: [BATCHED-DIAG] {'event': 'local_track_published', 't': 77.369, 'sid': 'TR_AMcV7WPfBpVE7w', 'kind': 1}
2026-08-06 23:49:11+05:30 2026-08-06 18:19:11,789 [INFO] streaming.state_manager: [SM] LIVE -> TRANSITION_TO_IDLE (crossfade 8 frames)
2026-08-06 23:49:11+05:30 2026-08-06 18:19:11,790 [INFO] streaming.state_manager: [SM] LIVE -> TRANSITION_TO_IDLE (crossfade 8 frames)
2026-08-06 23:49:11+05:30 2026-08-06 18:19:11,816 [INFO] streaming.state_manager: [SM] LIVE -> TRANSITION_TO_IDLE (crossfade 8 frames)
2026-08-06 23:49:11+05:30 2026-08-06 18:19:11,825 [INFO] streaming.state_manager: [SM] IDLE -> TRANSITION_TO_LIVE (crossfade 8 frames, queue=24)
2026-08-06 23:49:11+05:30 2026-08-06 18:19:11,829 [INFO] streaming.state_manager: [SM] LIVE -> TRANSITION_TO_IDLE (crossfade 8 frames)
2026-08-06 23:49:11+05:30 2026-08-06 18:19:11,851 [INFO] livekit: livekit::rtc_engine::peer_transport:518:livekit::rtc_engine::peer_transport - Applying x-google-start-bitrate=1000 kbps (target_bps=Some(3000000))
2026-08-06 23:49:11+05:30 2026-08-06 18:19:11,863 [INFO] streaming.state_manager: [SM] IDLE -> TRANSITION_TO_LIVE (crossfade 8 frames, queue=24)
2026-08-06 23:49:11+05:30 2026-08-06 18:19:11,902 [INFO] streaming.state_manager: [SM] IDLE -> TRANSITION_TO_LIVE (crossfade 8 frames, queue=24)
2026-08-06 23:49:11+05:30 2026-08-06 18:19:11,925 [INFO] streaming.state_manager: [SM] IDLE -> TRANSITION_TO_LIVE (crossfade 8 frames, queue=24)
2026-08-06 23:49:12+05:30 2026-08-06 18:19:12,066 [INFO] streaming.state_manager: [SM] TRANSITION_TO_LIVE -> LIVE
2026-08-06 23:49:12+05:30 2026-08-06 18:19:12,155 [INFO] streaming.state_manager: [SM] TRANSITION_TO_LIVE -> LIVE
2026-08-06 23:49:12+05:30 2026-08-06 18:19:12,187 [INFO] streaming.state_manager: [SM] TRANSITION_TO_LIVE -> LIVE
2026-08-06 23:49:12+05:30 2026-08-06 18:19:12,225 [INFO] streaming.state_manager: [SM] TRANSITION_TO_LIVE -> LIVE
2026-08-06 23:49:12+05:30 [METRICS] GPU_util=15% GPU_temp=56C GPU_mem=4.4GB/95.0GB (reserved=15.1GB) RSS=15008MB CPU_user=200.8s CPU_sys=14.4s sessions=8 pool=15/15
2026-08-06 23:49:12+05:30 2026-08-06 18:19:12,237 [INFO] batched_stream_processor: BATCHED_DRAIN_STARTED session=conc-test-8-bba722 keep_alive=True
2026-08-06 23:49:12+05:30 2026-08-06 18:19:12,238 [INFO] BatchedStreamingEngine: Session conc-test-8-bba722 marked for drain (keep_alive=True)
2026-08-06 23:49:12+05:30 2026-08-06 18:19:12,239 [INFO] streaming.state_manager: [SM] TRANSITION_TO_LIVE -> LIVE
2026-08-06 23:49:12+05:30 2026-08-06 18:19:12,818 [INFO] handler: UTTERANCE_END_RECEIVED session=conc-test-2-39b7ef
2026-08-06 23:49:12+05:30 2026-08-06 18:19:12,819 [INFO] batched_stream_processor: BATCHED_DRAIN_STARTED session=conc-test-2-39b7ef keep_alive=True
2026-08-06 23:49:12+05:30 2026-08-06 18:19:12,819 [INFO] BatchedStreamingEngine: Session conc-test-2-39b7ef marked for drain (keep_alive=True)
2026-08-06 23:49:13+05:30 2026-08-06 18:19:13.139 | INFO     | flash_head.src.pipeline.flash_head_pipeline:generate_batch:548 - [generate_batch] GPU_BREAKDOWN denoise=573.4ms decode=66.0ms color+encode=343.2ms total=984.9ms batch_size=7
2026-08-06 23:49:13+05:30 2026-08-06 18:19:13.139 | INFO     | flash_head.src.pipeline.flash_head_pipeline:generate_batch:555 - [generate_batch] DENOISE_STEPS total=573.4ms steps=[s0=140.1 s1=119.0 s2=152.2 s3=162.0] n_steps=4 batch_size=7
2026-08-06 23:49:13+05:30 2026-08-06 18:19:13,193 [INFO] streaming.state_manager: [SM] LIVE -> TRANSITION_TO_IDLE (crossfade 8 frames)
2026-08-06 23:49:13+05:30 2026-08-06 18:19:13,203 [INFO] streaming.state_manager: [SM] IDLE -> TRANSITION_TO_LIVE (crossfade 8 frames, queue=24)
2026-08-06 23:49:13+05:30 2026-08-06 18:19:13,277 [INFO] streaming.state_manager: [SM] IDLE -> TRANSITION_TO_LIVE (crossfade 8 frames, queue=24)
2026-08-06 23:49:13+05:30 2026-08-06 18:19:13,516 [INFO] handler: UTTERANCE_END_RECEIVED session=conc-test-3-096ecf
2026-08-06 23:49:13+05:30 2026-08-06 18:19:13,524 [INFO] streaming.state_manager: [SM] TRANSITION_TO_LIVE -> LIVE
2026-08-06 23:49:13+05:30 2026-08-06 18:19:13,592 [INFO] streaming.state_manager: [SM] TRANSITION_TO_LIVE -> LIVE
2026-08-06 23:49:14+05:30 2026-08-06 18:19:14.248 | INFO     | flash_head.src.pipeline.flash_head_pipeline:generate_batch:548 - [generate_batch] GPU_BREAKDOWN denoise=500.4ms decode=27.2ms color+encode=337.7ms total=865.6ms batch_size=7
2026-08-06 23:49:14+05:30 2026-08-06 18:19:14.248 | INFO     | flash_head.src.pipeline.flash_head_pipeline:generate_batch:555 - [generate_batch] DENOISE_STEPS total=500.4ms steps=[s0=114.3 s1=126.5 s2=129.9 s3=129.8] n_steps=4 batch_size=7
2026-08-06 23:49:14+05:30 2026-08-06 18:19:14,770 [INFO] VideoPublisher: VIDEO_PUBLISH_METRICS session=conc-test-8-bba722 windowMs=5038 frames=126 effectiveFps=25.0 liveFrames=46 repeatedLiveFrames=12 idleFrames=68 desyncPct=63.5 maxGapMs=55.8 maxCaptureMs=1.7
2026-08-06 23:49:14+05:30 2026-08-06 18:19:14,991 [INFO] VideoPublisher: VIDEO_PUBLISH_METRICS session=conc-test-1-5b1256 windowMs=5041 frames=126 effectiveFps=25.0 liveFrames=92 repeatedLiveFrames=25 idleFrames=9 desyncPct=27.0 maxGapMs=53.3 maxCaptureMs=2.6
2026-08-06 23:49:15+05:30 2026-08-06 18:19:15,259 [INFO] VideoPublisher: VIDEO_PUBLISH_METRICS session=conc-test-3-096ecf windowMs=5041 frames=126 effectiveFps=25.0 liveFrames=95 repeatedLiveFrames=21 idleFrames=10 desyncPct=24.6 maxGapMs=54.6 maxCaptureMs=1.1
2026-08-06 23:49:15+05:30 2026-08-06 18:19:15.404 | INFO     | flash_head.src.pipeline.flash_head_pipeline:generate_batch:548 - [generate_batch] GPU_BREAKDOWN denoise=508.2ms decode=12.7ms color+encode=340.3ms total=861.4ms batch_size=7
2026-08-06 23:49:15+05:30 2026-08-06 18:19:15.404 | INFO     | flash_head.src.pipeline.flash_head_pipeline:generate_batch:555 - [generate_batch] DENOISE_STEPS total=508.2ms steps=[s0=126.5 s1=118.9 s2=142.0 s3=120.8] n_steps=4 batch_size=7
2026-08-06 23:49:15+05:30 2026-08-06 18:19:15,562 [INFO] VideoPublisher: VIDEO_PUBLISH_METRICS session=conc-test-2-39b7ef windowMs=5030 frames=126 effectiveFps=25.0 liveFrames=73 repeatedLiveFrames=16 idleFrames=37 desyncPct=42.1 maxGapMs=60.1 maxCaptureMs=0.9
2026-08-06 23:49:15+05:30 2026-08-06 18:19:15,709 [INFO] VideoPublisher: VIDEO_PUBLISH_METRICS session=conc-test-4-1c8f54 windowMs=5002 frames=125 effectiveFps=25.0 liveFrames=92 repeatedLiveFrames=23 idleFrames=10 desyncPct=26.4 maxGapMs=51.2 maxCaptureMs=1.0
2026-08-06 23:49:15+05:30 2026-08-06 18:19:15,905 [INFO] handler: UTTERANCE_END_RECEIVED session=conc-test-5-b3233b
2026-08-06 23:49:16+05:30 2026-08-06 18:19:16,014 [INFO] handler: UTTERANCE_END_RECEIVED session=conc-test-4-1c8f54
2026-08-06 23:49:16+05:30 2026-08-06 18:19:16,075 [INFO] VideoPublisher: VIDEO_PUBLISH_METRICS session=conc-test-7-1a5f06 windowMs=5039 frames=126 effectiveFps=25.0 liveFrames=98 repeatedLiveFrames=18 idleFrames=10 desyncPct=22.2 maxGapMs=64.1 maxCaptureMs=1.2
2026-08-06 23:49:16+05:30 2026-08-06 18:19:16,085 [INFO] VideoPublisher: VIDEO_PUBLISH_METRICS session=conc-test-5-b3233b windowMs=5039 frames=126 effectiveFps=25.0 liveFrames=92 repeatedLiveFrames=23 idleFrames=11 desyncPct=27.0 maxGapMs=61.1 maxCaptureMs=1.2
2026-08-06 23:49:16+05:30 2026-08-06 18:19:16.570 | INFO     | flash_head.src.pipeline.flash_head_pipeline:generate_batch:548 - [generate_batch] GPU_BREAKDOWN denoise=490.9ms decode=23.1ms color+encode=344.0ms total=858.2ms batch_size=7
2026-08-06 23:49:16+05:30 2026-08-06 18:19:16.570 | INFO     | flash_head.src.pipeline.flash_head_pipeline:generate_batch:555 - [generate_batch] DENOISE_STEPS total=490.9ms steps=[s0=110.2 s1=137.5 s2=117.5 s3=125.7] n_steps=4 batch_size=7
2026-08-06 23:49:16+05:30 2026-08-06 18:19:16,740 [INFO] BatchedStreamingEngine: Session conc-test-5-b3233b reactivated (keep_alive)
2026-08-06 23:49:17+05:30 [METRICS] GPU_util=97% GPU_temp=67C GPU_mem=4.4GB/95.0GB (reserved=18.8GB) RSS=15008MB CPU_user=214.8s CPU_sys=15.1s sessions=8 pool=15/15
2026-08-06 23:49:17+05:30 2026-08-06 18:19:17,531 [INFO] handler: UTTERANCE_END_RECEIVED session=conc-test-1-5b1256
2026-08-06 23:49:17+05:30 2026-08-06 18:19:17.563 | INFO     | flash_head.src.pipeline.flash_head_pipeline:generate_batch:548 - [generate_batch] GPU_BREAKDOWN denoise=404.3ms decode=15.4ms color+encode=300.1ms total=720.8ms batch_size=6
2026-08-06 23:49:17+05:30 2026-08-06 18:19:17.563 | INFO     | flash_head.src.pipeline.flash_head_pipeline:generate_batch:555 - [generate_batch] DENOISE_STEPS total=404.3ms steps=[s0=95.6 s1=100.7 s2=121.6 s3=86.3] n_steps=4 batch_size=6
2026-08-06 23:49:17+05:30 2026-08-06 18:19:17,994 [ERROR] livekit: livekit_ffi::server::room:338:livekit_ffi::server::room - error while connecting to a room: engine: connection error: wait_pc_connection timed out
2026-08-06 23:49:17+05:30 2026-08-06 18:19:17,996 [WARNING] batched_stream_processor: LiveKit connect failed (attempt 1/3, 60462.1 ms): engine: connection error: wait_pc_connection timed out. state=0
2026-08-06 23:49:18+05:30 2026-08-06 18:19:18,163 [INFO] streaming.state_manager: [SM] LIVE -> TRANSITION_TO_IDLE (crossfade 8 frames)
2026-08-06 23:49:18+05:30 2026-08-06 18:19:18,480 [INFO] streaming.state_manager: [SM] TRANSITION_TO_IDLE -> IDLE
2026-08-06 23:49:18+05:30 2026-08-06 18:19:18.529 | INFO     | flash_head.src.pipeline.flash_head_pipeline:generate_batch:548 - [generate_batch] GPU_BREAKDOWN denoise=401.3ms decode=19.0ms color+encode=292.3ms total=712.9ms batch_size=6
2026-08-06 23:49:18+05:30 2026-08-06 18:19:18.529 | INFO     | flash_head.src.pipeline.flash_head_pipeline:generate_batch:555 - [generate_batch] DENOISE_STEPS total=401.3ms steps=[s0=93.4 s1=119.6 s2=78.7 s3=109.6] n_steps=4 batch_size=6
2026-08-06 23:49:18+05:30 2026-08-06 18:19:18,629 [INFO] batched_stream_processor: BATCHED_DRAIN_COMPLETED session=conc-test-5-b3233b cycles=186 elapsed=21915.8ms keep_alive=True
2026-08-06 23:49:18+05:30 2026-08-06 18:19:18,809 [INFO] batched_stream_processor: BATCHED_DRAIN_STARTED session=conc-test-5-b3233b keep_alive=True
2026-08-06 23:49:18+05:30 2026-08-06 18:19:18,809 [INFO] BatchedStreamingEngine: Session conc-test-5-b3233b marked for drain (keep_alive=True)
2026-08-06 23:49:18+05:30 2026-08-06 18:19:18,997 [INFO] batched_stream_processor: [BATCHED-DIAG] room.connect() attempt 2/3 | url=wss://ai-14ksodzi.livekit.cloud
2026-08-06 23:49:19+05:30 2026-08-06 18:19:19,047 [INFO] livekit: livekit_api::signal_client::signal_stream:53:livekit_api::signal_client::signal_stream - connecting to wss://ai-14ksodzi.livekit.cloud/rtc/v1
2026-08-06 23:49:19+05:30 2026-08-06 18:19:19,230 [INFO] handler: UTTERANCE_END_RECEIVED session=conc-test-8-bba722
2026-08-06 23:49:19+05:30 2026-08-06 18:19:19,285 [INFO] batched_stream_processor: Connected to LiveKit room=conc-test-75515f7a (attempt 2, 287.3 ms). events=0
2026-08-06 23:49:19+05:30 2026-08-06 18:19:19,296 [INFO] batched_stream_processor: [BATCHED-DIAG] {'event': 'connection_state_changed', 't': 61.763, 'state': '1'}
2026-08-06 23:49:19+05:30 2026-08-06 18:19:19,399 [INFO] batched_stream_processor: IDLE_FALLBACK_PUBLISHED session=conc-test-6-84b924
2026-08-06 23:49:19+05:30 2026-08-06 18:19:19,400 [INFO] batched_stream_processor: Registering session conc-test-6-84b924 with BatchedStreamingEngine
2026-08-06 23:49:19+05:30 2026-08-06 18:19:19,401 [INFO] BatchedStreamingEngine: Session conc-test-6-84b924 added (total=8)
2026-08-06 23:49:19+05:30 2026-08-06 18:19:19,635 [INFO] batched_stream_processor: [BATCHED-DIAG] {'event': 'participant_connected', 't': 62.103, 'identity': 'viewer-script-conc-test-6-84b924'}
2026-08-06 23:49:19+05:30 2026-08-06 18:19:19,636 [INFO] batched_stream_processor: Session conc-test-6-84b924 registered with engine in 235.7 ms (avatar prepared)
2026-08-06 23:49:19+05:30 2026-08-06 18:19:19,636 [INFO] streaming.state_manager: [SM] Adaptive caps: p95_ms=1265 buffer=32 peak=56 MAX=72 TARGET=57
2026-08-06 23:49:19+05:30 2026-08-06 18:19:19,638 [WARNING] VideoPublisher: VIDEO_PUBLISH_GAP gapMs=257.9 targetFps=25 frameSource=live
2026-08-06 23:49:19+05:30 2026-08-06 18:19:19,639 [WARNING] VideoPublisher: VIDEO_PUBLISH_GAP gapMs=255.3 targetFps=25 frameSource=live
2026-08-06 23:49:19+05:30 2026-08-06 18:19:19,642 [INFO] streaming.state_manager: [SM] Adaptive caps: p95_ms=1265 buffer=32 peak=56 MAX=72 TARGET=57
2026-08-06 23:49:19+05:30 2026-08-06 18:19:19,643 [INFO] streaming.state_manager: [SM] Adaptive caps: p95_ms=1265 buffer=32 peak=56 MAX=72 TARGET=57
2026-08-06 23:49:19+05:30 2026-08-06 18:19:19,646 [WARNING] VideoPublisher: VIDEO_PUBLISH_GAP gapMs=248.9 targetFps=25 frameSource=live
2026-08-06 23:49:19+05:30 2026-08-06 18:19:19,648 [WARNING] VideoPublisher: VIDEO_PUBLISH_GAP gapMs=242.3 targetFps=25 frameSource=live
2026-08-06 23:49:19+05:30 2026-08-06 18:19:19,649 [WARNING] VideoPublisher: VIDEO_PUBLISH_GAP gapMs=239.1 targetFps=25 frameSource=idle
2026-08-06 23:49:19+05:30 2026-08-06 18:19:19,651 [WARNING] VideoPublisher: VIDEO_PUBLISH_GAP gapMs=234.8 targetFps=25 frameSource=live
2026-08-06 23:49:19+05:30 2026-08-06 18:19:19,656 [WARNING] VideoPublisher: VIDEO_PUBLISH_GAP gapMs=268.1 targetFps=25 frameSource=live
2026-08-06 23:49:19+05:30 2026-08-06 18:19:19,657 [INFO] VideoPublisher: [VP-DIAG] First non-None frame received after 0 None ticks (~0.0s). Creating track...
2026-08-06 23:49:19+05:30 2026-08-06 18:19:19,657 [INFO] VideoPublisher: [VP-DIAG] Creating video track 512x512
2026-08-06 23:49:19+05:30 2026-08-06 18:19:19,658 [INFO] VideoPublisher: [VP-DIAG] Codec=VP8 encoder=auto (AIVATAR_VIDEO_CODEC=vp8)
2026-08-06 23:49:19+05:30 2026-08-06 18:19:19,658 [INFO] VideoPublisher: [VP-DIAG] Calling publish_track()...
2026-08-06 23:49:19+05:30 2026-08-06 18:19:19,669 [INFO] livekit: livekit::room::e2ee::manager:179:livekit::room::e2ee::manager - packet_trailer not enabled for published track TR_VCwzF7h2up2URL from aivatar-worker-conc-test-6-84b924
2026-08-06 23:49:19+05:30 2026-08-06 18:19:19,684 [INFO] VideoPublisher: [VP-DIAG] publish_track() completed in 25.3 ms
2026-08-06 23:49:19+05:30 2026-08-06 18:19:19,685 [INFO] livekit: livekit::rtc_engine::peer_transport:518:livekit::rtc_engine::peer_transport - Applying x-google-start-bitrate=1000 kbps (target_bps=Some(3000000))
2026-08-06 23:49:19+05:30 2026-08-06 18:19:19,704 [INFO] batched_stream_processor: [BATCHED-DIAG] {'event': 'local_track_published', 't': 62.171, 'sid': 'TR_VCwzF7h2up2URL', 'kind': 2}
2026-08-06 23:49:19+05:30 2026-08-06 18:19:19,704 [INFO] batched_stream_processor: IDLE_TRACK_PUBLISHED session=conc-test-6-84b924 room=conc-test-75515f7a
2026-08-06 23:49:19+05:30 2026-08-06 18:19:19,742 [INFO] handler: UTTERANCE_END_RECEIVED session=conc-test-7-1a5f06
2026-08-06 23:49:19+05:30 2026-08-06 18:19:19.783 | INFO     | flash_head.src.pipeline.flash_head_pipeline:generate_batch:548 - [generate_batch] GPU_BREAKDOWN denoise=919.4ms decode=15.3ms color+encode=159.3ms total=1094.1ms batch_size=1
2026-08-06 23:49:19+05:30 2026-08-06 18:19:19.783 | INFO     | flash_head.src.pipeline.flash_head_pipeline:generate_batch:555 - [generate_batch] DENOISE_STEPS total=919.4ms steps=[s0=145.6 s1=77.9 s2=87.1 s3=608.8] n_steps=4 batch_size=1
2026-08-06 23:49:19+05:30 2026-08-06 18:19:19,784 [INFO] VideoPublisher: VIDEO_PUBLISH_METRICS session=conc-test-8-bba722 windowMs=5013 frames=122 effectiveFps=24.3 liveFrames=112 repeatedLiveFrames=10 idleFrames=0 desyncPct=8.2 maxGapMs=234.8 maxCaptureMs=1.2
2026-08-06 23:49:19+05:30 2026-08-06 18:19:19,809 [INFO] streaming.state_manager: [SM] IDLE -> TRANSITION_TO_LIVE (crossfade 8 frames, queue=24)
2026-08-06 23:49:20+05:30 2026-08-06 18:19:20,000 [INFO] VideoPublisher: VIDEO_PUBLISH_METRICS session=conc-test-1-5b1256 windowMs=5009 frames=124 effectiveFps=24.8 liveFrames=103 repeatedLiveFrames=21 idleFrames=0 desyncPct=16.9 maxGapMs=268.1 maxCaptureMs=1.0
2026-08-06 23:49:20+05:30 2026-08-06 18:19:20,038 [INFO] streaming.state_manager: [SM] TRANSITION_TO_LIVE -> LIVE
2026-08-06 23:49:20+05:30 2026-08-06 18:19:20,217 [INFO] streaming.state_manager: [SM] LIVE -> TRANSITION_TO_IDLE (crossfade 8 frames)
2026-08-06 23:49:20+05:30 2026-08-06 18:19:20,222 [INFO] streaming.state_manager: [SM] LIVE -> TRANSITION_TO_IDLE (crossfade 8 frames)
2026-08-06 23:49:20+05:30 2026-08-06 18:19:20,222 [INFO] streaming.state_manager: [SM] LIVE -> TRANSITION_TO_IDLE (crossfade 8 frames)
2026-08-06 23:49:20+05:30 2026-08-06 18:19:20,238 [INFO] streaming.state_manager: [SM] LIVE -> TRANSITION_TO_IDLE (crossfade 8 frames)
2026-08-06 23:49:20+05:30 2026-08-06 18:19:20,246 [INFO] streaming.state_manager: [SM] LIVE -> TRANSITION_TO_IDLE (crossfade 8 frames)
2026-08-06 23:49:20+05:30 2026-08-06 18:19:20,260 [INFO] VideoPublisher: VIDEO_PUBLISH_METRICS session=conc-test-3-096ecf windowMs=5000 frames=125 effectiveFps=25.0 liveFrames=97 repeatedLiveFrames=26 idleFrames=2 desyncPct=22.4 maxGapMs=257.9 maxCaptureMs=4.9
2026-08-06 23:49:20+05:30 2026-08-06 18:19:20,273 [INFO] streaming.state_manager: [SM] LIVE -> TRANSITION_TO_IDLE (crossfade 8 frames)
2026-08-06 23:49:20+05:30 2026-08-06 18:19:20,536 [INFO] streaming.state_manager: [SM] TRANSITION_TO_IDLE -> IDLE
2026-08-06 23:49:20+05:30 2026-08-06 18:19:20,540 [INFO] streaming.state_manager: [SM] TRANSITION_TO_IDLE -> IDLE
2026-08-06 23:49:20+05:30 2026-08-06 18:19:20,540 [INFO] streaming.state_manager: [SM] TRANSITION_TO_IDLE -> IDLE
2026-08-06 23:49:20+05:30 2026-08-06 18:19:20,557 [INFO] streaming.state_manager: [SM] TRANSITION_TO_IDLE -> IDLE
2026-08-06 23:49:20+05:30 2026-08-06 18:19:20,569 [INFO] streaming.state_manager: [SM] TRANSITION_TO_IDLE -> IDLE
2026-08-06 23:49:20+05:30 2026-08-06 18:19:20,592 [INFO] streaming.state_manager: [SM] TRANSITION_TO_IDLE -> IDLE
2026-08-06 23:49:20+05:30 2026-08-06 18:19:20,598 [INFO] VideoPublisher: VIDEO_PUBLISH_METRICS session=conc-test-2-39b7ef windowMs=5035 frames=126 effectiveFps=25.0 liveFrames=95 repeatedLiveFrames=21 idleFrames=10 desyncPct=24.6 maxGapMs=242.3 maxCaptureMs=1.0
2026-08-06 23:49:20+05:30 2026-08-06 18:19:20,745 [INFO] VideoPublisher: VIDEO_PUBLISH_METRICS session=conc-test-4-1c8f54 windowMs=5036 frames=126 effectiveFps=25.0 liveFrames=91 repeatedLiveFrames=21 idleFrames=14 desyncPct=27.8 maxGapMs=255.3 maxCaptureMs=1.2
2026-08-06 23:49:20+05:30 2026-08-06 18:19:20.809 | INFO     | flash_head.src.pipeline.flash_head_pipeline:generate_batch:548 - [generate_batch] GPU_BREAKDOWN denoise=492.6ms decode=23.8ms color+encode=326.9ms total=843.9ms batch_size=7
2026-08-06 23:49:20+05:30 2026-08-06 18:19:20.809 | INFO     | flash_head.src.pipeline.flash_head_pipeline:generate_batch:555 - [generate_batch] DENOISE_STEPS total=492.6ms steps=[s0=103.8 s1=128.4 s2=129.0 s3=131.4] n_steps=4 batch_size=7
2026-08-06 23:49:20+05:30 2026-08-06 18:19:20,901 [INFO] streaming.state_manager: [SM] IDLE -> TRANSITION_TO_LIVE (crossfade 8 frames, queue=24)
2026-08-06 23:49:20+05:30 2026-08-06 18:19:20,936 [INFO] streaming.state_manager: [SM] IDLE -> TRANSITION_TO_LIVE (crossfade 8 frames, queue=24)
2026-08-06 23:49:20+05:30 2026-08-06 18:19:20,939 [INFO] streaming.state_manager: [SM] IDLE -> TRANSITION_TO_LIVE (crossfade 8 frames, queue=24)
2026-08-06 23:49:20+05:30 2026-08-06 18:19:20,971 [INFO] streaming.state_manager: [SM] IDLE -> TRANSITION_TO_LIVE (crossfade 8 frames, queue=24)
2026-08-06 23:49:20+05:30 2026-08-06 18:19:20,977 [INFO] BatchedStreamingEngine: cycle=100 batch=7 sessions=['conc-test-1-5b1256', 'conc-test-3-096ecf', 'conc-test-4-1c8f54', 'conc-test-5-b3233b', 'conc-test-8-bba722', 'conc-test-2-39b7ef', 'conc-test-7-1a5f06'] embed=163.1ms infer=845.2ms xfer=166.7ms total=1180.3ms
2026-08-06 23:49:20+05:30 2026-08-06 18:19:20,978 [INFO] BatchedStreamingEngine: Session conc-test-3-096ecf reactivated (keep_alive)
2026-08-06 23:49:20+05:30 2026-08-06 18:19:20,993 [INFO] streaming.state_manager: [SM] IDLE -> TRANSITION_TO_LIVE (crossfade 8 frames, queue=24)
2026-08-06 23:49:20+05:30 2026-08-06 18:19:20,998 [INFO] streaming.state_manager: [SM] IDLE -> TRANSITION_TO_LIVE (crossfade 8 frames, queue=24)
2026-08-06 23:49:21+05:30 2026-08-06 18:19:21,088 [INFO] VideoPublisher: VIDEO_PUBLISH_METRICS session=conc-test-7-1a5f06 windowMs=5013 frames=125 effectiveFps=24.9 liveFrames=83 repeatedLiveFrames=21 idleFrames=21 desyncPct=33.6 maxGapMs=248.9 maxCaptureMs=1.2
2026-08-06 23:49:21+05:30 2026-08-06 18:19:21,100 [INFO] VideoPublisher: VIDEO_PUBLISH_METRICS session=conc-test-5-b3233b windowMs=5014 frames=125 effectiveFps=24.9 liveFrames=61 repeatedLiveFrames=17 idleFrames=47 desyncPct=51.2 maxGapMs=239.1 maxCaptureMs=1.3
2026-08-06 23:49:21+05:30 2026-08-06 18:19:21,151 [INFO] handler: UTTERANCE_END_RECEIVED session=conc-test-2-39b7ef
2026-08-06 23:49:21+05:30 2026-08-06 18:19:21,221 [INFO] streaming.state_manager: [SM] TRANSITION_TO_LIVE -> LIVE
2026-08-06 23:49:21+05:30 2026-08-06 18:19:21,256 [INFO] streaming.state_manager: [SM] TRANSITION_TO_LIVE -> LIVE
2026-08-06 23:49:21+05:30 2026-08-06 18:19:21,261 [INFO] streaming.state_manager: [SM] TRANSITION_TO_LIVE -> LIVE
2026-08-06 23:49:21+05:30 2026-08-06 18:19:21,285 [INFO] streaming.state_manager: [SM] TRANSITION_TO_LIVE -> LIVE
2026-08-06 23:49:21+05:30 2026-08-06 18:19:21,312 [INFO] streaming.state_manager: [SM] TRANSITION_TO_LIVE -> LIVE
2026-08-06 23:49:21+05:30 2026-08-06 18:19:21,317 [INFO] streaming.state_manager: [SM] TRANSITION_TO_LIVE -> LIVE
2026-08-06 23:49:21+05:30 2026-08-06 18:19:21,635 [INFO] handler: WS_REQUEST_RECEIVED session=conc-test-6-84b924 origin= ip=172.20.4.71
2026-08-06 23:49:21+05:30 2026-08-06 18:19:21,635 [INFO] handler: WS_CONNECT session=conc-test-6-84b924 origin= ip=172.20.4.71 handlerMs=0.5
2026-08-06 23:49:21+05:30 2026-08-06 18:19:21.855 | INFO     | flash_head.src.pipeline.flash_head_pipeline:generate_batch:548 - [generate_batch] GPU_BREAKDOWN denoise=465.5ms decode=12.9ms color+encode=272.7ms total=751.3ms batch_size=6
2026-08-06 23:49:21+05:30 2026-08-06 18:19:21.855 | INFO     | flash_head.src.pipeline.flash_head_pipeline:generate_batch:555 - [generate_batch] DENOISE_STEPS total=465.5ms steps=[s0=134.5 s1=114.2 s2=101.0 s3=115.8] n_steps=4 batch_size=6
2026-08-06 23:49:21+05:30 2026-08-06 18:19:21,906 [INFO] handler: UTTERANCE_END_RECEIVED session=conc-test-3-096ecf
2026-08-06 23:49:22+05:30 [METRICS] GPU_util=31% GPU_temp=66C GPU_mem=4.3GB/95.0GB (reserved=18.8GB) RSS=15008MB CPU_user=228.9s CPU_sys=15.8s sessions=8 pool=15/15
2026-08-06 23:49:22+05:30 2026-08-06 18:19:22,696 [INFO] streaming.state_manager: [SM] LIVE -> TRANSITION_TO_IDLE (crossfade 8 frames)
2026-08-06 23:49:22+05:30 2026-08-06 18:19:22.853 | INFO     | flash_head.src.pipeline.flash_head_pipeline:generate_batch:548 - [generate_batch] GPU_BREAKDOWN denoise=451.5ms decode=18.4ms color+encode=267.8ms total=739.6ms batch_size=6
2026-08-06 23:49:22+05:30 2026-08-06 18:19:22.853 | INFO     | flash_head.src.pipeline.flash_head_pipeline:generate_batch:555 - [generate_batch] DENOISE_STEPS total=451.5ms steps=[s0=121.7 s1=113.1 s2=87.0 s3=129.7] n_steps=4 batch_size=6
2026-08-06 23:49:23+05:30 2026-08-06 18:19:23,016 [INFO] streaming.state_manager: [SM] TRANSITION_TO_IDLE -> IDLE
2026-08-06 23:49:23+05:30 2026-08-06 18:19:23,171 [INFO] batched_stream_processor: BATCHED_DRAIN_COMPLETED session=conc-test-3-096ecf cycles=188 elapsed=22642.3ms keep_alive=True
2026-08-06 23:49:23+05:30 2026-08-06 18:19:23,415 [INFO] batched_stream_processor: BATCHED_DRAIN_STARTED session=conc-test-3-096ecf keep_alive=True
2026-08-06 23:49:23+05:30 2026-08-06 18:19:23,415 [INFO] BatchedStreamingEngine: Session conc-test-3-096ecf marked for drain (keep_alive=True)
2026-08-06 23:49:24+05:30 2026-08-06 18:19:24.103 | INFO     | flash_head.src.pipeline.flash_head_pipeline:generate_batch:548 - [generate_batch] GPU_BREAKDOWN denoise=590.6ms decode=20.2ms color+encode=336.6ms total=948.8ms batch_size=7
2026-08-06 23:49:24+05:30 2026-08-06 18:19:24.103 | INFO     | flash_head.src.pipeline.flash_head_pipeline:generate_batch:555 - [generate_batch] DENOISE_STEPS total=590.6ms steps=[s0=208.5 s1=136.7 s2=128.1 s3=117.3] n_steps=4 batch_size=7
2026-08-06 23:49:24+05:30 2026-08-06 18:19:24,109 [INFO] batched_stream_processor: [BATCHED-DIAG] {'event': 'quality_changed', 't': 66.576, 'participant': 'aivatar-worker-conc-test-6-84b924', 'quality': '2'}
2026-08-06 23:49:24+05:30 2026-08-06 18:19:24,213 [INFO] AudioPublisher: [AP-DIAG] Calling publish_track()...
2026-08-06 23:49:24+05:30 2026-08-06 18:19:24,229 [INFO] AudioPublisher: [AP-DIAG] publish_track() completed in 16.1 ms (16000 Hz, 1 ch)
2026-08-06 23:49:24+05:30 2026-08-06 18:19:24,232 [INFO] batched_stream_processor: [BATCHED-DIAG] {'event': 'local_track_published', 't': 66.699, 'sid': 'TR_AMDJ7Pgx3zZbTt', 'kind': 1}
2026-08-06 23:49:24+05:30 2026-08-06 18:19:24,235 [INFO] livekit: livekit::rtc_engine::peer_transport:518:livekit::rtc_engine::peer_transport - Applying x-google-start-bitrate=1000 kbps (target_bps=Some(3000000))
2026-08-06 23:49:24+05:30 2026-08-06 18:19:24,250 [INFO] streaming.state_manager: [SM] IDLE -> TRANSITION_TO_LIVE (crossfade 8 frames, queue=24)
2026-08-06 23:49:24+05:30 2026-08-06 18:19:24,265 [INFO] handler: UTTERANCE_END_RECEIVED session=conc-test-5-b3233b
2026-08-06 23:49:24+05:30 2026-08-06 18:19:24,395 [INFO] handler: UTTERANCE_END_RECEIVED session=conc-test-4-1c8f54
2026-08-06 23:49:24+05:30 2026-08-06 18:19:24,566 [INFO] streaming.state_manager: [SM] TRANSITION_TO_LIVE -> LIVE
2026-08-06 23:49:24+05:30 2026-08-06 18:19:24,648 [INFO] VideoPublisher: VIDEO_PUBLISH_METRICS session=conc-test-6-84b924 windowMs=5012 frames=126 effectiveFps=25.1 liveFrames=3 repeatedLiveFrames=0 idleFrames=123 desyncPct=97.6 maxGapMs=57.8 maxCaptureMs=1.3
2026-08-06 23:49:24+05:30 2026-08-06 18:19:24,807 [INFO] VideoPublisher: VIDEO_PUBLISH_METRICS session=conc-test-8-bba722 windowMs=5023 frames=129 effectiveFps=25.7 liveFrames=84 repeatedLiveFrames=19 idleFrames=26 desyncPct=34.9 maxGapMs=56.8 maxCaptureMs=3.0
2026-08-06 23:49:25+05:30 2026-08-06 18:19:25,027 [INFO] VideoPublisher: VIDEO_PUBLISH_METRICS session=conc-test-1-5b1256 windowMs=5026 frames=127 effectiveFps=25.3 liveFrames=92 repeatedLiveFrames=10 idleFrames=25 desyncPct=27.6 maxGapMs=52.4 maxCaptureMs=1.4
2026-08-06 23:49:25+05:30 2026-08-06 18:19:25,299 [INFO] VideoPublisher: VIDEO_PUBLISH_METRICS session=conc-test-3-096ecf windowMs=5039 frames=126 effectiveFps=25.0 liveFrames=24 repeatedLiveFrames=12 idleFrames=90 desyncPct=81.0 maxGapMs=49.6 maxCaptureMs=0.8
2026-08-06 23:49:25+05:30 2026-08-06 18:19:25,319 [INFO] handler: UTTERANCE_END_RECEIVED session=conc-test-6-84b924
2026-08-06 23:49:25+05:30 2026-08-06 18:19:25,319 [INFO] batched_stream_processor: BATCHED_DRAIN_STARTED session=conc-test-6-84b924 keep_alive=True
2026-08-06 23:49:25+05:30 2026-08-06 18:19:25,319 [INFO] BatchedStreamingEngine: Session conc-test-6-84b924 marked for drain (keep_alive=True)
2026-08-06 23:49:25+05:30 2026-08-06 18:19:25.587 | INFO     | flash_head.src.pipeline.flash_head_pipeline:generate_batch:548 - [generate_batch] GPU_BREAKDOWN denoise=563.4ms decode=33.4ms color+encode=392.5ms total=989.6ms batch_size=8
2026-08-06 23:49:25+05:30 2026-08-06 18:19:25.587 | INFO     | flash_head.src.pipeline.flash_head_pipeline:generate_batch:555 - [generate_batch] DENOISE_STEPS total=563.4ms steps=[s0=133.2 s1=136.2 s2=145.3 s3=148.8] n_steps=4 batch_size=8
2026-08-06 23:49:25+05:30 2026-08-06 18:19:25,601 [INFO] VideoPublisher: VIDEO_PUBLISH_METRICS session=conc-test-2-39b7ef windowMs=5002 frames=125 effectiveFps=25.0 liveFrames=96 repeatedLiveFrames=12 idleFrames=17 desyncPct=23.2 maxGapMs=50.4 maxCaptureMs=1.2
2026-08-06 23:49:25+05:30 2026-08-06 18:19:25,701 [INFO] streaming.state_manager: [SM] LIVE -> TRANSITION_TO_IDLE (crossfade 8 frames)
2026-08-06 23:49:25+05:30 2026-08-06 18:19:25,739 [INFO] streaming.state_manager: [SM] IDLE -> TRANSITION_TO_LIVE (crossfade 8 frames, queue=24)
2026-08-06 23:49:25+05:30 2026-08-06 18:19:25,743 [INFO] streaming.state_manager: [SM] LIVE -> TRANSITION_TO_IDLE (crossfade 8 frames)
2026-08-06 23:49:25+05:30 2026-08-06 18:19:25,749 [INFO] VideoPublisher: VIDEO_PUBLISH_METRICS session=conc-test-4-1c8f54 windowMs=5004 frames=125 effectiveFps=25.0 liveFrames=96 repeatedLiveFrames=16 idleFrames=13 desyncPct=23.2 maxGapMs=53.3 maxCaptureMs=1.1
2026-08-06 23:49:25+05:30 2026-08-06 18:19:25,776 [INFO] streaming.state_manager: [SM] IDLE -> TRANSITION_TO_LIVE (crossfade 8 frames, queue=24)
2026-08-06 23:49:25+05:30 2026-08-06 18:19:25,799 [INFO] streaming.state_manager: [SM] LIVE -> TRANSITION_TO_IDLE (crossfade 8 frames)
2026-08-06 23:49:25+05:30 2026-08-06 18:19:25,805 [INFO] streaming.state_manager: [SM] LIVE -> TRANSITION_TO_IDLE (crossfade 8 frames)
2026-08-06 23:49:25+05:30 2026-08-06 18:19:25,818 [INFO] streaming.state_manager: [SM] IDLE -> TRANSITION_TO_LIVE (crossfade 8 frames, queue=24)
2026-08-06 23:49:25+05:30 2026-08-06 18:19:25,878 [INFO] streaming.state_manager: [SM] IDLE -> TRANSITION_TO_LIVE (crossfade 8 frames, queue=24)
2026-08-06 23:49:25+05:30 2026-08-06 18:19:25,878 [INFO] streaming.state_manager: [SM] LIVE -> TRANSITION_TO_IDLE (crossfade 8 frames)
2026-08-06 23:49:25+05:30 2026-08-06 18:19:25,886 [INFO] streaming.state_manager: [SM] IDLE -> TRANSITION_TO_LIVE (crossfade 8 frames, queue=24)
2026-08-06 23:49:25+05:30 2026-08-06 18:19:25,898 [INFO] handler: UTTERANCE_END_RECEIVED session=conc-test-1-5b1256
2026-08-06 23:49:25+05:30 2026-08-06 18:19:25,914 [INFO] streaming.state_manager: [SM] LIVE -> TRANSITION_TO_IDLE (crossfade 8 frames)
2026-08-06 23:49:25+05:30 2026-08-06 18:19:25,920 [INFO] streaming.state_manager: [SM] IDLE -> TRANSITION_TO_LIVE (crossfade 8 frames, queue=24)
2026-08-06 23:49:25+05:30 2026-08-06 18:19:25,957 [INFO] streaming.state_manager: [SM] IDLE -> TRANSITION_TO_LIVE (crossfade 8 frames, queue=24)
2026-08-06 23:49:26+05:30 2026-08-06 18:19:26,081 [INFO] streaming.state_manager: [SM] TRANSITION_TO_LIVE -> LIVE
2026-08-06 23:49:26+05:30 2026-08-06 18:19:26,094 [INFO] VideoPublisher: VIDEO_PUBLISH_METRICS session=conc-test-7-1a5f06 windowMs=5005 frames=125 effectiveFps=25.0 liveFrames=96 repeatedLiveFrames=19 idleFrames=10 desyncPct=23.2 maxGapMs=56.7 maxCaptureMs=1.5
2026-08-06 23:49:26+05:30 2026-08-06 18:19:26,103 [INFO] VideoPublisher: VIDEO_PUBLISH_METRICS session=conc-test-5-b3233b windowMs=5003 frames=125 effectiveFps=25.0 liveFrames=93 repeatedLiveFrames=24 idleFrames=8 desyncPct=25.6 maxGapMs=51.5 maxCaptureMs=1.0
2026-08-06 23:49:26+05:30 2026-08-06 18:19:26,112 [INFO] streaming.state_manager: [SM] TRANSITION_TO_LIVE -> LIVE
2026-08-06 23:49:26+05:30 2026-08-06 18:19:26,140 [INFO] streaming.state_manager: [SM] TRANSITION_TO_LIVE -> LIVE
2026-08-06 23:49:26+05:30 2026-08-06 18:19:26,198 [INFO] streaming.state_manager: [SM] TRANSITION_TO_LIVE -> LIVE
2026-08-06 23:49:26+05:30 2026-08-06 18:19:26,206 [INFO] streaming.state_manager: [SM] TRANSITION_TO_LIVE -> LIVE
2026-08-06 23:49:26+05:30 2026-08-06 18:19:26,237 [INFO] streaming.state_manager: [SM] TRANSITION_TO_LIVE -> LIVE
2026-08-06 23:49:26+05:30 2026-08-06 18:19:26,273 [INFO] streaming.state_manager: [SM] TRANSITION_TO_LIVE -> LIVE
2026-08-06 23:49:26+05:30 2026-08-06 18:19:26,359 [ERROR] livekit: livekit::rtc_engine:977:livekit::rtc_engine - restarting connection failed: connection error: wait_pc_connection timed out
2026-08-06 23:49:26+05:30 2026-08-06 18:19:26,635 [ERROR] livekit: livekit::rtc_engine:942:livekit::rtc_engine - restarting connection... attempt: 3
2026-08-06 23:49:26+05:30 2026-08-06 18:19:26,672 [INFO] livekit: livekit_api::signal_client::signal_stream:53:livekit_api::signal_client::signal_stream - connecting to wss://ai-14ksodzi.livekit.cloud/rtc/v1
2026-08-06 23:49:27+05:30 2026-08-06 18:19:27,038 [INFO] batched_stream_processor: [BATCHED-DIAG] {'event': 'connection_state_changed', 't': 77.038, 'state': '1'}
2026-08-06 23:49:27+05:30 2026-08-06 18:19:27,039 [INFO] batched_stream_processor: [BATCHED-DIAG] {'event': 'reconnected', 't': 77.04, 'state': '1'}
2026-08-06 23:49:27+05:30 2026-08-06 18:19:27,172 [INFO] streaming.state_manager: [SM] LIVE -> TRANSITION_TO_IDLE (crossfade 8 frames)
2026-08-06 23:49:27+05:30 2026-08-06 18:19:27,210 [INFO] livekit: livekit::rtc_engine:885:livekit::rtc_engine - RtcEngine successfully recovered
2026-08-06 23:49:27+05:30 2026-08-06 18:19:27,266 [INFO] livekit: livekit::room::e2ee::manager:179:livekit::room::e2ee::manager - packet_trailer not enabled for published track TR_VCppxLGFSe76eE from aivatar-worker-conc-test-5-b3233b
2026-08-06 23:49:27+05:30 2026-08-06 18:19:27,318 [INFO] livekit: livekit::rtc_engine::peer_transport:518:livekit::rtc_engine::peer_transport - Applying x-google-start-bitrate=1000 kbps (target_bps=Some(3000000))
2026-08-06 23:49:27+05:30 [METRICS] GPU_util=25% GPU_temp=61C GPU_mem=5.4GB/95.0GB (reserved=20.9GB) RSS=15008MB CPU_user=244.4s CPU_sys=16.6s sessions=8 pool=15/15
2026-08-06 23:49:27+05:30 2026-08-06 18:19:27,490 [INFO] streaming.state_manager: [SM] TRANSITION_TO_IDLE -> IDLE
2026-08-06 23:49:27+05:30 2026-08-06 18:19:27,514 [INFO] streaming.state_manager: [SM] LIVE -> TRANSITION_TO_IDLE (crossfade 8 frames)
2026-08-06 23:49:27+05:30 2026-08-06 18:19:27,553 [INFO] streaming.state_manager: [SM] LIVE -> TRANSITION_TO_IDLE (crossfade 8 frames)
2026-08-06 23:49:27+05:30 2026-08-06 18:19:27,594 [INFO] streaming.state_manager: [SM] LIVE -> TRANSITION_TO_IDLE (crossfade 8 frames)
2026-08-06 23:49:27+05:30 2026-08-06 18:19:27,606 [INFO] handler: UTTERANCE_END_RECEIVED session=conc-test-8-bba722
2026-08-06 23:49:27+05:30 2026-08-06 18:19:27.608 | INFO     | flash_head.src.pipeline.flash_head_pipeline:generate_batch:548 - [generate_batch] GPU_BREAKDOWN denoise=627.9ms decode=136.1ms color+encode=747.5ms total=1511.8ms batch_size=8
2026-08-06 23:49:27+05:30 2026-08-06 18:19:27.608 | INFO     | flash_head.src.pipeline.flash_head_pipeline:generate_batch:555 - [generate_batch] DENOISE_STEPS total=627.9ms steps=[s0=144.2 s1=173.3 s2=115.7 s3=194.8] n_steps=4 batch_size=8
2026-08-06 23:49:27+05:30 2026-08-06 18:19:27,645 [INFO] streaming.state_manager: [SM] LIVE -> TRANSITION_TO_IDLE (crossfade 8 frames)
2026-08-06 23:49:27+05:30 2026-08-06 18:19:27,648 [INFO] streaming.state_manager: [SM] LIVE -> TRANSITION_TO_IDLE (crossfade 8 frames)
2026-08-06 23:49:27+05:30 2026-08-06 18:19:27,664 [INFO] streaming.state_manager: [SM] IDLE -> TRANSITION_TO_LIVE (crossfade 8 frames, queue=24)
2026-08-06 23:49:27+05:30 2026-08-06 18:19:27,682 [INFO] streaming.state_manager: [SM] LIVE -> TRANSITION_TO_IDLE (crossfade 8 frames)
2026-08-06 23:49:27+05:30 2026-08-06 18:19:27,700 [INFO] streaming.state_manager: [SM] IDLE -> TRANSITION_TO_LIVE (crossfade 8 frames, queue=24)
2026-08-06 23:49:27+05:30 2026-08-06 18:19:27,718 [INFO] streaming.state_manager: [SM] LIVE -> TRANSITION_TO_IDLE (crossfade 8 frames)
2026-08-06 23:49:27+05:30 2026-08-06 18:19:27,739 [INFO] streaming.state_manager: [SM] IDLE -> TRANSITION_TO_LIVE (crossfade 8 frames, queue=24)
2026-08-06 23:49:27+05:30 2026-08-06 18:19:27,761 [INFO] streaming.state_manager: [SM] IDLE -> TRANSITION_TO_LIVE (crossfade 8 frames, queue=24)
2026-08-06 23:49:27+05:30 2026-08-06 18:19:27,808 [INFO] streaming.state_manager: [SM] IDLE -> TRANSITION_TO_LIVE (crossfade 8 frames, queue=24)
2026-08-06 23:49:27+05:30 2026-08-06 18:19:27,838 [INFO] streaming.state_manager: [SM] IDLE -> TRANSITION_TO_LIVE (crossfade 8 frames, queue=24)
2026-08-06 23:49:27+05:30 2026-08-06 18:19:27,872 [INFO] streaming.state_manager: [SM] IDLE -> TRANSITION_TO_LIVE (crossfade 8 frames, queue=24)
2026-08-06 23:49:27+05:30 2026-08-06 18:19:27,903 [INFO] BatchedStreamingEngine: Session conc-test-4-1c8f54 reactivated (keep_alive)
2026-08-06 23:49:27+05:30 2026-08-06 18:19:27,938 [INFO] streaming.state_manager: [SM] IDLE -> TRANSITION_TO_LIVE (crossfade 8 frames, queue=24)
2026-08-06 23:49:28+05:30 2026-08-06 18:19:28,001 [INFO] streaming.state_manager: [SM] TRANSITION_TO_LIVE -> LIVE
2026-08-06 23:49:28+05:30 2026-08-06 18:19:28,030 [INFO] streaming.state_manager: [SM] TRANSITION_TO_LIVE -> LIVE
2026-08-06 23:49:28+05:30 2026-08-06 18:19:28,069 [INFO] streaming.state_manager: [SM] TRANSITION_TO_LIVE -> LIVE
2026-08-06 23:49:28+05:30 2026-08-06 18:19:28,084 [INFO] streaming.state_manager: [SM] TRANSITION_TO_LIVE -> LIVE
2026-08-06 23:49:28+05:30 2026-08-06 18:19:28,101 [INFO] handler: UTTERANCE_END_RECEIVED session=conc-test-7-1a5f06
2026-08-06 23:49:28+05:30 2026-08-06 18:19:28,127 [INFO] streaming.state_manager: [SM] TRANSITION_TO_LIVE -> LIVE
2026-08-06 23:49:28+05:30 2026-08-06 18:19:28,157 [INFO] streaming.state_manager: [SM] TRANSITION_TO_LIVE -> LIVE
2026-08-06 23:49:28+05:30 2026-08-06 18:19:28,192 [INFO] streaming.state_manager: [SM] TRANSITION_TO_LIVE -> LIVE
2026-08-06 23:49:28+05:30 2026-08-06 18:19:28,242 [INFO] streaming.state_manager: [SM] TRANSITION_TO_LIVE -> LIVE
2026-08-06 23:49:28+05:30 2026-08-06 18:19:28.908 | INFO     | flash_head.src.pipeline.flash_head_pipeline:generate_batch:548 - [generate_batch] GPU_BREAKDOWN denoise=493.0ms decode=22.9ms color+encode=338.7ms total=854.9ms batch_size=7
2026-08-06 23:49:28+05:30 2026-08-06 18:19:28.908 | INFO     | flash_head.src.pipeline.flash_head_pipeline:generate_batch:555 - [generate_batch] DENOISE_STEPS total=493.0ms steps=[s0=130.9 s1=108.8 s2=125.4 s3=128.0] n_steps=4 batch_size=7
2026-08-06 23:49:29+05:30 2026-08-06 18:19:29,502 [INFO] streaming.state_manager: [SM] LIVE -> TRANSITION_TO_IDLE (crossfade 8 frames)
2026-08-06 23:49:29+05:30 2026-08-06 18:19:29,530 [INFO] handler: UTTERANCE_END_RECEIVED session=conc-test-2-39b7ef
2026-08-06 23:49:29+05:30 2026-08-06 18:19:29,568 [INFO] streaming.state_manager: [SM] Adaptive caps: p95_ms=1406 buffer=36 peak=60 MAX=78 TARGET=62
2026-08-06 23:49:29+05:30 2026-08-06 18:19:29,687 [INFO] VideoPublisher: VIDEO_PUBLISH_METRICS session=conc-test-6-84b924 windowMs=5038 frames=126 effectiveFps=25.0 liveFrames=82 repeatedLiveFrames=17 idleFrames=27 desyncPct=34.9 maxGapMs=75.1 maxCaptureMs=1.2
2026-08-06 23:49:29+05:30 2026-08-06 18:19:29,819 [INFO] streaming.state_manager: [SM] TRANSITION_TO_IDLE -> IDLE
2026-08-06 23:49:29+05:30 2026-08-06 18:19:29,854 [INFO] VideoPublisher: VIDEO_PUBLISH_METRICS session=conc-test-8-bba722 windowMs=5047 frames=126 effectiveFps=25.0 liveFrames=80 repeatedLiveFrames=24 idleFrames=22 desyncPct=36.5 maxGapMs=55.3 maxCaptureMs=1.1
2026-08-06 23:49:29+05:30 2026-08-06 18:19:29,857 [INFO] streaming.state_manager: [SM] Adaptive caps: p95_ms=1406 buffer=36 peak=60 MAX=78 TARGET=62
2026-08-06 23:49:29+05:30 2026-08-06 18:19:29,968 [INFO] batched_stream_processor: BATCHED_DRAIN_COMPLETED session=conc-test-4-1c8f54 cycles=203 elapsed=24217.5ms keep_alive=True
2026-08-06 23:49:30+05:30 2026-08-06 18:19:30,067 [INFO] VideoPublisher: VIDEO_PUBLISH_METRICS session=conc-test-1-5b1256 windowMs=5040 frames=126 effectiveFps=25.0 liveFrames=76 repeatedLiveFrames=29 idleFrames=21 desyncPct=39.7 maxGapMs=56.5 maxCaptureMs=1.0
2026-08-06 23:49:30+05:30 2026-08-06 18:19:30.106 | INFO     | flash_head.src.pipeline.flash_head_pipeline:generate_batch:548 - [generate_batch] GPU_BREAKDOWN denoise=502.4ms decode=16.2ms color+encode=359.0ms total=877.8ms batch_size=7
2026-08-06 23:49:30+05:30 2026-08-06 18:19:30.106 | INFO     | flash_head.src.pipeline.flash_head_pipeline:generate_batch:555 - [generate_batch] DENOISE_STEPS total=502.4ms steps=[s0=116.5 s1=123.6 s2=145.1 s3=117.2] n_steps=4 batch_size=7
2026-08-06 23:49:30+05:30 2026-08-06 18:19:30,116 [INFO] batched_stream_processor: BATCHED_DRAIN_STARTED session=conc-test-4-1c8f54 keep_alive=True
2026-08-06 23:49:30+05:30 2026-08-06 18:19:30,116 [INFO] BatchedStreamingEngine: Session conc-test-4-1c8f54 marked for drain (keep_alive=True)
2026-08-06 23:49:30+05:30 2026-08-06 18:19:30,267 [INFO] handler: UTTERANCE_END_RECEIVED session=conc-test-3-096ecf
2026-08-06 23:49:30+05:30 2026-08-06 18:19:30,300 [INFO] VideoPublisher: VIDEO_PUBLISH_METRICS session=conc-test-3-096ecf windowMs=5000 frames=125 effectiveFps=25.0 liveFrames=74 repeatedLiveFrames=20 idleFrames=31 desyncPct=40.8 maxGapMs=57.0 maxCaptureMs=1.2
2026-08-06 23:49:30+05:30 2026-08-06 18:19:30,417 [INFO] BatchedStreamingEngine: Session conc-test-1-5b1256 reactivated (keep_alive)
2026-08-06 23:49:30+05:30 2026-08-06 18:19:30,417 [INFO] BatchedStreamingEngine: Session conc-test-7-1a5f06 reactivated (keep_alive)
2026-08-06 23:49:30+05:30 2026-08-06 18:19:30,601 [INFO] VideoPublisher: VIDEO_PUBLISH_METRICS session=conc-test-2-39b7ef windowMs=5000 frames=125 effectiveFps=25.0 liveFrames=79 repeatedLiveFrames=25 idleFrames=21 desyncPct=36.8 maxGapMs=59.8 maxCaptureMs=1.7
2026-08-06 23:49:30+05:30 2026-08-06 18:19:30,783 [INFO] VideoPublisher: VIDEO_PUBLISH_METRICS session=conc-test-4-1c8f54 windowMs=5034 frames=126 effectiveFps=25.0 liveFrames=48 repeatedLiveFrames=24 idleFrames=54 desyncPct=61.9 maxGapMs=63.0 maxCaptureMs=6.2
2026-08-06 23:49:31+05:30 2026-08-06 18:19:31,114 [INFO] VideoPublisher: VIDEO_PUBLISH_METRICS session=conc-test-7-1a5f06 windowMs=5020 frames=126 effectiveFps=25.1 liveFrames=91 repeatedLiveFrames=19 idleFrames=16 desyncPct=27.8 maxGapMs=68.1 maxCaptureMs=1.1
2026-08-06 23:49:31+05:30 2026-08-06 18:19:31,122 [INFO] VideoPublisher: VIDEO_PUBLISH_METRICS session=conc-test-5-b3233b windowMs=5019 frames=126 effectiveFps=25.1 liveFrames=94 repeatedLiveFrames=19 idleFrames=13 desyncPct=25.4 maxGapMs=56.7 maxCaptureMs=1.0
2026-08-06 23:49:31+05:30 2026-08-06 18:19:31.292 | INFO     | flash_head.src.pipeline.flash_head_pipeline:generate_batch:548 - [generate_batch] GPU_BREAKDOWN denoise=459.4ms decode=16.5ms color+encode=276.5ms total=752.5ms batch_size=6
2026-08-06 23:49:31+05:30 2026-08-06 18:19:31.292 | INFO     | flash_head.src.pipeline.flash_head_pipeline:generate_batch:555 - [generate_batch] DENOISE_STEPS total=459.4ms steps=[s0=128.0 s1=122.4 s2=104.7 s3=104.3] n_steps=4 batch_size=6
2026-08-06 23:49:31+05:30 2026-08-06 18:19:31,460 [INFO] streaming.state_manager: [SM] IDLE -> TRANSITION_TO_LIVE (crossfade 8 frames, queue=24)
2026-08-06 23:49:31+05:30 2026-08-06 18:19:31,664 [INFO] streaming.state_manager: [SM] LIVE -> TRANSITION_TO_IDLE (crossfade 8 frames)
2026-08-06 23:49:31+05:30 2026-08-06 18:19:31,729 [INFO] batched_stream_processor: [BATCHED-DIAG] {'event': 'quality_changed', 't': 81.73, 'participant': 'aivatar-worker-conc-test-5-b3233b', 'quality': '2'}
2026-08-06 23:49:31+05:30 2026-08-06 18:19:31,779 [INFO] streaming.state_manager: [SM] TRANSITION_TO_LIVE -> LIVE
2026-08-06 23:49:31+05:30 2026-08-06 18:19:31,834 [INFO] streaming.state_manager: [SM] LIVE -> TRANSITION_TO_IDLE (crossfade 8 frames)
2026-08-06 23:49:31+05:30 2026-08-06 18:19:31,979 [INFO] streaming.state_manager: [SM] TRANSITION_TO_IDLE -> IDLE
2026-08-06 23:49:32+05:30 2026-08-06 18:19:32,129 [INFO] batched_stream_processor: BATCHED_DRAIN_COMPLETED session=conc-test-1-5b1256 cycles=214 elapsed=24114.2ms keep_alive=True
2026-08-06 23:49:32+05:30 2026-08-06 18:19:32,151 [INFO] streaming.state_manager: [SM] TRANSITION_TO_IDLE -> IDLE
2026-08-06 23:49:32+05:30 2026-08-06 18:19:32,276 [INFO] batched_stream_processor: BATCHED_DRAIN_STARTED session=conc-test-1-5b1256 keep_alive=True
2026-08-06 23:49:32+05:30 2026-08-06 18:19:32,276 [INFO] BatchedStreamingEngine: Session conc-test-1-5b1256 marked for drain (keep_alive=True)
2026-08-06 23:49:32+05:30 2026-08-06 18:19:32,280 [INFO] batched_stream_processor: BATCHED_DRAIN_COMPLETED session=conc-test-7-1a5f06 cycles=183 elapsed=20931.4ms keep_alive=True
2026-08-06 23:49:32+05:30 2026-08-06 18:19:32,396 [INFO] batched_stream_processor: BATCHED_DRAIN_STARTED session=conc-test-7-1a5f06 keep_alive=True
2026-08-06 23:49:32+05:30 2026-08-06 18:19:32,396 [INFO] BatchedStreamingEngine: Session conc-test-7-1a5f06 marked for drain (keep_alive=True)
2026-08-06 23:49:32+05:30 [METRICS] GPU_util=94% GPU_temp=71C GPU_mem=4.6GB/95.0GB (reserved=20.9GB) RSS=15008MB CPU_user=259.8s CPU_sys=17.3s sessions=8 pool=15/15
2026-08-06 23:49:32+05:30 2026-08-06 18:19:32.518 | INFO     | flash_head.src.pipeline.flash_head_pipeline:generate_batch:548 - [generate_batch] GPU_BREAKDOWN denoise=511.6ms decode=22.9ms color+encode=273.7ms total=808.6ms batch_size=6
2026-08-06 23:49:32+05:30 2026-08-06 18:19:32.519 | INFO     | flash_head.src.pipeline.flash_head_pipeline:generate_batch:555 - [generate_batch] DENOISE_STEPS total=511.6ms steps=[s0=139.4 s1=104.9 s2=102.6 s3=164.7] n_steps=4 batch_size=6
2026-08-06 23:49:32+05:30 2026-08-06 18:19:32,661 [INFO] handler: UTTERANCE_END_RECEIVED session=conc-test-5-b3233b
2026-08-06 23:49:32+05:30 2026-08-06 18:19:32,711 [INFO] handler: UTTERANCE_END_RECEIVED session=conc-test-4-1c8f54
2026-08-06 23:49:32+05:30 2026-08-06 18:19:32,815 [INFO] BatchedStreamingEngine: Session conc-test-2-39b7ef reactivated (keep_alive)
2026-08-06 23:49:33+05:30 2026-08-06 18:19:33,649 [INFO] handler: UTTERANCE_END_RECEIVED session=conc-test-6-84b924
2026-08-06 23:49:33+05:30 2026-08-06 18:19:33.817 | INFO     | flash_head.src.pipeline.flash_head_pipeline:generate_batch:548 - [generate_batch] GPU_BREAKDOWN denoise=518.1ms decode=19.5ms color+encode=325.8ms total=863.7ms batch_size=7
2026-08-06 23:49:33+05:30 2026-08-06 18:19:33.817 | INFO     | flash_head.src.pipeline.flash_head_pipeline:generate_batch:555 - [generate_batch] DENOISE_STEPS total=518.1ms steps=[s0=113.6 s1=128.5 s2=143.0 s3=133.1] n_steps=4 batch_size=7
2026-08-06 23:49:33+05:30 2026-08-06 18:19:33,902 [INFO] streaming.state_manager: [SM] IDLE -> TRANSITION_TO_LIVE (crossfade 8 frames, queue=24)
2026-08-06 23:49:33+05:30 2026-08-06 18:19:33,992 [INFO] streaming.state_manager: [SM] IDLE -> TRANSITION_TO_LIVE (crossfade 8 frames, queue=24)
2026-08-06 23:49:33+05:30 2026-08-06 18:19:33,993 [INFO] BatchedStreamingEngine: cycle=110 batch=7 sessions=['conc-test-1-5b1256', 'conc-test-3-096ecf', 'conc-test-4-1c8f54', 'conc-test-5-b3233b', 'conc-test-8-bba722', 'conc-test-7-1a5f06', 'conc-test-6-84b924'] embed=137.7ms infer=864.3ms xfer=175.7ms total=1177.9ms
2026-08-06 23:49:33+05:30 2026-08-06 18:19:33,996 [INFO] BatchedStreamingEngine: Session conc-test-8-bba722 reactivated (keep_alive)
2026-08-06 23:49:34+05:30 2026-08-06 18:19:34,221 [INFO] streaming.state_manager: [SM] TRANSITION_TO_LIVE -> LIVE
2026-08-06 23:49:34+05:30 2026-08-06 18:19:34,241 [INFO] streaming.state_manager: [SM] LIVE -> TRANSITION_TO_IDLE (crossfade 8 frames)
2026-08-06 23:49:34+05:30 2026-08-06 18:19:34,277 [INFO] handler: UTTERANCE_END_RECEIVED session=conc-test-1-5b1256
2026-08-06 23:49:34+05:30 2026-08-06 18:19:34,312 [INFO] streaming.state_manager: [SM] TRANSITION_TO_LIVE -> LIVE
2026-08-06 23:49:34+05:30 2026-08-06 18:19:34,557 [INFO] streaming.state_manager: [SM] TRANSITION_TO_IDLE -> IDLE
2026-08-06 23:49:34+05:30 2026-08-06 18:19:34,691 [INFO] batched_stream_processor: BATCHED_DRAIN_COMPLETED session=conc-test-2-39b7ef cycles=192 elapsed=21872.5ms keep_alive=True
2026-08-06 23:49:34+05:30 2026-08-06 18:19:34,730 [INFO] VideoPublisher: VIDEO_PUBLISH_METRICS session=conc-test-6-84b924 windowMs=5043 frames=126 effectiveFps=25.0 liveFrames=102 repeatedLiveFrames=24 idleFrames=0 desyncPct=19.0 maxGapMs=55.2 maxCaptureMs=1.0
2026-08-06 23:49:34+05:30 2026-08-06 18:19:34,795 [INFO] batched_stream_processor: BATCHED_DRAIN_STARTED session=conc-test-2-39b7ef keep_alive=True
2026-08-06 23:49:34+05:30 2026-08-06 18:19:34,795 [INFO] BatchedStreamingEngine: Session conc-test-2-39b7ef marked for drain (keep_alive=True)
2026-08-06 23:49:34+05:30 2026-08-06 18:19:34,895 [INFO] VideoPublisher: VIDEO_PUBLISH_METRICS session=conc-test-8-bba722 windowMs=5041 frames=126 effectiveFps=25.0 liveFrames=100 repeatedLiveFrames=26 idleFrames=0 desyncPct=20.6 maxGapMs=54.6 maxCaptureMs=5.9
2026-08-06 23:49:34+05:30 2026-08-06 18:19:34.919 | INFO     | flash_head.src.pipeline.flash_head_pipeline:generate_batch:548 - [generate_batch] GPU_BREAKDOWN denoise=471.6ms decode=14.3ms color+encode=290.2ms total=776.4ms batch_size=6
2026-08-06 23:49:34+05:30 2026-08-06 18:19:34.919 | INFO     | flash_head.src.pipeline.flash_head_pipeline:generate_batch:555 - [generate_batch] DENOISE_STEPS total=471.6ms steps=[s0=142.2 s1=108.4 s2=99.5 s3=121.5] n_steps=4 batch_size=6
2026-08-06 23:49:35+05:30 2026-08-06 18:19:35,106 [INFO] VideoPublisher: VIDEO_PUBLISH_METRICS session=conc-test-1-5b1256 windowMs=5039 frames=126 effectiveFps=25.0 liveFrames=47 repeatedLiveFrames=15 idleFrames=64 desyncPct=62.7 maxGapMs=55.1 maxCaptureMs=1.2
2026-08-06 23:49:35+05:30 2026-08-06 18:19:35,339 [INFO] VideoPublisher: VIDEO_PUBLISH_METRICS session=conc-test-3-096ecf windowMs=5039 frames=126 effectiveFps=25.0 liveFrames=102 repeatedLiveFrames=24 idleFrames=0 desyncPct=19.0 maxGapMs=48.8 maxCaptureMs=1.4
2026-08-06 23:49:35+05:30 2026-08-06 18:19:35,411 [INFO] streaming.state_manager: [SM] LIVE -> TRANSITION_TO_IDLE (crossfade 8 frames)
2026-08-06 23:49:35+05:30 2026-08-06 18:19:35,462 [INFO] streaming.state_manager: [SM] Adaptive caps: p95_ms=1392 buffer=35 peak=59 MAX=76 TARGET=60
2026-08-06 23:49:35+05:30 2026-08-06 18:19:35,640 [INFO] VideoPublisher: VIDEO_PUBLISH_METRICS session=conc-test-2-39b7ef windowMs=5038 frames=126 effectiveFps=25.0 liveFrames=65 repeatedLiveFrames=25 idleFrames=36 desyncPct=48.4 maxGapMs=47.1 maxCaptureMs=1.3
2026-08-06 23:49:35+05:30 2026-08-06 18:19:35,725 [INFO] streaming.state_manager: [SM] TRANSITION_TO_IDLE -> IDLE
2026-08-06 23:49:35+05:30 2026-08-06 18:19:35,823 [INFO] VideoPublisher: VIDEO_PUBLISH_METRICS session=conc-test-4-1c8f54 windowMs=5040 frames=126 effectiveFps=25.0 liveFrames=92 repeatedLiveFrames=10 idleFrames=24 desyncPct=27.0 maxGapMs=49.8 maxCaptureMs=1.3
2026-08-06 23:49:35+05:30 2026-08-06 18:19:35,858 [INFO] batched_stream_processor: BATCHED_DRAIN_COMPLETED session=conc-test-8-bba722 cycles=208 elapsed=23620.3ms keep_alive=True
2026-08-06 23:49:35+05:30 2026-08-06 18:19:35,927 [INFO] batched_stream_processor: BATCHED_DRAIN_STARTED session=conc-test-8-bba722 keep_alive=True
2026-08-06 23:49:35+05:30 2026-08-06 18:19:35,928 [INFO] BatchedStreamingEngine: Session conc-test-8-bba722 marked for drain (keep_alive=True)
2026-08-06 23:49:35+05:30 2026-08-06 18:19:35,945 [INFO] handler: UTTERANCE_END_RECEIVED session=conc-test-8-bba722
2026-08-06 23:49:36+05:30 2026-08-06 18:19:36,072 [INFO] streaming.state_manager: [SM] Adaptive caps: p95_ms=1392 buffer=35 peak=59 MAX=76 TARGET=60
2026-08-06 23:49:36+05:30 2026-08-06 18:19:36,115 [INFO] VideoPublisher: VIDEO_PUBLISH_METRICS session=conc-test-7-1a5f06 windowMs=5001 frames=125 effectiveFps=25.0 liveFrames=51 repeatedLiveFrames=12 idleFrames=62 desyncPct=59.2 maxGapMs=47.5 maxCaptureMs=1.2
2026-08-06 23:49:36+05:30 2026-08-06 18:19:36,123 [INFO] VideoPublisher: VIDEO_PUBLISH_METRICS session=conc-test-5-b3233b windowMs=5000 frames=125 effectiveFps=25.0 liveFrames=98 repeatedLiveFrames=27 idleFrames=0 desyncPct=21.6 maxGapMs=45.5 maxCaptureMs=7.3
2026-08-06 23:49:36+05:30 2026-08-06 18:19:36.149 | INFO     | flash_head.src.pipeline.flash_head_pipeline:generate_batch:548 - [generate_batch] GPU_BREAKDOWN denoise=582.9ms decode=17.5ms color+encode=321.2ms total=922.3ms batch_size=7
2026-08-06 23:49:36+05:30 2026-08-06 18:19:36.149 | INFO     | flash_head.src.pipeline.flash_head_pipeline:generate_batch:555 - [generate_batch] DENOISE_STEPS total=582.9ms steps=[s0=141.5 s1=167.5 s2=132.4 s3=141.6] n_steps=4 batch_size=7
2026-08-06 23:49:36+05:30 2026-08-06 18:19:36,317 [INFO] streaming.state_manager: [SM] IDLE -> TRANSITION_TO_LIVE (crossfade 8 frames, queue=24)
2026-08-06 23:49:36+05:30 2026-08-06 18:19:36,501 [INFO] handler: UTTERANCE_END_RECEIVED session=conc-test-7-1a5f06
2026-08-06 23:49:36+05:30 2026-08-06 18:19:36,637 [INFO] streaming.state_manager: [SM] TRANSITION_TO_LIVE -> LIVE
2026-08-06 23:49:37+05:30 [METRICS] GPU_util=100% GPU_temp=70C GPU_mem=4.7GB/95.0GB (reserved=20.9GB) RSS=15008MB CPU_user=274.5s CPU_sys=18.1s sessions=8 pool=15/15
2026-08-06 23:49:37+05:30 2026-08-06 18:19:37.463 | INFO     | flash_head.src.pipeline.flash_head_pipeline:generate_batch:548 - [generate_batch] GPU_BREAKDOWN denoise=543.1ms decode=28.2ms color+encode=382.1ms total=954.2ms batch_size=8
2026-08-06 23:49:37+05:30 2026-08-06 18:19:37.464 | INFO     | flash_head.src.pipeline.flash_head_pipeline:generate_batch:555 - [generate_batch] DENOISE_STEPS total=543.1ms steps=[s0=108.6 s1=153.7 s2=136.2 s3=144.6] n_steps=4 batch_size=8
2026-08-06 23:49:37+05:30 2026-08-06 18:19:37,649 [INFO] streaming.state_manager: [SM] IDLE -> TRANSITION_TO_LIVE (crossfade 8 frames, queue=24)
2026-08-06 23:49:37+05:30 2026-08-06 18:19:37,951 [INFO] handler: UTTERANCE_END_RECEIVED session=conc-test-2-39b7ef
2026-08-06 23:49:37+05:30 2026-08-06 18:19:37,963 [INFO] streaming.state_manager: [SM] TRANSITION_TO_LIVE -> LIVE
2026-08-06 23:49:38+05:30 2026-08-06 18:19:38,630 [INFO] handler: UTTERANCE_END_RECEIVED session=conc-test-3-096ecf
2026-08-06 23:49:38+05:30 2026-08-06 18:19:38.814 | INFO     | flash_head.src.pipeline.flash_head_pipeline:generate_batch:548 - [generate_batch] GPU_BREAKDOWN denoise=589.8ms decode=21.2ms color+encode=387.4ms total=998.7ms batch_size=8
2026-08-06 23:49:38+05:30 2026-08-06 18:19:38.814 | INFO     | flash_head.src.pipeline.flash_head_pipeline:generate_batch:555 - [generate_batch] DENOISE_STEPS total=589.8ms steps=[s0=173.8 s1=121.8 s2=145.9 s3=148.3] n_steps=4 batch_size=8
2026-08-06 23:49:39+05:30 2026-08-06 18:19:39,078 [INFO] streaming.state_manager: [SM] LIVE -> TRANSITION_TO_IDLE (crossfade 8 frames)
2026-08-06 23:49:39+05:30 2026-08-06 18:19:39,119 [INFO] streaming.state_manager: [SM] LIVE -> TRANSITION_TO_IDLE (crossfade 8 frames)
2026-08-06 23:49:39+05:30 2026-08-06 18:19:39,130 [INFO] streaming.state_manager: [SM] LIVE -> TRANSITION_TO_IDLE (crossfade 8 frames)
2026-08-06 23:49:39+05:30 2026-08-06 18:19:39,157 [INFO] streaming.state_manager: [SM] IDLE -> TRANSITION_TO_LIVE (crossfade 8 frames, queue=24)
2026-08-06 23:49:39+05:30 2026-08-06 18:19:39,192 [INFO] streaming.state_manager: [SM] IDLE -> TRANSITION_TO_LIVE (crossfade 8 frames, queue=24)
2026-08-06 23:49:39+05:30 2026-08-06 18:19:39,246 [INFO] streaming.state_manager: [SM] IDLE -> TRANSITION_TO_LIVE (crossfade 8 frames, queue=24)
2026-08-06 23:49:39+05:30 2026-08-06 18:19:39,477 [INFO] streaming.state_manager: [SM] TRANSITION_TO_LIVE -> LIVE
2026-08-06 23:49:39+05:30 2026-08-06 18:19:39,512 [INFO] streaming.state_manager: [SM] TRANSITION_TO_LIVE -> LIVE
2026-08-06 23:49:39+05:30 2026-08-06 18:19:39,561 [INFO] streaming.state_manager: [SM] TRANSITION_TO_LIVE -> LIVE
2026-08-06 23:49:39+05:30 2026-08-06 18:19:39,731 [INFO] VideoPublisher: VIDEO_PUBLISH_METRICS session=conc-test-6-84b924 windowMs=5001 frames=125 effectiveFps=25.0 liveFrames=82 repeatedLiveFrames=32 idleFrames=11 desyncPct=34.4 maxGapMs=56.8 maxCaptureMs=1.1
2026-08-06 23:49:39+05:30 2026-08-06 18:19:39,932 [INFO] VideoPublisher: VIDEO_PUBLISH_METRICS session=conc-test-8-bba722 windowMs=5037 frames=126 effectiveFps=25.0 liveFrames=45 repeatedLiveFrames=17 idleFrames=64 desyncPct=64.3 maxGapMs=54.0 maxCaptureMs=5.6
2026-08-06 23:49:40+05:30 2026-08-06 18:19:40,143 [INFO] VideoPublisher: VIDEO_PUBLISH_METRICS session=conc-test-1-5b1256 windowMs=5037 frames=126 effectiveFps=25.0 liveFrames=97 repeatedLiveFrames=29 idleFrames=0 desyncPct=23.0 maxGapMs=56.5 maxCaptureMs=2.2
2026-08-06 23:49:40+05:30 2026-08-06 18:19:40,378 [INFO] VideoPublisher: VIDEO_PUBLISH_METRICS session=conc-test-3-096ecf windowMs=5038 frames=126 effectiveFps=25.0 liveFrames=88 repeatedLiveFrames=38 idleFrames=0 desyncPct=30.2 maxGapMs=48.7 maxCaptureMs=0.9
2026-08-06 23:49:40+05:30 2026-08-06 18:19:40,381 [INFO] streaming.state_manager: [SM] LIVE -> TRANSITION_TO_IDLE (crossfade 8 frames)
2026-08-06 23:49:40+05:30 2026-08-06 18:19:40.432 | INFO     | flash_head.src.pipeline.flash_head_pipeline:generate_batch:548 - [generate_batch] GPU_BREAKDOWN denoise=611.2ms decode=16.4ms color+encode=388.5ms total=1016.4ms batch_size=8
2026-08-06 23:49:40+05:30 2026-08-06 18:19:40.432 | INFO     | flash_head.src.pipeline.flash_head_pipeline:generate_batch:555 - [generate_batch] DENOISE_STEPS total=611.2ms steps=[s0=181.0 s1=118.3 s2=154.1 s3=157.8] n_steps=4 batch_size=8
2026-08-06 23:49:40+05:30 2026-08-06 18:19:40,437 [INFO] streaming.state_manager: [SM] Adaptive caps: p95_ms=1428 buffer=36 peak=60 MAX=78 TARGET=62
2026-08-06 23:49:40+05:30 2026-08-06 18:19:40,457 [INFO] streaming.state_manager: [SM] LIVE -> TRANSITION_TO_IDLE (crossfade 8 frames)
2026-08-06 23:49:40+05:30 2026-08-06 18:19:40,461 [INFO] streaming.state_manager: [SM] LIVE -> TRANSITION_TO_IDLE (crossfade 8 frames)
2026-08-06 23:49:40+05:30 2026-08-06 18:19:40,521 [INFO] streaming.state_manager: [SM] LIVE -> TRANSITION_TO_IDLE (crossfade 8 frames)
2026-08-06 23:49:40+05:30 2026-08-06 18:19:40,539 [INFO] streaming.state_manager: [SM] IDLE -> TRANSITION_TO_LIVE (crossfade 8 frames, queue=24)
2026-08-06 23:49:40+05:30 2026-08-06 18:19:40,568 [INFO] streaming.state_manager: [SM] LIVE -> TRANSITION_TO_IDLE (crossfade 8 frames)
2026-08-06 23:49:40+05:30 2026-08-06 18:19:40,576 [INFO] streaming.state_manager: [SM] IDLE -> TRANSITION_TO_LIVE (crossfade 8 frames, queue=24)
2026-08-06 23:49:40+05:30 2026-08-06 18:19:40,578 [INFO] streaming.state_manager: [SM] IDLE -> TRANSITION_TO_LIVE (crossfade 8 frames, queue=24)
2026-08-06 23:49:40+05:30 2026-08-06 18:19:40,600 [INFO] streaming.state_manager: [SM] IDLE -> TRANSITION_TO_LIVE (crossfade 8 frames, queue=24)
2026-08-06 23:49:40+05:30 2026-08-06 18:19:40,609 [INFO] streaming.state_manager: [SM] IDLE -> TRANSITION_TO_LIVE (crossfade 8 frames, queue=24)
2026-08-06 23:49:40+05:30 2026-08-06 18:19:40,627 [INFO] BatchedStreamingEngine: Session conc-test-5-b3233b reactivated (keep_alive)
2026-08-06 23:49:40+05:30 2026-08-06 18:19:40,641 [INFO] VideoPublisher: VIDEO_PUBLISH_METRICS session=conc-test-2-39b7ef windowMs=5001 frames=125 effectiveFps=25.0 liveFrames=74 repeatedLiveFrames=17 idleFrames=34 desyncPct=40.8 maxGapMs=47.0 maxCaptureMs=1.4
2026-08-06 23:49:40+05:30 2026-08-06 18:19:40,824 [INFO] VideoPublisher: VIDEO_PUBLISH_METRICS session=conc-test-4-1c8f54 windowMs=5001 frames=125 effectiveFps=25.0 liveFrames=76 repeatedLiveFrames=39 idleFrames=10 desyncPct=39.2 maxGapMs=56.3 maxCaptureMs=1.4
2026-08-06 23:49:40+05:30 2026-08-06 18:19:40,859 [INFO] streaming.state_manager: [SM] TRANSITION_TO_LIVE -> LIVE
2026-08-06 23:49:40+05:30 2026-08-06 18:19:40,879 [INFO] streaming.state_manager: [SM] Adaptive caps: p95_ms=1419 buffer=36 peak=60 MAX=78 TARGET=62
2026-08-06 23:49:40+05:30 2026-08-06 18:19:40,896 [INFO] streaming.state_manager: [SM] TRANSITION_TO_LIVE -> LIVE
2026-08-06 23:49:40+05:30 2026-08-06 18:19:40,899 [INFO] streaming.state_manager: [SM] TRANSITION_TO_LIVE -> LIVE
2026-08-06 23:49:40+05:30 2026-08-06 18:19:40,920 [INFO] streaming.state_manager: [SM] TRANSITION_TO_LIVE -> LIVE
2026-08-06 23:49:40+05:30 2026-08-06 18:19:40,925 [INFO] streaming.state_manager: [SM] TRANSITION_TO_LIVE -> LIVE
2026-08-06 23:49:40+05:30 2026-08-06 18:19:40,996 [INFO] handler: UTTERANCE_END_RECEIVED session=conc-test-5-b3233b
2026-08-06 23:49:41+05:30 2026-08-06 18:19:41,124 [INFO] VideoPublisher: VIDEO_PUBLISH_METRICS session=conc-test-5-b3233b windowMs=5000 frames=125 effectiveFps=25.0 liveFrames=78 repeatedLiveFrames=37 idleFrames=10 desyncPct=37.6 maxGapMs=49.0 maxCaptureMs=1.4
2026-08-06 23:49:41+05:30 2026-08-06 18:19:41,132 [INFO] handler: UTTERANCE_END_RECEIVED session=conc-test-4-1c8f54
2026-08-06 23:49:41+05:30 2026-08-06 18:19:41,155 [INFO] VideoPublisher: VIDEO_PUBLISH_METRICS session=conc-test-7-1a5f06 windowMs=5040 frames=126 effectiveFps=25.0 liveFrames=88 repeatedLiveFrames=28 idleFrames=10 desyncPct=30.2 maxGapMs=48.7 maxCaptureMs=1.3
2026-08-06 23:49:41+05:30 2026-08-06 18:19:41.655 | INFO     | flash_head.src.pipeline.flash_head_pipeline:generate_batch:548 - [generate_batch] GPU_BREAKDOWN denoise=494.2ms decode=21.5ms color+encode=341.5ms total=857.5ms batch_size=7
2026-08-06 23:49:41+05:30 2026-08-06 18:19:41.655 | INFO     | flash_head.src.pipeline.flash_head_pipeline:generate_batch:555 - [generate_batch] DENOISE_STEPS total=494.2ms steps=[s0=124.4 s1=127.3 s2=118.1 s3=124.3] n_steps=4 batch_size=7
2026-08-06 23:49:41+05:30 2026-08-06 18:19:41,998 [INFO] handler: UTTERANCE_END_RECEIVED session=conc-test-6-84b924
2026-08-06 23:49:42+05:30 2026-08-06 18:19:42,360 [INFO] streaming.state_manager: [SM] LIVE -> TRANSITION_TO_IDLE (crossfade 8 frames)
2026-08-06 23:49:42+05:30 [METRICS] GPU_util=98% GPU_temp=72C GPU_mem=4.4GB/95.0GB (reserved=20.9GB) RSS=15008MB CPU_user=289.5s CPU_sys=18.8s sessions=8 pool=15/15
2026-08-06 23:49:42+05:30 2026-08-06 18:19:42,678 [INFO] streaming.state_manager: [SM] TRANSITION_TO_IDLE -> IDLE
2026-08-06 23:49:42+05:30 2026-08-06 18:19:42,687 [INFO] handler: UTTERANCE_END_RECEIVED session=conc-test-1-5b1256
2026-08-06 23:49:42+05:30 2026-08-06 18:19:42,807 [INFO] batched_stream_processor: BATCHED_DRAIN_COMPLETED session=conc-test-5-b3233b cycles=209 elapsed=23997.9ms keep_alive=True
2026-08-06 23:49:42+05:30 2026-08-06 18:19:42,873 [INFO] batched_stream_processor: BATCHED_DRAIN_STARTED session=conc-test-5-b3233b keep_alive=True
2026-08-06 23:49:42+05:30 2026-08-06 18:19:42,873 [INFO] BatchedStreamingEngine: Session conc-test-5-b3233b marked for drain (keep_alive=True)
2026-08-06 23:49:42+05:30 2026-08-06 18:19:42.956 | INFO     | flash_head.src.pipeline.flash_head_pipeline:generate_batch:548 - [generate_batch] GPU_BREAKDOWN denoise=492.4ms decode=22.9ms color+encode=341.9ms total=857.6ms batch_size=7
2026-08-06 23:49:42+05:30 2026-08-06 18:19:42.956 | INFO     | flash_head.src.pipeline.flash_head_pipeline:generate_batch:555 - [generate_batch] DENOISE_STEPS total=492.4ms steps=[s0=119.4 s1=131.9 s2=119.3 s3=121.9] n_steps=4 batch_size=7
2026-08-06 23:49:44+05:30 2026-08-06 18:19:44.233 | INFO     | flash_head.src.pipeline.flash_head_pipeline:generate_batch:548 - [generate_batch] GPU_BREAKDOWN denoise=545.8ms decode=27.4ms color+encode=385.9ms total=959.4ms batch_size=8
2026-08-06 23:49:44+05:30 2026-08-06 18:19:44.234 | INFO     | flash_head.src.pipeline.flash_head_pipeline:generate_batch:555 - [generate_batch] DENOISE_STEPS total=545.8ms steps=[s0=120.2 s1=140.7 s2=143.2 s3=141.8] n_steps=4 batch_size=8
2026-08-06 23:49:44+05:30 2026-08-06 18:19:44,328 [INFO] handler: UTTERANCE_END_RECEIVED session=conc-test-8-bba722
2026-08-06 23:49:44+05:30 2026-08-06 18:19:44,485 [INFO] streaming.state_manager: [SM] IDLE -> TRANSITION_TO_LIVE (crossfade 8 frames, queue=24)
2026-08-06 23:49:44+05:30 2026-08-06 18:19:44,560 [INFO] streaming.state_manager: [SM] LIVE -> TRANSITION_TO_IDLE (crossfade 8 frames)
2026-08-06 23:49:44+05:30 2026-08-06 18:19:44,562 [INFO] streaming.state_manager: [SM] LIVE -> TRANSITION_TO_IDLE (crossfade 8 frames)
2026-08-06 23:49:44+05:30 2026-08-06 18:19:44,574 [INFO] streaming.state_manager: [SM] LIVE -> TRANSITION_TO_IDLE (crossfade 8 frames)
2026-08-06 23:49:44+05:30 2026-08-06 18:19:44,597 [INFO] streaming.state_manager: [SM] IDLE -> TRANSITION_TO_LIVE (crossfade 8 frames, queue=24)
2026-08-06 23:49:44+05:30 2026-08-06 18:19:44,631 [INFO] streaming.state_manager: [SM] IDLE -> TRANSITION_TO_LIVE (crossfade 8 frames, queue=24)
2026-08-06 23:49:44+05:30 2026-08-06 18:19:44,649 [INFO] streaming.state_manager: [SM] IDLE -> TRANSITION_TO_LIVE (crossfade 8 frames, queue=24)
2026-08-06 23:49:44+05:30 2026-08-06 18:19:44,741 [INFO] VideoPublisher: VIDEO_PUBLISH_METRICS session=conc-test-6-84b924 windowMs=5010 frames=125 effectiveFps=25.0 liveFrames=91 repeatedLiveFrames=29 idleFrames=5 desyncPct=27.2 maxGapMs=61.4 maxCaptureMs=1.2
2026-08-06 23:49:44+05:30 2026-08-06 18:19:44,807 [INFO] handler: UTTERANCE_END_RECEIVED session=conc-test-7-1a5f06
2026-08-06 23:49:44+05:30 2026-08-06 18:19:44,807 [INFO] streaming.state_manager: [SM] TRANSITION_TO_LIVE -> LIVE
2026-08-06 23:49:44+05:30 2026-08-06 18:19:44,916 [INFO] streaming.state_manager: [SM] TRANSITION_TO_LIVE -> LIVE
2026-08-06 23:49:44+05:30 2026-08-06 18:19:44,932 [INFO] VideoPublisher: VIDEO_PUBLISH_METRICS session=conc-test-8-bba722 windowMs=5000 frames=125 effectiveFps=25.0 liveFrames=86 repeatedLiveFrames=30 idleFrames=9 desyncPct=31.2 maxGapMs=56.3 maxCaptureMs=1.0
2026-08-06 23:49:44+05:30 2026-08-06 18:19:44,952 [INFO] streaming.state_manager: [SM] TRANSITION_TO_LIVE -> LIVE
2026-08-06 23:49:44+05:30 2026-08-06 18:19:44,964 [INFO] streaming.state_manager: [SM] TRANSITION_TO_LIVE -> LIVE
2026-08-06 23:49:45+05:30 2026-08-06 18:19:45,149 [INFO] VideoPublisher: VIDEO_PUBLISH_METRICS session=conc-test-1-5b1256 windowMs=5005 frames=125 effectiveFps=25.0 liveFrames=92 repeatedLiveFrames=21 idleFrames=12 desyncPct=26.4 maxGapMs=50.3 maxCaptureMs=1.1
2026-08-06 23:49:45+05:30 2026-08-06 18:19:45,379 [INFO] VideoPublisher: VIDEO_PUBLISH_METRICS session=conc-test-3-096ecf windowMs=5001 frames=125 effectiveFps=25.0 liveFrames=96 repeatedLiveFrames=18 idleFrames=11 desyncPct=23.2 maxGapMs=51.3 maxCaptureMs=1.0
2026-08-06 23:49:45+05:30 2026-08-06 18:19:45,681 [INFO] VideoPublisher: VIDEO_PUBLISH_METRICS session=conc-test-2-39b7ef windowMs=5039 frames=126 effectiveFps=25.0 liveFrames=90 repeatedLiveFrames=27 idleFrames=9 desyncPct=28.6 maxGapMs=52.8 maxCaptureMs=1.2
2026-08-06 23:49:45+05:30 2026-08-06 18:19:45.783 | INFO     | flash_head.src.pipeline.flash_head_pipeline:generate_batch:548 - [generate_batch] GPU_BREAKDOWN denoise=568.3ms decode=17.0ms color+encode=384.0ms total=969.5ms batch_size=8
2026-08-06 23:49:45+05:30 2026-08-06 18:19:45.783 | INFO     | flash_head.src.pipeline.flash_head_pipeline:generate_batch:555 - [generate_batch] DENOISE_STEPS total=568.3ms steps=[s0=157.0 s1=113.8 s2=144.0 s3=153.4] n_steps=4 batch_size=8
2026-08-06 23:49:45+05:30 2026-08-06 18:19:45,822 [INFO] streaming.state_manager: [SM] LIVE -> TRANSITION_TO_IDLE (crossfade 8 frames)
2026-08-06 23:49:45+05:30 2026-08-06 18:19:45,856 [INFO] streaming.state_manager: [SM] LIVE -> TRANSITION_TO_IDLE (crossfade 8 frames)
2026-08-06 23:49:45+05:30 2026-08-06 18:19:45,860 [INFO] VideoPublisher: VIDEO_PUBLISH_METRICS session=conc-test-4-1c8f54 windowMs=5035 frames=126 effectiveFps=25.0 liveFrames=96 repeatedLiveFrames=29 idleFrames=1 desyncPct=23.8 maxGapMs=50.5 maxCaptureMs=1.4
2026-08-06 23:49:45+05:30 2026-08-06 18:19:45,896 [INFO] streaming.state_manager: [SM] IDLE -> TRANSITION_TO_LIVE (crossfade 8 frames, queue=24)
2026-08-06 23:49:45+05:30 2026-08-06 18:19:45,900 [INFO] streaming.state_manager: [SM] IDLE -> TRANSITION_TO_LIVE (crossfade 8 frames, queue=24)
2026-08-06 23:49:45+05:30 2026-08-06 18:19:45,902 [INFO] streaming.state_manager: [SM] LIVE -> TRANSITION_TO_IDLE (crossfade 8 frames)
2026-08-06 23:49:45+05:30 2026-08-06 18:19:45,941 [INFO] streaming.state_manager: [SM] IDLE -> TRANSITION_TO_LIVE (crossfade 8 frames, queue=24)
2026-08-06 23:49:45+05:30 2026-08-06 18:19:45,984 [INFO] BatchedStreamingEngine: Session conc-test-6-84b924 reactivated (keep_alive)
2026-08-06 23:49:46+05:30 2026-08-06 18:19:46,128 [INFO] VideoPublisher: VIDEO_PUBLISH_METRICS session=conc-test-5-b3233b windowMs=5004 frames=125 effectiveFps=25.0 liveFrames=47 repeatedLiveFrames=17 idleFrames=61 desyncPct=62.4 maxGapMs=53.9 maxCaptureMs=1.2
2026-08-06 23:49:46+05:30 2026-08-06 18:19:46,196 [INFO] VideoPublisher: VIDEO_PUBLISH_METRICS session=conc-test-7-1a5f06 windowMs=5040 frames=126 effectiveFps=25.0 liveFrames=88 repeatedLiveFrames=28 idleFrames=10 desyncPct=30.2 maxGapMs=52.5 maxCaptureMs=0.8
2026-08-06 23:49:46+05:30 2026-08-06 18:19:46,216 [INFO] streaming.state_manager: [SM] TRANSITION_TO_LIVE -> LIVE
2026-08-06 23:49:46+05:30 2026-08-06 18:19:46,220 [INFO] streaming.state_manager: [SM] TRANSITION_TO_LIVE -> LIVE
2026-08-06 23:49:46+05:30 2026-08-06 18:19:46,258 [INFO] streaming.state_manager: [SM] TRANSITION_TO_LIVE -> LIVE
2026-08-06 23:49:46+05:30 2026-08-06 18:19:46,374 [INFO] handler: UTTERANCE_END_RECEIVED session=conc-test-2-39b7ef
2026-08-06 23:49:46+05:30 2026-08-06 18:19:46,955 [INFO] handler: UTTERANCE_END_RECEIVED session=conc-test-3-096ecf
2026-08-06 23:49:47+05:30 2026-08-06 18:19:47.028 | INFO     | flash_head.src.pipeline.flash_head_pipeline:generate_batch:548 - [generate_batch] GPU_BREAKDOWN denoise=532.6ms decode=17.6ms color+encode=339.7ms total=890.4ms batch_size=7
2026-08-06 23:49:47+05:30 2026-08-06 18:19:47.028 | INFO     | flash_head.src.pipeline.flash_head_pipeline:generate_batch:555 - [generate_batch] DENOISE_STEPS total=532.6ms steps=[s0=103.6 s1=185.1 s2=121.1 s3=122.8] n_steps=4 batch_size=7
2026-08-06 23:49:47+05:30 2026-08-06 18:19:47,196 [INFO] BatchedStreamingEngine: cycle=120 batch=7 sessions=['conc-test-1-5b1256', 'conc-test-3-096ecf', 'conc-test-4-1c8f54', 'conc-test-5-b3233b', 'conc-test-8-bba722', 'conc-test-2-39b7ef', 'conc-test-7-1a5f06'] embed=153.2ms infer=890.9ms xfer=168.0ms total=1212.4ms
2026-08-06 23:49:47+05:30 2026-08-06 18:19:47,198 [INFO] BatchedStreamingEngine: Session conc-test-3-096ecf reactivated (keep_alive)
2026-08-06 23:49:47+05:30 2026-08-06 18:19:47,443 [INFO] streaming.state_manager: [SM] LIVE -> TRANSITION_TO_IDLE (crossfade 8 frames)
2026-08-06 23:49:47+05:30 [METRICS] GPU_util=27% GPU_temp=71C GPU_mem=4.4GB/95.0GB (reserved=20.9GB) RSS=15008MB CPU_user=304.8s CPU_sys=19.6s sessions=8 pool=15/15
2026-08-06 23:49:47+05:30 2026-08-06 18:19:47,765 [INFO] streaming.state_manager: [SM] TRANSITION_TO_IDLE -> IDLE
2026-08-06 23:49:47+05:30 2026-08-06 18:19:47,929 [INFO] batched_stream_processor: BATCHED_DRAIN_COMPLETED session=conc-test-6-84b924 cycles=200 elapsed=22609.9ms keep_alive=True
2026-08-06 23:49:48+05:30 2026-08-06 18:19:48,009 [INFO] batched_stream_processor: BATCHED_DRAIN_STARTED session=conc-test-6-84b924 keep_alive=True
2026-08-06 23:49:48+05:30 2026-08-06 18:19:48,009 [INFO] BatchedStreamingEngine: Session conc-test-6-84b924 marked for drain (keep_alive=True)
2026-08-06 23:49:48+05:30 2026-08-06 18:19:48.100 | INFO     | flash_head.src.pipeline.flash_head_pipeline:generate_batch:548 - [generate_batch] GPU_BREAKDOWN denoise=489.7ms decode=17.5ms color+encode=273.7ms total=781.1ms batch_size=6
2026-08-06 23:49:48+05:30 2026-08-06 18:19:48.100 | INFO     | flash_head.src.pipeline.flash_head_pipeline:generate_batch:555 - [generate_batch] DENOISE_STEPS total=489.7ms steps=[s0=111.7 s1=142.0 s2=116.4 s3=119.7] n_steps=4 batch_size=6
2026-08-06 23:49:48+05:30 2026-08-06 18:19:48,618 [INFO] streaming.state_manager: [SM] LIVE -> TRANSITION_TO_IDLE (crossfade 8 frames)
2026-08-06 23:49:48+05:30 2026-08-06 18:19:48,936 [INFO] streaming.state_manager: [SM] TRANSITION_TO_IDLE -> IDLE
2026-08-06 23:49:49+05:30 2026-08-06 18:19:49,106 [INFO] batched_stream_processor: BATCHED_DRAIN_COMPLETED session=conc-test-3-096ecf cycles=231 elapsed=25691.6ms keep_alive=True
2026-08-06 23:49:49+05:30 2026-08-06 18:19:49,214 [INFO] batched_stream_processor: BATCHED_DRAIN_STARTED session=conc-test-3-096ecf keep_alive=True
2026-08-06 23:49:49+05:30 2026-08-06 18:19:49,214 [INFO] BatchedStreamingEngine: Session conc-test-3-096ecf marked for drain (keep_alive=True)
2026-08-06 23:49:49+05:30 2026-08-06 18:19:49.268 | INFO     | flash_head.src.pipeline.flash_head_pipeline:generate_batch:548 - [generate_batch] GPU_BREAKDOWN denoise=491.6ms decode=19.3ms color+encode=340.8ms total=852.8ms batch_size=7
2026-08-06 23:49:49+05:30 2026-08-06 18:19:49.269 | INFO     | flash_head.src.pipeline.flash_head_pipeline:generate_batch:555 - [generate_batch] DENOISE_STEPS total=491.6ms steps=[s0=118.8 s1=114.9 s2=127.7 s3=130.2] n_steps=4 batch_size=7
2026-08-06 23:49:49+05:30 2026-08-06 18:19:49,368 [INFO] handler: UTTERANCE_END_RECEIVED session=conc-test-5-b3233b
2026-08-06 23:49:49+05:30 2026-08-06 18:19:49,446 [INFO] streaming.state_manager: [SM] IDLE -> TRANSITION_TO_LIVE (crossfade 8 frames, queue=24)
2026-08-06 23:49:49+05:30 2026-08-06 18:19:49,498 [INFO] handler: UTTERANCE_END_RECEIVED session=conc-test-4-1c8f54
2026-08-06 23:49:49+05:30 2026-08-06 18:19:49,649 [INFO] streaming.state_manager: [SM] Adaptive caps: p95_ms=1430 buffer=36 peak=60 MAX=78 TARGET=62
2026-08-06 23:49:49+05:30 2026-08-06 18:19:49,665 [INFO] streaming.state_manager: [SM] Adaptive caps: p95_ms=1430 buffer=36 peak=60 MAX=78 TARGET=62
2026-08-06 23:49:49+05:30 2026-08-06 18:19:49,768 [INFO] streaming.state_manager: [SM] TRANSITION_TO_LIVE -> LIVE
2026-08-06 23:49:49+05:30 2026-08-06 18:19:49,772 [INFO] VideoPublisher: VIDEO_PUBLISH_METRICS session=conc-test-6-84b924 windowMs=5031 frames=126 effectiveFps=25.0 liveFrames=49 repeatedLiveFrames=14 idleFrames=63 desyncPct=61.1 maxGapMs=53.5 maxCaptureMs=1.1
2026-08-06 23:49:49+05:30 2026-08-06 18:19:49,933 [INFO] VideoPublisher: VIDEO_PUBLISH_METRICS session=conc-test-8-bba722 windowMs=5000 frames=125 effectiveFps=25.0 liveFrames=99 repeatedLiveFrames=26 idleFrames=0 desyncPct=20.8 maxGapMs=55.4 maxCaptureMs=1.3
2026-08-06 23:49:50+05:30 2026-08-06 18:19:50,186 [INFO] VideoPublisher: VIDEO_PUBLISH_METRICS session=conc-test-1-5b1256 windowMs=5037 frames=126 effectiveFps=25.0 liveFrames=97 repeatedLiveFrames=19 idleFrames=10 desyncPct=23.0 maxGapMs=50.3 maxCaptureMs=1.3
2026-08-06 23:49:50+05:30 2026-08-06 18:19:50,366 [INFO] handler: UTTERANCE_END_RECEIVED session=conc-test-6-84b924
2026-08-06 23:49:50+05:30 2026-08-06 18:19:50,419 [INFO] VideoPublisher: VIDEO_PUBLISH_METRICS session=conc-test-3-096ecf windowMs=5039 frames=126 effectiveFps=25.0 liveFrames=48 repeatedLiveFrames=23 idleFrames=55 desyncPct=61.9 maxGapMs=48.3 maxCaptureMs=1.6
2026-08-06 23:49:50+05:30 2026-08-06 18:19:50.594 | INFO     | flash_head.src.pipeline.flash_head_pipeline:generate_batch:548 - [generate_batch] GPU_BREAKDOWN denoise=561.3ms decode=27.7ms color+encode=384.0ms total=973.3ms batch_size=8
2026-08-06 23:49:50+05:30 2026-08-06 18:19:50.594 | INFO     | flash_head.src.pipeline.flash_head_pipeline:generate_batch:555 - [generate_batch] DENOISE_STEPS total=561.3ms steps=[s0=128.0 s1=145.1 s2=166.5 s3=121.7] n_steps=4 batch_size=8
2026-08-06 23:49:50+05:30 2026-08-06 18:19:50,720 [INFO] VideoPublisher: VIDEO_PUBLISH_METRICS session=conc-test-2-39b7ef windowMs=5038 frames=126 effectiveFps=25.0 liveFrames=100 repeatedLiveFrames=26 idleFrames=0 desyncPct=20.6 maxGapMs=48.8 maxCaptureMs=7.7
2026-08-06 23:49:50+05:30 2026-08-06 18:19:50,739 [INFO] streaming.state_manager: [SM] IDLE -> TRANSITION_TO_LIVE (crossfade 8 frames, queue=24)
2026-08-06 23:49:50+05:30 2026-08-06 18:19:50,876 [INFO] VideoPublisher: VIDEO_PUBLISH_METRICS session=conc-test-4-1c8f54 windowMs=5016 frames=125 effectiveFps=24.9 liveFrames=100 repeatedLiveFrames=16 idleFrames=9 desyncPct=20.0 maxGapMs=51.5 maxCaptureMs=1.1
2026-08-06 23:49:51+05:30 2026-08-06 18:19:51,048 [INFO] handler: UTTERANCE_END_RECEIVED session=conc-test-1-5b1256
2026-08-06 23:49:51+05:30 2026-08-06 18:19:51,056 [INFO] streaming.state_manager: [SM] TRANSITION_TO_LIVE -> LIVE
2026-08-06 23:49:51+05:30 2026-08-06 18:19:51,162 [INFO] VideoPublisher: VIDEO_PUBLISH_METRICS session=conc-test-5-b3233b windowMs=5034 frames=126 effectiveFps=25.0 liveFrames=102 repeatedLiveFrames=24 idleFrames=0 desyncPct=19.0 maxGapMs=50.3 maxCaptureMs=7.5
2026-08-06 23:49:51+05:30 2026-08-06 18:19:51,197 [INFO] VideoPublisher: VIDEO_PUBLISH_METRICS session=conc-test-7-1a5f06 windowMs=5001 frames=125 effectiveFps=25.0 liveFrames=101 repeatedLiveFrames=24 idleFrames=0 desyncPct=19.2 maxGapMs=51.1 maxCaptureMs=1.1
2026-08-06 23:49:51+05:30 2026-08-06 18:19:51,729 [INFO] handler: WS_CLOSED session=conc-test-1-5b1256 ip=172.20.4.71
2026-08-06 23:49:51+05:30 2026-08-06 18:19:51,729 [INFO] handler: WS_CONNECTION_LOST session=conc-test-1-5b1256 ip=172.20.4.71
2026-08-06 23:49:51+05:30 2026-08-06 18:19:51,729 [INFO] aiohttp.access: 172.20.4.71 [06/Aug/2026:18:17:52 +0000] "GET /ws/conc-test-1-5b1256 HTTP/1.1" 101 0 "-" "Python/3.14 websockets/16.1.1"
2026-08-06 23:49:51+05:30 CONNECT /ws/conc-test-1-5b1256 -> 101 Switching Protocols  (duration: 119.4 s, execution: 119.3 s)
2026-08-06 23:49:51+05:30 2026-08-06 18:19:51.943 | INFO     | flash_head.src.pipeline.flash_head_pipeline:generate_batch:548 - [generate_batch] GPU_BREAKDOWN denoise=562.7ms decode=18.6ms color+encode=393.6ms total=975.2ms batch_size=8
2026-08-06 23:49:51+05:30 2026-08-06 18:19:51.943 | INFO     | flash_head.src.pipeline.flash_head_pipeline:generate_batch:555 - [generate_batch] DENOISE_STEPS total=562.7ms steps=[s0=119.0 s1=143.9 s2=157.7 s3=142.1] n_steps=4 batch_size=8
2026-08-06 23:49:52+05:30 2026-08-06 18:19:52,128 [INFO] BatchedStreamingEngine: Session conc-test-4-1c8f54 reactivated (keep_alive)
2026-08-06 23:49:52+05:30 2026-08-06 18:19:52,338 [INFO] batched_stream_processor: [BATCHED-DIAG] {'event': 'participant_disconnected', 't': 123.033, 'identity': 'viewer-script-conc-test-1-5b1256'}
2026-08-06 23:49:52+05:30 [METRICS] GPU_util=36% GPU_temp=73C GPU_mem=4.5GB/95.0GB (reserved=20.9GB) RSS=15008MB CPU_user=320.1s CPU_sys=20.1s sessions=8 pool=15/15
2026-08-06 23:49:52+05:30 2026-08-06 18:19:52,690 [INFO] BatchedStreamingEngine: Session conc-test-1-5b1256 marked for drain (keep_alive=False)
2026-08-06 23:49:52+05:30 2026-08-06 18:19:52,691 [INFO] streaming.websocket_server: Unregistered WebSocket session: conc-test-1-5b1256
2026-08-06 23:49:52+05:30 2026-08-06 18:19:52,708 [INFO] batched_stream_processor: [BATCHED-DIAG] {'event': 'connection_state_changed', 't': 123.402, 'state': '0'}
2026-08-06 23:49:52+05:30 2026-08-06 18:19:52,708 [INFO] batched_stream_processor: [BATCHED-DIAG] {'event': 'disconnected', 't': 123.402, 'state': '0', 'reason': '1'}
2026-08-06 23:49:52+05:30 2026-08-06 18:19:52,709 [INFO] aiohttp.access: 172.20.4.71 [06/Aug/2026:18:19:52 +0000] "POST /sessions/conc-test-1-5b1256/end HTTP/1.1" 200 232 "-" "Python/3.14 aiohttp/3.14.1"
2026-08-06 23:49:52+05:30 2026-08-06 18:19:52,731 [INFO] handler: UTTERANCE_END_RECEIVED session=conc-test-8-bba722
2026-08-06 23:49:52+05:30    POST /sessions/conc-test-1-5b1256/end -> 200 OK  (duration: 126.7 ms, execution: 83.9 ms)
2026-08-06 23:49:53+05:30 2026-08-06 18:19:53,155 [INFO] handler: UTTERANCE_END_RECEIVED session=conc-test-7-1a5f06
2026-08-06 23:49:53+05:30 2026-08-06 18:19:53.272 | INFO     | flash_head.src.pipeline.flash_head_pipeline:generate_batch:548 - [generate_batch] GPU_BREAKDOWN denoise=654.4ms decode=23.3ms color+encode=329.7ms total=1007.7ms batch_size=7
2026-08-06 23:49:53+05:30 2026-08-06 18:19:53.272 | INFO     | flash_head.src.pipeline.flash_head_pipeline:generate_batch:555 - [generate_batch] DENOISE_STEPS total=654.4ms steps=[s0=170.4 s1=175.5 s2=186.8 s3=121.7] n_steps=4 batch_size=7
2026-08-06 23:49:53+05:30 2026-08-06 18:19:53,499 [INFO] streaming.state_manager: [SM] LIVE -> TRANSITION_TO_IDLE (crossfade 8 frames)
2026-08-06 23:49:53+05:30 2026-08-06 18:19:53,821 [INFO] streaming.state_manager: [SM] TRANSITION_TO_IDLE -> IDLE
2026-08-06 23:49:53+05:30 2026-08-06 18:19:53,955 [INFO] batched_stream_processor: BATCHED_DRAIN_COMPLETED session=conc-test-4-1c8f54 cycles=215 elapsed=23839.1ms keep_alive=True
2026-08-06 23:49:54+05:30 2026-08-06 18:19:54,094 [INFO] batched_stream_processor: BATCHED_DRAIN_STARTED session=conc-test-4-1c8f54 keep_alive=True
2026-08-06 23:49:54+05:30 2026-08-06 18:19:54,095 [INFO] BatchedStreamingEngine: Session conc-test-4-1c8f54 marked for drain (keep_alive=True)
2026-08-06 23:49:54+05:30 2026-08-06 18:19:54.439 | INFO     | flash_head.src.pipeline.flash_head_pipeline:generate_batch:548 - [generate_batch] GPU_BREAKDOWN denoise=550.4ms decode=19.3ms color+encode=305.6ms total=876.9ms batch_size=7
2026-08-06 23:49:54+05:30 2026-08-06 18:19:54.439 | INFO     | flash_head.src.pipeline.flash_head_pipeline:generate_batch:555 - [generate_batch] DENOISE_STEPS total=550.4ms steps=[s0=99.6 s1=128.7 s2=130.1 s3=192.0] n_steps=4 batch_size=7
2026-08-06 23:49:54+05:30 2026-08-06 18:19:54,611 [INFO] BatchedStreamingEngine: Session conc-test-1-5b1256 removed (total=7)
2026-08-06 23:49:54+05:30 2026-08-06 18:19:54,611 [INFO] BatchedStreamingEngine: Session conc-test-7-1a5f06 reactivated (keep_alive)
2026-08-06 23:49:54+05:30 2026-08-06 18:19:54,680 [INFO] handler: UTTERANCE_END_RECEIVED session=conc-test-2-39b7ef
2026-08-06 23:49:54+05:30 2026-08-06 18:19:54,807 [INFO] VideoPublisher: VIDEO_PUBLISH_METRICS session=conc-test-6-84b924 windowMs=5035 frames=126 effectiveFps=25.0 liveFrames=100 repeatedLiveFrames=26 idleFrames=0 desyncPct=20.6 maxGapMs=50.0 maxCaptureMs=1.4
2026-08-06 23:49:54+05:30 2026-08-06 18:19:54,969 [INFO] VideoPublisher: VIDEO_PUBLISH_METRICS session=conc-test-8-bba722 windowMs=5036 frames=126 effectiveFps=25.0 liveFrames=92 repeatedLiveFrames=34 idleFrames=0 desyncPct=27.0 maxGapMs=52.2 maxCaptureMs=1.0
2026-08-06 23:49:55+05:30 2026-08-06 18:19:55,340 [INFO] handler: UTTERANCE_END_RECEIVED session=conc-test-3-096ecf
2026-08-06 23:49:55+05:30 2026-08-06 18:19:55,459 [INFO] VideoPublisher: VIDEO_PUBLISH_METRICS session=conc-test-3-096ecf windowMs=5039 frames=126 effectiveFps=25.0 liveFrames=95 repeatedLiveFrames=16 idleFrames=15 desyncPct=24.6 maxGapMs=55.7 maxCaptureMs=1.8
2026-08-06 23:49:55+05:30 2026-08-06 18:19:55.531 | INFO     | flash_head.src.pipeline.flash_head_pipeline:generate_batch:548 - [generate_batch] GPU_BREAKDOWN denoise=462.6ms decode=15.5ms color+encode=302.7ms total=781.1ms batch_size=6
2026-08-06 23:49:55+05:30 2026-08-06 18:19:55.531 | INFO     | flash_head.src.pipeline.flash_head_pipeline:generate_batch:555 - [generate_batch] DENOISE_STEPS total=462.6ms steps=[s0=119.6 s1=119.6 s2=106.0 s3=117.4] n_steps=4 batch_size=6
2026-08-06 23:49:55+05:30 2026-08-06 18:19:55,620 [INFO] streaming.state_manager: [SM] IDLE -> TRANSITION_TO_LIVE (crossfade 8 frames, queue=24)
2026-08-06 23:49:55+05:30 2026-08-06 18:19:55,728 [INFO] VideoPublisher: VIDEO_PUBLISH_METRICS session=conc-test-2-39b7ef windowMs=5008 frames=125 effectiveFps=25.0 liveFrames=99 repeatedLiveFrames=26 idleFrames=0 desyncPct=20.8 maxGapMs=46.0 maxCaptureMs=1.3
2026-08-06 23:49:55+05:30 2026-08-06 18:19:55,904 [INFO] VideoPublisher: VIDEO_PUBLISH_METRICS session=conc-test-4-1c8f54 windowMs=5027 frames=126 effectiveFps=25.1 liveFrames=44 repeatedLiveFrames=21 idleFrames=61 desyncPct=65.1 maxGapMs=47.9 maxCaptureMs=1.1
2026-08-06 23:49:55+05:30 2026-08-06 18:19:55,939 [INFO] streaming.state_manager: [SM] TRANSITION_TO_LIVE -> LIVE
2026-08-06 23:49:56+05:30 2026-08-06 18:19:56,074 [INFO] streaming.state_manager: [SM] LIVE -> TRANSITION_TO_IDLE (crossfade 8 frames)
2026-08-06 23:49:56+05:30 2026-08-06 18:19:56,165 [INFO] VideoPublisher: VIDEO_PUBLISH_METRICS session=conc-test-5-b3233b windowMs=5002 frames=125 effectiveFps=25.0 liveFrames=99 repeatedLiveFrames=26 idleFrames=0 desyncPct=20.8 maxGapMs=51.4 maxCaptureMs=1.0
2026-08-06 23:49:56+05:30 2026-08-06 18:19:56,233 [INFO] VideoPublisher: VIDEO_PUBLISH_METRICS session=conc-test-7-1a5f06 windowMs=5036 frames=126 effectiveFps=25.0 liveFrames=85 repeatedLiveFrames=36 idleFrames=5 desyncPct=32.5 maxGapMs=47.1 maxCaptureMs=2.8
2026-08-06 23:49:56+05:30 2026-08-06 18:19:56,393 [INFO] streaming.state_manager: [SM] TRANSITION_TO_IDLE -> IDLE
2026-08-06 23:49:56+05:30 2026-08-06 18:19:56.471 | INFO     | flash_head.src.pipeline.flash_head_pipeline:generate_batch:548 - [generate_batch] GPU_BREAKDOWN denoise=401.4ms decode=20.7ms color+encode=288.9ms total=711.2ms batch_size=6
2026-08-06 23:49:56+05:30 2026-08-06 18:19:56.471 | INFO     | flash_head.src.pipeline.flash_head_pipeline:generate_batch:555 - [generate_batch] DENOISE_STEPS total=401.4ms steps=[s0=91.2 s1=99.9 s2=110.6 s3=99.7] n_steps=4 batch_size=6
2026-08-06 23:49:56+05:30 2026-08-06 18:19:56,532 [INFO] batched_stream_processor: BATCHED_DRAIN_COMPLETED session=conc-test-7-1a5f06 cycles=217 elapsed=24136.0ms keep_alive=True
2026-08-06 23:49:56+05:30 2026-08-06 18:19:56,618 [INFO] BatchedStreamingEngine: Session conc-test-2-39b7ef reactivated (keep_alive)
2026-08-06 23:49:56+05:30 2026-08-06 18:19:56,820 [INFO] batched_stream_processor: BATCHED_DRAIN_STARTED session=conc-test-7-1a5f06 keep_alive=True
2026-08-06 23:49:56+05:30 2026-08-06 18:19:56,820 [INFO] BatchedStreamingEngine: Session conc-test-7-1a5f06 marked for drain (keep_alive=True)
2026-08-06 23:49:57+05:30 2026-08-06 18:19:57.494 | INFO     | flash_head.src.pipeline.flash_head_pipeline:generate_batch:548 - [generate_batch] GPU_BREAKDOWN denoise=416.9ms decode=19.7ms color+encode=293.0ms total=729.9ms batch_size=6
2026-08-06 23:49:57+05:30 2026-08-06 18:19:57.494 | INFO     | flash_head.src.pipeline.flash_head_pipeline:generate_batch:555 - [generate_batch] DENOISE_STEPS total=416.9ms steps=[s0=123.4 s1=100.6 s2=83.4 s3=109.5] n_steps=4 batch_size=6
2026-08-06 23:49:57+05:30 2026-08-06 18:19:57,592 [INFO] streaming.state_manager: [SM] IDLE -> TRANSITION_TO_LIVE (crossfade 8 frames, queue=24)
2026-08-06 23:49:57+05:30 [METRICS] GPU_util=100% GPU_temp=74C GPU_mem=4.7GB/95.0GB (reserved=20.9GB) RSS=15008MB CPU_user=334.4s CPU_sys=20.6s sessions=7 pool=15/15
2026-08-06 23:49:57+05:30 2026-08-06 18:19:57,633 [INFO] BatchedStreamingEngine: Session conc-test-8-bba722 reactivated (keep_alive)
2026-08-06 23:49:57+05:30 2026-08-06 18:19:57,725 [INFO] handler: UTTERANCE_END_RECEIVED session=conc-test-5-b3233b
2026-08-06 23:49:57+05:30 2026-08-06 18:19:57,853 [INFO] handler: UTTERANCE_END_RECEIVED session=conc-test-4-1c8f54
2026-08-06 23:49:57+05:30 2026-08-06 18:19:57,912 [INFO] streaming.state_manager: [SM] TRANSITION_TO_LIVE -> LIVE
2026-08-06 23:49:58+05:30 2026-08-06 18:19:58,037 [INFO] handler: WS_CLOSED session=conc-test-2-39b7ef ip=172.20.4.71
2026-08-06 23:49:58+05:30 2026-08-06 18:19:58,037 [INFO] handler: WS_CONNECTION_LOST session=conc-test-2-39b7ef ip=172.20.4.71
2026-08-06 23:49:58+05:30 2026-08-06 18:19:58,038 [INFO] aiohttp.access: 172.20.4.71 [06/Aug/2026:18:19:09 +0000] "GET /ws/conc-test-2-39b7ef HTTP/1.1" 101 0 "-" "Python/3.14 websockets/16.1.1"
2026-08-06 23:49:58+05:30 2026-08-06 18:19:58,078 [INFO] streaming.state_manager: [SM] LIVE -> TRANSITION_TO_IDLE (crossfade 8 frames)
2026-08-06 23:49:58+05:30 CONNECT /ws/conc-test-2-39b7ef -> 101 Switching Protocols  (duration: 49.0 s, execution: 48.9 s)
2026-08-06 23:49:58+05:30 2026-08-06 18:19:58.344 | INFO     | flash_head.src.pipeline.flash_head_pipeline:generate_batch:548 - [generate_batch] GPU_BREAKDOWN denoise=378.3ms decode=8.1ms color+encode=231.3ms total=617.9ms batch_size=5
2026-08-06 23:49:58+05:30 2026-08-06 18:19:58.345 | INFO     | flash_head.src.pipeline.flash_head_pipeline:generate_batch:555 - [generate_batch] DENOISE_STEPS total=378.3ms steps=[s0=97.3 s1=84.0 s2=99.8 s3=97.2] n_steps=4 batch_size=5
2026-08-06 23:49:58+05:30 2026-08-06 18:19:58,398 [INFO] streaming.state_manager: [SM] TRANSITION_TO_IDLE -> IDLE
2026-08-06 23:49:58+05:30 2026-08-06 18:19:58,458 [INFO] BatchedStreamingEngine: cycle=130 batch=5 sessions=['conc-test-3-096ecf', 'conc-test-4-1c8f54', 'conc-test-5-b3233b', 'conc-test-7-1a5f06', 'conc-test-6-84b924'] embed=88.0ms infer=618.4ms xfer=112.7ms total=824.4ms
2026-08-06 23:49:58+05:30 2026-08-06 18:19:58,535 [INFO] batched_stream_processor: BATCHED_DRAIN_COMPLETED session=conc-test-2-39b7ef cycles=213 elapsed=23739.6ms keep_alive=True
2026-08-06 23:49:58+05:30 2026-08-06 18:19:58,701 [INFO] handler: UTTERANCE_END_RECEIVED session=conc-test-6-84b924
2026-08-06 23:49:58+05:30 2026-08-06 18:19:58,783 [INFO] batched_stream_processor: BATCHED_DRAIN_STARTED session=conc-test-2-39b7ef keep_alive=True
2026-08-06 23:49:58+05:30 2026-08-06 18:19:58,783 [INFO] BatchedStreamingEngine: Session conc-test-2-39b7ef marked for drain (keep_alive=True)
2026-08-06 23:49:58+05:30 2026-08-06 18:19:58.999 | INFO     | flash_head.src.pipeline.flash_head_pipeline:generate_batch:548 - [generate_batch] GPU_BREAKDOWN denoise=367.5ms decode=7.7ms color+encode=49.5ms total=425.1ms batch_size=1
2026-08-06 23:49:58+05:30 2026-08-06 18:19:58.999 | INFO     | flash_head.src.pipeline.flash_head_pipeline:generate_batch:555 - [generate_batch] DENOISE_STEPS total=367.5ms steps=[s0=128.9 s1=100.5 s2=68.7 s3=69.5] n_steps=4 batch_size=1
2026-08-06 23:49:59+05:30 2026-08-06 18:19:59,037 [INFO] streaming.state_manager: [SM] IDLE -> TRANSITION_TO_LIVE (crossfade 8 frames, queue=24)
2026-08-06 23:49:59+05:30 2026-08-06 18:19:59,070 [INFO] BatchedStreamingEngine: Session conc-test-2-39b7ef marked for drain (keep_alive=False)
2026-08-06 23:49:59+05:30 2026-08-06 18:19:59,072 [INFO] streaming.websocket_server: Unregistered WebSocket session: conc-test-2-39b7ef
2026-08-06 23:49:59+05:30 2026-08-06 18:19:59,084 [INFO] batched_stream_processor: [BATCHED-DIAG] {'event': 'connection_state_changed', 't': 124.715, 'state': '0'}
2026-08-06 23:49:59+05:30 2026-08-06 18:19:59,088 [INFO] streaming.state_manager: [SM] LIVE -> TRANSITION_TO_IDLE (crossfade 8 frames)
2026-08-06 23:49:59+05:30 2026-08-06 18:19:59,100 [INFO] aiohttp.access: 172.20.4.71 [06/Aug/2026:18:19:59 +0000] "POST /sessions/conc-test-2-39b7ef/end HTTP/1.1" 200 232 "-" "Python/3.14 aiohttp/3.14.1"
2026-08-06 23:49:59+05:30 2026-08-06 18:19:59,115 [INFO] livekit: livekit::room:1794:livekit::room - Disconnected from room "conc-test-e4b37088" with reason: ClientInitiated
2026-08-06 23:49:59+05:30    POST /sessions/conc-test-2-39b7ef/end -> 200 OK  (duration: 143.8 ms, execution: 101.7 ms)
2026-08-06 23:49:59+05:30 2026-08-06 18:19:59,402 [INFO] streaming.state_manager: [SM] TRANSITION_TO_IDLE -> IDLE
2026-08-06 23:49:59+05:30 2026-08-06 18:19:59,542 [INFO] batched_stream_processor: BATCHED_DRAIN_COMPLETED session=conc-test-8-bba722 cycles=212 elapsed=23614.2ms keep_alive=True
2026-08-06 23:49:59+05:30 2026-08-06 18:19:59,605 [INFO] streaming.state_manager: [SM] Adaptive caps: p95_ms=1406 buffer=36 peak=60 MAX=78 TARGET=62
2026-08-06 23:49:59+05:30 2026-08-06 18:19:59,656 [INFO] batched_stream_processor: BATCHED_DRAIN_STARTED session=conc-test-8-bba722 keep_alive=True
2026-08-06 23:49:59+05:30 2026-08-06 18:19:59,656 [INFO] BatchedStreamingEngine: Session conc-test-8-bba722 marked for drain (keep_alive=True)
2026-08-06 23:49:59+05:30 2026-08-06 18:19:59,845 [INFO] VideoPublisher: VIDEO_PUBLISH_METRICS session=conc-test-6-84b924 windowMs=5037 frames=126 effectiveFps=25.0 liveFrames=115 repeatedLiveFrames=11 idleFrames=0 desyncPct=8.7 maxGapMs=51.6 maxCaptureMs=1.0
2026-08-06 23:49:59+05:30 2026-08-06 18:19:59,896 [INFO] streaming.state_manager: [SM] Adaptive caps: p95_ms=1406 buffer=36 peak=60 MAX=78 TARGET=62
2026-08-06 23:49:59+05:30 2026-08-06 18:19:59.900 | INFO     | flash_head.src.pipeline.flash_head_pipeline:generate_batch:548 - [generate_batch] GPU_BREAKDOWN denoise=432.4ms decode=23.1ms color+encode=261.3ms total=717.7ms batch_size=6
2026-08-06 23:49:59+05:30 2026-08-06 18:19:59.901 | INFO     | flash_head.src.pipeline.flash_head_pipeline:generate_batch:555 - [generate_batch] DENOISE_STEPS total=432.4ms steps=[s0=86.1 s1=100.6 s2=106.0 s3=139.7] n_steps=4 batch_size=6
2026-08-06 23:50:00+05:30 2026-08-06 18:20:00,010 [INFO] VideoPublisher: VIDEO_PUBLISH_METRICS session=conc-test-8-bba722 windowMs=5040 frames=126 effectiveFps=25.0 liveFrames=86 repeatedLiveFrames=16 idleFrames=24 desyncPct=31.7 maxGapMs=55.2 maxCaptureMs=0.9
2026-08-06 23:50:00+05:30 2026-08-06 18:20:00,460 [INFO] VideoPublisher: VIDEO_PUBLISH_METRICS session=conc-test-3-096ecf windowMs=5001 frames=125 effectiveFps=25.0 liveFrames=110 repeatedLiveFrames=15 idleFrames=0 desyncPct=12.0 maxGapMs=50.1 maxCaptureMs=5.0
2026-08-06 23:50:00+05:30 2026-08-06 18:20:00,941 [INFO] VideoPublisher: VIDEO_PUBLISH_METRICS session=conc-test-4-1c8f54 windowMs=5037 frames=126 effectiveFps=25.0 liveFrames=120 repeatedLiveFrames=6 idleFrames=0 desyncPct=4.8 maxGapMs=55.0 maxCaptureMs=1.1
2026-08-06 23:50:00+05:30 2026-08-06 18:20:00.996 | INFO     | flash_head.src.pipeline.flash_head_pipeline:generate_batch:548 - [generate_batch] GPU_BREAKDOWN denoise=487.9ms decode=24.5ms color+encode=334.4ms total=847.1ms batch_size=7
2026-08-06 23:50:00+05:30 2026-08-06 18:20:00.996 | INFO     | flash_head.src.pipeline.flash_head_pipeline:generate_batch:555 - [generate_batch] DENOISE_STEPS total=487.9ms steps=[s0=101.5 s1=129.6 s2=128.0 s3=128.8] n_steps=4 batch_size=7
2026-08-06 23:50:01+05:30 2026-08-06 18:20:01,109 [INFO] handler: UTTERANCE_END_RECEIVED session=conc-test-8-bba722
2026-08-06 23:50:01+05:30 2026-08-06 18:20:01,126 [INFO] streaming.state_manager: [SM] IDLE -> TRANSITION_TO_LIVE (crossfade 8 frames, queue=24)
2026-08-06 23:50:01+05:30 2026-08-06 18:20:01,206 [INFO] VideoPublisher: VIDEO_PUBLISH_METRICS session=conc-test-5-b3233b windowMs=5041 frames=126 effectiveFps=25.0 liveFrames=109 repeatedLiveFrames=17 idleFrames=0 desyncPct=13.5 maxGapMs=50.1 maxCaptureMs=7.2
2026-08-06 23:50:01+05:30 2026-08-06 18:20:01,239 [INFO] VideoPublisher: VIDEO_PUBLISH_METRICS session=conc-test-7-1a5f06 windowMs=5005 frames=125 effectiveFps=25.0 liveFrames=75 repeatedLiveFrames=9 idleFrames=41 desyncPct=40.0 maxGapMs=47.9 maxCaptureMs=1.3
2026-08-06 23:50:01+05:30 2026-08-06 18:20:01,444 [INFO] streaming.state_manager: [SM] TRANSITION_TO_LIVE -> LIVE
2026-08-06 23:50:01+05:30 2026-08-06 18:20:01,491 [INFO] handler: UTTERANCE_END_RECEIVED session=conc-test-7-1a5f06
2026-08-06 23:50:02+05:30 2026-08-06 18:20:02.116 | INFO     | flash_head.src.pipeline.flash_head_pipeline:generate_batch:548 - [generate_batch] GPU_BREAKDOWN denoise=488.4ms decode=22.7ms color+encode=325.8ms total=837.3ms batch_size=7
2026-08-06 23:50:02+05:30 2026-08-06 18:20:02.116 | INFO     | flash_head.src.pipeline.flash_head_pipeline:generate_batch:555 - [generate_batch] DENOISE_STEPS total=488.4ms steps=[s0=102.7 s1=129.8 s2=127.4 s3=128.5] n_steps=4 batch_size=7
2026-08-06 23:50:02+05:30 2026-08-06 18:20:02,210 [INFO] handler: WS_CLOSED session=conc-test-3-096ecf ip=172.20.4.71
2026-08-06 23:50:02+05:30 2026-08-06 18:20:02,210 [INFO] handler: WS_CONNECTION_LOST session=conc-test-3-096ecf ip=172.20.4.71
2026-08-06 23:50:02+05:30 2026-08-06 18:20:02,211 [INFO] aiohttp.access: 172.20.4.71 [06/Aug/2026:18:18:03 +0000] "GET /ws/conc-test-3-096ecf HTTP/1.1" 101 0 "-" "Python/3.14 websockets/16.1.1"
2026-08-06 23:50:02+05:30 CONNECT /ws/conc-test-3-096ecf -> 101 Switching Protocols  (duration: 119.0 s, execution: 119.0 s)
2026-08-06 23:50:02+05:30 2026-08-06 18:20:02,504 [INFO] batched_stream_processor: [BATCHED-DIAG] {'event': 'participant_disconnected', 't': 123.102, 'identity': 'viewer-script-conc-test-3-096ecf'}
2026-08-06 23:50:02+05:30 [METRICS] GPU_util=65% GPU_temp=74C GPU_mem=4.3GB/95.0GB (reserved=20.9GB) RSS=15008MB CPU_user=347.6s CPU_sys=21.2s sessions=6 pool=15/15
2026-08-06 23:50:03+05:30 2026-08-06 18:20:03.223 | INFO     | flash_head.src.pipeline.flash_head_pipeline:generate_batch:548 - [generate_batch] GPU_BREAKDOWN denoise=484.8ms decode=22.1ms color+encode=330.7ms total=837.9ms batch_size=7
2026-08-06 23:50:03+05:30 2026-08-06 18:20:03.223 | INFO     | flash_head.src.pipeline.flash_head_pipeline:generate_batch:555 - [generate_batch] DENOISE_STEPS total=484.8ms steps=[s0=99.9 s1=126.4 s2=131.4 s3=127.2] n_steps=4 batch_size=7
2026-08-06 23:50:03+05:30 2026-08-06 18:20:03,291 [INFO] BatchedStreamingEngine: Session conc-test-3-096ecf marked for drain (keep_alive=False)
2026-08-06 23:50:03+05:30 2026-08-06 18:20:03,291 [INFO] streaming.websocket_server: Unregistered WebSocket session: conc-test-3-096ecf
2026-08-06 23:50:03+05:30 2026-08-06 18:20:03,305 [INFO] batched_stream_processor: [BATCHED-DIAG] {'event': 'connection_state_changed', 't': 123.902, 'state': '0'}
2026-08-06 23:50:03+05:30 2026-08-06 18:20:03,307 [INFO] batched_stream_processor: [BATCHED-DIAG] {'event': 'disconnected', 't': 123.904, 'state': '0', 'reason': '1'}
2026-08-06 23:50:03+05:30 2026-08-06 18:20:03,308 [INFO] aiohttp.access: 172.20.4.71 [06/Aug/2026:18:20:03 +0000] "POST /sessions/conc-test-3-096ecf/end HTTP/1.1" 200 232 "-" "Python/3.14 aiohttp/3.14.1"
2026-08-06 23:50:03+05:30 2026-08-06 18:20:03,324 [INFO] livekit: livekit::room:1794:livekit::room - Disconnected from room "conc-test-6a0b00a3" with reason: ClientInitiated
2026-08-06 23:50:03+05:30    POST /sessions/conc-test-3-096ecf/end -> 200 OK  (duration: 93.4 ms, execution: 56.1 ms)
2026-08-06 23:50:03+05:30 2026-08-06 18:20:03,392 [INFO] BatchedStreamingEngine: Session conc-test-5-b3233b reactivated (keep_alive)
2026-08-06 23:50:04+05:30 2026-08-06 18:20:04.189 | INFO     | flash_head.src.pipeline.flash_head_pipeline:generate_batch:548 - [generate_batch] GPU_BREAKDOWN denoise=394.2ms decode=19.4ms color+encode=290.7ms total=705.0ms batch_size=6
2026-08-06 23:50:04+05:30 2026-08-06 18:20:04.189 | INFO     | flash_head.src.pipeline.flash_head_pipeline:generate_batch:555 - [generate_batch] DENOISE_STEPS total=394.2ms steps=[s0=78.9 s1=103.8 s2=105.6 s3=105.9] n_steps=4 batch_size=6
2026-08-06 23:50:04+05:30 2026-08-06 18:20:04,799 [INFO] streaming.state_manager: [SM] LIVE -> TRANSITION_TO_IDLE (crossfade 8 frames)
2026-08-06 23:50:04+05:30 2026-08-06 18:20:04,885 [INFO] VideoPublisher: VIDEO_PUBLISH_METRICS session=conc-test-6-84b924 windowMs=5041 frames=126 effectiveFps=25.0 liveFrames=110 repeatedLiveFrames=16 idleFrames=0 desyncPct=12.7 maxGapMs=53.3 maxCaptureMs=1.3
2026-08-06 23:50:05+05:30 2026-08-06 18:20:05,047 [INFO] VideoPublisher: VIDEO_PUBLISH_METRICS session=conc-test-8-bba722 windowMs=5037 frames=126 effectiveFps=25.0 liveFrames=91 repeatedLiveFrames=0 idleFrames=35 desyncPct=27.8 maxGapMs=50.9 maxCaptureMs=1.2
2026-08-06 23:50:05+05:30 2026-08-06 18:20:05,118 [INFO] streaming.state_manager: [SM] TRANSITION_TO_IDLE -> IDLE
2026-08-06 23:50:05+05:30 2026-08-06 18:20:05.148 | INFO     | flash_head.src.pipeline.flash_head_pipeline:generate_batch:548 - [generate_batch] GPU_BREAKDOWN denoise=390.1ms decode=20.3ms color+encode=284.4ms total=695.1ms batch_size=6
2026-08-06 23:50:05+05:30 2026-08-06 18:20:05.149 | INFO     | flash_head.src.pipeline.flash_head_pipeline:generate_batch:555 - [generate_batch] DENOISE_STEPS total=390.1ms steps=[s0=79.8 s1=100.7 s2=106.4 s3=103.3] n_steps=4 batch_size=6
2026-08-06 23:50:05+05:30 2026-08-06 18:20:05,291 [INFO] batched_stream_processor: BATCHED_DRAIN_COMPLETED session=conc-test-5-b3233b cycles=200 elapsed=22417.6ms keep_alive=True
2026-08-06 23:50:05+05:30 2026-08-06 18:20:05,412 [INFO] batched_stream_processor: BATCHED_DRAIN_STARTED session=conc-test-5-b3233b keep_alive=True
2026-08-06 23:50:05+05:30 2026-08-06 18:20:05,412 [INFO] BatchedStreamingEngine: Session conc-test-5-b3233b marked for drain (keep_alive=True)
2026-08-06 23:50:05+05:30 2026-08-06 18:20:05,499 [INFO] streaming.state_manager: [SM] Adaptive caps: p95_ms=1399 buffer=35 peak=59 MAX=76 TARGET=60
2026-08-06 23:50:05+05:30 2026-08-06 18:20:05.713 | INFO     | flash_head.src.pipeline.flash_head_pipeline:generate_batch:548 - [generate_batch] GPU_BREAKDOWN denoise=334.9ms decode=10.9ms color+encode=46.8ms total=392.8ms batch_size=1
2026-08-06 23:50:05+05:30 2026-08-06 18:20:05.713 | INFO     | flash_head.src.pipeline.flash_head_pipeline:generate_batch:555 - [generate_batch] DENOISE_STEPS total=334.9ms steps=[s0=112.4 s1=68.8 s2=60.6 s3=93.2] n_steps=4 batch_size=1
2026-08-06 23:50:05+05:30 2026-08-06 18:20:05,760 [INFO] streaming.state_manager: [SM] IDLE -> TRANSITION_TO_LIVE (crossfade 8 frames, queue=24)
2026-08-06 23:50:05+05:30 2026-08-06 18:20:05,980 [INFO] VideoPublisher: VIDEO_PUBLISH_METRICS session=conc-test-4-1c8f54 windowMs=5038 frames=126 effectiveFps=25.0 liveFrames=115 repeatedLiveFrames=11 idleFrames=0 desyncPct=8.7 maxGapMs=49.5 maxCaptureMs=0.8
2026-08-06 23:50:06+05:30 2026-08-06 18:20:06,072 [INFO] streaming.state_manager: [SM] Adaptive caps: p95_ms=1399 buffer=35 peak=59 MAX=76 TARGET=60
2026-08-06 23:50:06+05:30 2026-08-06 18:20:06,078 [INFO] streaming.state_manager: [SM] TRANSITION_TO_LIVE -> LIVE
2026-08-06 23:50:06+05:30 2026-08-06 18:20:06,092 [INFO] handler: UTTERANCE_END_RECEIVED session=conc-test-5-b3233b
2026-08-06 23:50:06+05:30 2026-08-06 18:20:06,201 [INFO] handler: UTTERANCE_END_RECEIVED session=conc-test-4-1c8f54
2026-08-06 23:50:06+05:30 2026-08-06 18:20:06,241 [INFO] VideoPublisher: VIDEO_PUBLISH_METRICS session=conc-test-5-b3233b windowMs=5034 frames=126 effectiveFps=25.0 liveFrames=74 repeatedLiveFrames=20 idleFrames=32 desyncPct=41.3 maxGapMs=49.0 maxCaptureMs=1.0
2026-08-06 23:50:06+05:30 2026-08-06 18:20:06,275 [INFO] VideoPublisher: VIDEO_PUBLISH_METRICS session=conc-test-7-1a5f06 windowMs=5036 frames=126 effectiveFps=25.0 liveFrames=117 repeatedLiveFrames=9 idleFrames=0 desyncPct=7.1 maxGapMs=46.8 maxCaptureMs=0.7
2026-08-06 23:50:06+05:30 2026-08-06 18:20:06.697 | INFO     | flash_head.src.pipeline.flash_head_pipeline:generate_batch:548 - [generate_batch] GPU_BREAKDOWN denoise=487.5ms decode=22.9ms color+encode=338.5ms total=849.3ms batch_size=7
2026-08-06 23:50:06+05:30 2026-08-06 18:20:06.697 | INFO     | flash_head.src.pipeline.flash_head_pipeline:generate_batch:555 - [generate_batch] DENOISE_STEPS total=487.5ms steps=[s0=102.0 s1=127.9 s2=128.8 s3=128.8] n_steps=4 batch_size=7
2026-08-06 23:50:06+05:30 2026-08-06 18:20:06,698 [INFO] streaming.state_manager: [SM] LIVE -> TRANSITION_TO_IDLE (crossfade 8 frames)
2026-08-06 23:50:06+05:30 2026-08-06 18:20:06,730 [INFO] streaming.state_manager: [SM] LIVE -> TRANSITION_TO_IDLE (crossfade 8 frames)
2026-08-06 23:50:06+05:30 2026-08-06 18:20:06,752 [INFO] streaming.state_manager: [SM] LIVE -> TRANSITION_TO_IDLE (crossfade 8 frames)
2026-08-06 23:50:06+05:30 2026-08-06 18:20:06,763 [INFO] streaming.state_manager: [SM] LIVE -> TRANSITION_TO_IDLE (crossfade 8 frames)
2026-08-06 23:50:06+05:30 2026-08-06 18:20:06,818 [INFO] streaming.state_manager: [SM] IDLE -> TRANSITION_TO_LIVE (crossfade 8 frames, queue=24)
2026-08-06 23:50:06+05:30 2026-08-06 18:20:06,842 [INFO] streaming.state_manager: [SM] IDLE -> TRANSITION_TO_LIVE (crossfade 8 frames, queue=24)
2026-08-06 23:50:06+05:30 2026-08-06 18:20:06,872 [INFO] streaming.state_manager: [SM] IDLE -> TRANSITION_TO_LIVE (crossfade 8 frames, queue=24)
2026-08-06 23:50:06+05:30 2026-08-06 18:20:06,881 [INFO] streaming.state_manager: [SM] IDLE -> TRANSITION_TO_LIVE (crossfade 8 frames, queue=24)
2026-08-06 23:50:07+05:30 2026-08-06 18:20:07,077 [INFO] handler: UTTERANCE_END_RECEIVED session=conc-test-6-84b924
2026-08-06 23:50:07+05:30 2026-08-06 18:20:07,138 [INFO] streaming.state_manager: [SM] TRANSITION_TO_LIVE -> LIVE
2026-08-06 23:50:07+05:30 2026-08-06 18:20:07,163 [INFO] streaming.state_manager: [SM] TRANSITION_TO_LIVE -> LIVE
2026-08-06 23:50:07+05:30 2026-08-06 18:20:07,192 [INFO] streaming.state_manager: [SM] TRANSITION_TO_LIVE -> LIVE
2026-08-06 23:50:07+05:30 2026-08-06 18:20:07,202 [INFO] streaming.state_manager: [SM] TRANSITION_TO_LIVE -> LIVE
2026-08-06 23:50:07+05:30 [METRICS] GPU_util=100% GPU_temp=79C GPU_mem=4.6GB/95.0GB (reserved=20.9GB) RSS=15008MB CPU_user=359.4s CPU_sys=21.9s sessions=5 pool=15/15
2026-08-06 23:50:07+05:30 2026-08-06 18:20:07,763 [INFO] handler: WS_CLOSED session=conc-test-4-1c8f54 ip=172.20.4.71
2026-08-06 23:50:07+05:30 2026-08-06 18:20:07,763 [INFO] handler: WS_CONNECTION_LOST session=conc-test-4-1c8f54 ip=172.20.4.71
2026-08-06 23:50:07+05:30 2026-08-06 18:20:07,763 [INFO] aiohttp.access: 172.20.4.71 [06/Aug/2026:18:18:08 +0000] "GET /ws/conc-test-4-1c8f54 HTTP/1.1" 101 0 "-" "Python/3.14 websockets/16.1.1"
2026-08-06 23:50:07+05:30 CONNECT /ws/conc-test-4-1c8f54 -> 101 Switching Protocols  (duration: 119.2 s, execution: 119.2 s)
2026-08-06 23:50:07+05:30 2026-08-06 18:20:07.828 | INFO     | flash_head.src.pipeline.flash_head_pipeline:generate_batch:548 - [generate_batch] GPU_BREAKDOWN denoise=485.3ms decode=21.2ms color+encode=332.2ms total=839.3ms batch_size=7
2026-08-06 23:50:07+05:30 2026-08-06 18:20:07.828 | INFO     | flash_head.src.pipeline.flash_head_pipeline:generate_batch:555 - [generate_batch] DENOISE_STEPS total=485.3ms steps=[s0=98.9 s1=127.2 s2=129.0 s3=130.2] n_steps=4 batch_size=7
2026-08-06 23:50:07+05:30 2026-08-06 18:20:07,879 [INFO] batched_stream_processor: [BATCHED-DIAG] {'event': 'participant_disconnected', 't': 123.105, 'identity': 'viewer-script-conc-test-4-1c8f54'}
2026-08-06 23:50:07+05:30 2026-08-06 18:20:07,990 [INFO] BatchedStreamingEngine: cycle=140 batch=7 sessions=['conc-test-3-096ecf', 'conc-test-4-1c8f54', 'conc-test-5-b3233b', 'conc-test-8-bba722', 'conc-test-2-39b7ef', 'conc-test-7-1a5f06', 'conc-test-6-84b924'] embed=126.0ms infer=839.8ms xfer=161.9ms total=1128.0ms
2026-08-06 23:50:07+05:30 2026-08-06 18:20:07,994 [INFO] BatchedStreamingEngine: Session conc-test-6-84b924 reactivated (keep_alive)
2026-08-06 23:50:08+05:30 2026-08-06 18:20:08.783 | INFO     | flash_head.src.pipeline.flash_head_pipeline:generate_batch:548 - [generate_batch] GPU_BREAKDOWN denoise=393.1ms decode=20.3ms color+encode=285.6ms total=699.2ms batch_size=6
2026-08-06 23:50:08+05:30 2026-08-06 18:20:08.783 | INFO     | flash_head.src.pipeline.flash_head_pipeline:generate_batch:555 - [generate_batch] DENOISE_STEPS total=393.1ms steps=[s0=84.8 s1=99.2 s2=103.3 s3=105.8] n_steps=4 batch_size=6
2026-08-06 23:50:08+05:30 2026-08-06 18:20:08,821 [INFO] BatchedStreamingEngine: Session conc-test-4-1c8f54 marked for drain (keep_alive=False)
2026-08-06 23:50:08+05:30 2026-08-06 18:20:08,821 [INFO] streaming.websocket_server: Unregistered WebSocket session: conc-test-4-1c8f54
2026-08-06 23:50:08+05:30 2026-08-06 18:20:08,837 [INFO] batched_stream_processor: [BATCHED-DIAG] {'event': 'connection_state_changed', 't': 124.063, 'state': '0'}
2026-08-06 23:50:08+05:30 2026-08-06 18:20:08,837 [INFO] batched_stream_processor: [BATCHED-DIAG] {'event': 'disconnected', 't': 124.064, 'state': '0', 'reason': '1'}
2026-08-06 23:50:08+05:30 2026-08-06 18:20:08,838 [INFO] aiohttp.access: 172.20.4.71 [06/Aug/2026:18:20:08 +0000] "POST /sessions/conc-test-4-1c8f54/end HTTP/1.1" 200 232 "-" "Python/3.14 aiohttp/3.14.1"
2026-08-06 23:50:08+05:30    POST /sessions/conc-test-4-1c8f54/end -> 200 OK  (duration: 91.1 ms, execution: 49.0 ms)
2026-08-06 23:50:08+05:30 2026-08-06 18:20:08,925 [INFO] BatchedStreamingEngine: Session conc-test-3-096ecf removed (total=6)
2026-08-06 23:50:09+05:30 2026-08-06 18:20:09,486 [INFO] handler: UTTERANCE_END_RECEIVED session=conc-test-8-bba722
2026-08-06 23:50:09+05:30 2026-08-06 18:20:09,602 [INFO] streaming.state_manager: [SM] LIVE -> TRANSITION_TO_IDLE (crossfade 8 frames)
2026-08-06 23:50:09+05:30 2026-08-06 18:20:09.620 | INFO     | flash_head.src.pipeline.flash_head_pipeline:generate_batch:548 - [generate_batch] GPU_BREAKDOWN denoise=334.5ms decode=17.0ms color+encode=235.9ms total=587.5ms batch_size=5
2026-08-06 23:50:09+05:30 2026-08-06 18:20:09.620 | INFO     | flash_head.src.pipeline.flash_head_pipeline:generate_batch:555 - [generate_batch] DENOISE_STEPS total=334.5ms steps=[s0=63.7 s1=89.3 s2=89.4 s3=92.1] n_steps=4 batch_size=5
2026-08-06 23:50:09+05:30 2026-08-06 18:20:09,881 [INFO] handler: UTTERANCE_END_RECEIVED session=conc-test-7-1a5f06
2026-08-06 23:50:09+05:30 2026-08-06 18:20:09,921 [INFO] streaming.state_manager: [SM] TRANSITION_TO_IDLE -> IDLE
2026-08-06 23:50:09+05:30 2026-08-06 18:20:09,926 [INFO] VideoPublisher: VIDEO_PUBLISH_METRICS session=conc-test-6-84b924 windowMs=5040 frames=126 effectiveFps=25.0 liveFrames=82 repeatedLiveFrames=24 idleFrames=20 desyncPct=34.9 maxGapMs=50.8 maxCaptureMs=7.1
2026-08-06 23:50:10+05:30 2026-08-06 18:20:10,062 [INFO] batched_stream_processor: BATCHED_DRAIN_COMPLETED session=conc-test-6-84b924 cycles=196 elapsed=22053.1ms keep_alive=True
2026-08-06 23:50:10+05:30 2026-08-06 18:20:10,088 [INFO] VideoPublisher: VIDEO_PUBLISH_METRICS session=conc-test-8-bba722 windowMs=5040 frames=126 effectiveFps=25.0 liveFrames=103 repeatedLiveFrames=12 idleFrames=11 desyncPct=18.3 maxGapMs=51.7 maxCaptureMs=1.4
2026-08-06 23:50:10+05:30 2026-08-06 18:20:10,143 [INFO] batched_stream_processor: BATCHED_DRAIN_STARTED session=conc-test-6-84b924 keep_alive=True
2026-08-06 23:50:10+05:30 2026-08-06 18:20:10,143 [INFO] BatchedStreamingEngine: Session conc-test-6-84b924 marked for drain (keep_alive=True)
2026-08-06 23:50:10+05:30 2026-08-06 18:20:10.576 | INFO     | flash_head.src.pipeline.flash_head_pipeline:generate_batch:548 - [generate_batch] GPU_BREAKDOWN denoise=344.4ms decode=19.0ms color+encode=234.1ms total=597.6ms batch_size=5
2026-08-06 23:50:10+05:30 2026-08-06 18:20:10.576 | INFO     | flash_head.src.pipeline.flash_head_pipeline:generate_batch:555 - [generate_batch] DENOISE_STEPS total=344.4ms steps=[s0=63.7 s1=121.2 s2=70.5 s3=89.1] n_steps=4 batch_size=5
2026-08-06 23:50:10+05:30 2026-08-06 18:20:10,880 [INFO] streaming.state_manager: [SM] Adaptive caps: p95_ms=1389 buffer=35 peak=59 MAX=76 TARGET=60
2026-08-06 23:50:10+05:30 2026-08-06 18:20:10.920 | INFO     | flash_head.src.pipeline.flash_head_pipeline:generate_batch:548 - [generate_batch] GPU_BREAKDOWN denoise=163.9ms decode=6.8ms color+encode=46.7ms total=217.6ms batch_size=1
2026-08-06 23:50:10+05:30 2026-08-06 18:20:10.920 | INFO     | flash_head.src.pipeline.flash_head_pipeline:generate_batch:555 - [generate_batch] DENOISE_STEPS total=163.9ms steps=[s0=42.4 s1=41.9 s2=41.3 s3=38.3] n_steps=4 batch_size=1
2026-08-06 23:50:10+05:30 2026-08-06 18:20:10,963 [INFO] streaming.state_manager: [SM] IDLE -> TRANSITION_TO_LIVE (crossfade 8 frames, queue=24)
2026-08-06 23:50:11+05:30 2026-08-06 18:20:11,242 [INFO] VideoPublisher: VIDEO_PUBLISH_METRICS session=conc-test-5-b3233b windowMs=5001 frames=125 effectiveFps=25.0 liveFrames=125 repeatedLiveFrames=0 idleFrames=0 desyncPct=0.0 maxGapMs=44.4 maxCaptureMs=0.7
2026-08-06 23:50:11+05:30 2026-08-06 18:20:11,281 [INFO] streaming.state_manager: [SM] TRANSITION_TO_LIVE -> LIVE
2026-08-06 23:50:11+05:30 2026-08-06 18:20:11,313 [INFO] VideoPublisher: VIDEO_PUBLISH_METRICS session=conc-test-7-1a5f06 windowMs=5038 frames=126 effectiveFps=25.0 liveFrames=104 repeatedLiveFrames=11 idleFrames=11 desyncPct=17.5 maxGapMs=57.2 maxCaptureMs=0.6
2026-08-06 23:50:11+05:30 2026-08-06 18:20:11.705 | INFO     | flash_head.src.pipeline.flash_head_pipeline:generate_batch:548 - [generate_batch] GPU_BREAKDOWN denoise=390.2ms decode=20.5ms color+encode=278.2ms total=689.2ms batch_size=6
2026-08-06 23:50:11+05:30 2026-08-06 18:20:11.706 | INFO     | flash_head.src.pipeline.flash_head_pipeline:generate_batch:555 - [generate_batch] DENOISE_STEPS total=390.2ms steps=[s0=76.6 s1=103.2 s2=104.8 s3=105.6] n_steps=4 batch_size=6
2026-08-06 23:50:12+05:30 2026-08-06 18:20:12.622 | INFO     | flash_head.src.pipeline.flash_head_pipeline:generate_batch:548 - [generate_batch] GPU_BREAKDOWN denoise=396.3ms decode=21.3ms color+encode=280.7ms total=698.6ms batch_size=6
2026-08-06 23:50:12+05:30 2026-08-06 18:20:12.622 | INFO     | flash_head.src.pipeline.flash_head_pipeline:generate_batch:555 - [generate_batch] DENOISE_STEPS total=396.3ms steps=[s0=82.6 s1=103.9 s2=105.1 s3=104.6] n_steps=4 batch_size=6
2026-08-06 23:50:12+05:30 [METRICS] GPU_util=92% GPU_temp=76C GPU_mem=4.7GB/95.0GB (reserved=20.9GB) RSS=15008MB CPU_user=370.1s CPU_sys=22.4s sessions=4 pool=15/15
2026-08-06 23:50:12+05:30 2026-08-06 18:20:12,770 [INFO] BatchedStreamingEngine: Session conc-test-4-1c8f54 removed (total=5)
2026-08-06 23:50:13+05:30 2026-08-06 18:20:13.466 | INFO     | flash_head.src.pipeline.flash_head_pipeline:generate_batch:548 - [generate_batch] GPU_BREAKDOWN denoise=335.7ms decode=17.5ms color+encode=236.6ms total=590.1ms batch_size=5
2026-08-06 23:50:13+05:30 2026-08-06 18:20:13.466 | INFO     | flash_head.src.pipeline.flash_head_pipeline:generate_batch:555 - [generate_batch] DENOISE_STEPS total=335.7ms steps=[s0=68.1 s1=86.9 s2=91.8 s3=89.0] n_steps=4 batch_size=5
2026-08-06 23:50:14+05:30 2026-08-06 18:20:14.423 | INFO     | flash_head.src.pipeline.flash_head_pipeline:generate_batch:548 - [generate_batch] GPU_BREAKDOWN denoise=333.2ms decode=18.7ms color+encode=235.2ms total=587.3ms batch_size=5
2026-08-06 23:50:14+05:30 2026-08-06 18:20:14.423 | INFO     | flash_head.src.pipeline.flash_head_pipeline:generate_batch:555 - [generate_batch] DENOISE_STEPS total=333.2ms steps=[s0=64.2 s1=90.3 s2=89.2 s3=89.6] n_steps=4 batch_size=5
2026-08-06 23:50:14+05:30 2026-08-06 18:20:14,500 [INFO] handler: UTTERANCE_END_RECEIVED session=conc-test-5-b3233b
2026-08-06 23:50:14+05:30 2026-08-06 18:20:14,542 [INFO] BatchedStreamingEngine: Session conc-test-7-1a5f06 reactivated (keep_alive)
2026-08-06 23:50:14+05:30 2026-08-06 18:20:14,966 [INFO] VideoPublisher: VIDEO_PUBLISH_METRICS session=conc-test-6-84b924 windowMs=5040 frames=126 effectiveFps=25.0 liveFrames=93 repeatedLiveFrames=0 idleFrames=33 desyncPct=26.2 maxGapMs=51.9 maxCaptureMs=2.6
2026-08-06 23:50:15+05:30 2026-08-06 18:20:15,126 [INFO] VideoPublisher: VIDEO_PUBLISH_METRICS session=conc-test-8-bba722 windowMs=5037 frames=126 effectiveFps=25.0 liveFrames=126 repeatedLiveFrames=0 idleFrames=0 desyncPct=0.0 maxGapMs=53.0 maxCaptureMs=1.1
2026-08-06 23:50:15+05:30 2026-08-06 18:20:15.276 | INFO     | flash_head.src.pipeline.flash_head_pipeline:generate_batch:548 - [generate_batch] GPU_BREAKDOWN denoise=274.4ms decode=15.8ms color+encode=194.7ms total=485.0ms batch_size=4
2026-08-06 23:50:15+05:30 2026-08-06 18:20:15.276 | INFO     | flash_head.src.pipeline.flash_head_pipeline:generate_batch:555 - [generate_batch] DENOISE_STEPS total=274.4ms steps=[s0=64.3 s1=64.7 s2=72.8 s3=72.5] n_steps=4 batch_size=4
2026-08-06 23:50:15+05:30 2026-08-06 18:20:15,371 [INFO] BatchedStreamingEngine: Session conc-test-2-39b7ef removed (total=4)
2026-08-06 23:50:15+05:30 2026-08-06 18:20:15,447 [INFO] handler: UTTERANCE_END_RECEIVED session=conc-test-6-84b924
2026-08-06 23:50:16+05:30 2026-08-06 18:20:16.108 | INFO     | flash_head.src.pipeline.flash_head_pipeline:generate_batch:548 - [generate_batch] GPU_BREAKDOWN denoise=220.1ms decode=13.6ms color+encode=135.1ms total=369.0ms batch_size=3
2026-08-06 23:50:16+05:30 2026-08-06 18:20:16.108 | INFO     | flash_head.src.pipeline.flash_head_pipeline:generate_batch:555 - [generate_batch] DENOISE_STEPS total=220.1ms steps=[s0=62.3 s1=54.1 s2=52.0 s3=51.7] n_steps=4 batch_size=3
2026-08-06 23:50:16+05:30 2026-08-06 18:20:16,174 [INFO] BatchedStreamingEngine: cycle=150 batch=3 sessions=['conc-test-5-b3233b', 'conc-test-8-bba722', 'conc-test-6-84b924'] embed=45.4ms infer=369.4ms xfer=66.3ms total=486.5ms
2026-08-06 23:50:16+05:30 2026-08-06 18:20:16,280 [INFO] VideoPublisher: VIDEO_PUBLISH_METRICS session=conc-test-5-b3233b windowMs=5038 frames=126 effectiveFps=25.0 liveFrames=126 repeatedLiveFrames=0 idleFrames=0 desyncPct=0.0 maxGapMs=45.4 maxCaptureMs=1.0
2026-08-06 23:50:16+05:30 2026-08-06 18:20:16,313 [INFO] streaming.state_manager: [SM] LIVE -> TRANSITION_TO_IDLE (crossfade 8 frames)
2026-08-06 23:50:16+05:30 2026-08-06 18:20:16,315 [INFO] VideoPublisher: VIDEO_PUBLISH_METRICS session=conc-test-7-1a5f06 windowMs=5001 frames=125 effectiveFps=25.0 liveFrames=112 repeatedLiveFrames=12 idleFrames=1 desyncPct=10.4 maxGapMs=47.8 maxCaptureMs=0.8
2026-08-06 23:50:16+05:30 2026-08-06 18:20:16,634 [INFO] streaming.state_manager: [SM] TRANSITION_TO_IDLE -> IDLE
2026-08-06 23:50:16+05:30 2026-08-06 18:20:16,761 [INFO] batched_stream_processor: BATCHED_DRAIN_COMPLETED session=conc-test-7-1a5f06 cycles=175 elapsed=19941.4ms keep_alive=True
2026-08-06 23:50:16+05:30 2026-08-06 18:20:16,866 [INFO] batched_stream_processor: BATCHED_DRAIN_STARTED session=conc-test-7-1a5f06 keep_alive=True
2026-08-06 23:50:16+05:30 2026-08-06 18:20:16,867 [INFO] BatchedStreamingEngine: Session conc-test-7-1a5f06 marked for drain (keep_alive=True)
2026-08-06 23:50:16+05:30 2026-08-06 18:20:16,972 [INFO] handler: WS_CLOSED session=conc-test-5-b3233b ip=172.20.4.71
2026-08-06 23:50:16+05:30 2026-08-06 18:20:16,972 [INFO] handler: WS_CONNECTION_LOST session=conc-test-5-b3233b ip=172.20.4.71
2026-08-06 23:50:16+05:30 2026-08-06 18:20:16,973 [INFO] aiohttp.access: 172.20.4.71 [06/Aug/2026:18:18:18 +0000] "GET /ws/conc-test-5-b3233b HTTP/1.1" 101 0 "-" "Python/3.14 websockets/16.1.1"
2026-08-06 23:50:17+05:30 CONNECT /ws/conc-test-5-b3233b -> 101 Switching Protocols  (duration: 118.6 s, execution: 118.5 s)
2026-08-06 23:50:17+05:30 2026-08-06 18:20:17.185 | INFO     | flash_head.src.pipeline.flash_head_pipeline:generate_batch:548 - [generate_batch] GPU_BREAKDOWN denoise=333.9ms decode=12.8ms color+encode=137.6ms total=484.4ms batch_size=3
2026-08-06 23:50:17+05:30 2026-08-06 18:20:17.185 | INFO     | flash_head.src.pipeline.flash_head_pipeline:generate_batch:555 - [generate_batch] DENOISE_STEPS total=333.9ms steps=[s0=99.9 s1=108.4 s2=72.2 s3=53.4] n_steps=4 batch_size=3
2026-08-06 23:50:17+05:30 2026-08-06 18:20:17,252 [INFO] BatchedStreamingEngine: Session conc-test-8-bba722 reactivated (keep_alive)
2026-08-06 23:50:17+05:30 2026-08-06 18:20:17.531 | INFO     | flash_head.src.pipeline.flash_head_pipeline:generate_batch:548 - [generate_batch] GPU_BREAKDOWN denoise=206.6ms decode=10.2ms color+encode=49.8ms total=266.7ms batch_size=1
2026-08-06 23:50:17+05:30 2026-08-06 18:20:17.531 | INFO     | flash_head.src.pipeline.flash_head_pipeline:generate_batch:555 - [generate_batch] DENOISE_STEPS total=206.6ms steps=[s0=49.9 s1=60.5 s2=45.5 s3=50.6] n_steps=4 batch_size=1
2026-08-06 23:50:17+05:30 2026-08-06 18:20:17,552 [INFO] streaming.state_manager: [SM] IDLE -> TRANSITION_TO_LIVE (crossfade 8 frames, queue=24)
2026-08-06 23:50:17+05:30 2026-08-06 18:20:17,733 [INFO] batched_stream_processor: [BATCHED-DIAG] {'event': 'participant_disconnected', 't': 127.733, 'identity': 'viewer-script-conc-test-5-b3233b'}
2026-08-06 23:50:17+05:30 [METRICS] GPU_util=5% GPU_temp=67C GPU_mem=4.3GB/95.0GB (reserved=20.9GB) RSS=15008MB CPU_user=380.0s CPU_sys=22.9s sessions=4 pool=15/15
2026-08-06 23:50:17+05:30 2026-08-06 18:20:17,863 [INFO] handler: UTTERANCE_END_RECEIVED session=conc-test-8-bba722
2026-08-06 23:50:17+05:30 2026-08-06 18:20:17,872 [INFO] streaming.state_manager: [SM] TRANSITION_TO_LIVE -> LIVE
2026-08-06 23:50:18+05:30 2026-08-06 18:20:18,010 [INFO] BatchedStreamingEngine: Session conc-test-5-b3233b marked for drain (keep_alive=False)
2026-08-06 23:50:18+05:30 2026-08-06 18:20:18,010 [INFO] streaming.websocket_server: Unregistered WebSocket session: conc-test-5-b3233b
2026-08-06 23:50:18+05:30 2026-08-06 18:20:18,021 [INFO] batched_stream_processor: [BATCHED-DIAG] {'event': 'connection_state_changed', 't': 128.021, 'state': '0'}
2026-08-06 23:50:18+05:30 2026-08-06 18:20:18,021 [INFO] batched_stream_processor: [BATCHED-DIAG] {'event': 'disconnected', 't': 128.021, 'state': '0', 'reason': '1'}
2026-08-06 23:50:18+05:30 2026-08-06 18:20:18,022 [INFO] aiohttp.access: 172.20.4.71 [06/Aug/2026:18:20:18 +0000] "POST /sessions/conc-test-5-b3233b/end HTTP/1.1" 200 232 "-" "Python/3.14 aiohttp/3.14.1"
2026-08-06 23:50:18+05:30 2026-08-06 18:20:18.062 | INFO     | flash_head.src.pipeline.flash_head_pipeline:generate_batch:548 - [generate_batch] GPU_BREAKDOWN denoise=227.8ms decode=11.2ms color+encode=164.9ms total=404.0ms batch_size=3
2026-08-06 23:50:18+05:30 2026-08-06 18:20:18.062 | INFO     | flash_head.src.pipeline.flash_head_pipeline:generate_batch:555 - [generate_batch] DENOISE_STEPS total=227.8ms steps=[s0=57.5 s1=66.8 s2=50.1 s3=53.4] n_steps=4 batch_size=3
2026-08-06 23:50:18+05:30    POST /sessions/conc-test-5-b3233b/end -> 200 OK  (duration: 84.1 ms, execution: 47.8 ms)
2026-08-06 23:50:18+05:30 2026-08-06 18:20:18,255 [INFO] handler: UTTERANCE_END_RECEIVED session=conc-test-7-1a5f06
2026-08-06 23:50:18+05:30 2026-08-06 18:20:18.973 | INFO     | flash_head.src.pipeline.flash_head_pipeline:generate_batch:548 - [generate_batch] GPU_BREAKDOWN denoise=197.5ms decode=10.6ms color+encode=153.0ms total=361.3ms batch_size=3
2026-08-06 23:50:18+05:30 2026-08-06 18:20:18.973 | INFO     | flash_head.src.pipeline.flash_head_pipeline:generate_batch:555 - [generate_batch] DENOISE_STEPS total=197.5ms steps=[s0=45.3 s1=44.9 s2=53.6 s3=53.7] n_steps=4 batch_size=3
2026-08-06 23:50:19+05:30 2026-08-06 18:20:19,164 [INFO] streaming.state_manager: [SM] LIVE -> TRANSITION_TO_IDLE (crossfade 8 frames)
2026-08-06 23:50:19+05:30 2026-08-06 18:20:19,484 [INFO] streaming.state_manager: [SM] TRANSITION_TO_IDLE -> IDLE
2026-08-06 23:50:19+05:30 2026-08-06 18:20:19,631 [INFO] batched_stream_processor: BATCHED_DRAIN_COMPLETED session=conc-test-8-bba722 cycles=174 elapsed=19975.2ms keep_alive=True
2026-08-06 23:50:19+05:30 2026-08-06 18:20:19,682 [INFO] streaming.state_manager: [SM] Adaptive caps: p95_ms=1371 buffer=35 peak=59 MAX=76 TARGET=60
2026-08-06 23:50:19+05:30 2026-08-06 18:20:19,705 [INFO] batched_stream_processor: BATCHED_DRAIN_STARTED session=conc-test-8-bba722 keep_alive=True
2026-08-06 23:50:19+05:30 2026-08-06 18:20:19,705 [INFO] BatchedStreamingEngine: Session conc-test-8-bba722 marked for drain (keep_alive=True)
2026-08-06 23:50:19+05:30 2026-08-06 18:20:19.955 | INFO     | flash_head.src.pipeline.flash_head_pipeline:generate_batch:548 - [generate_batch] GPU_BREAKDOWN denoise=236.2ms decode=12.3ms color+encode=143.7ms total=392.4ms batch_size=3
2026-08-06 23:50:19+05:30 2026-08-06 18:20:19.955 | INFO     | flash_head.src.pipeline.flash_head_pipeline:generate_batch:555 - [generate_batch] DENOISE_STEPS total=236.2ms steps=[s0=47.2 s1=99.0 s2=40.3 s3=49.7] n_steps=4 batch_size=3
2026-08-06 23:50:20+05:30 2026-08-06 18:20:20,005 [INFO] VideoPublisher: VIDEO_PUBLISH_METRICS session=conc-test-6-84b924 windowMs=5039 frames=126 effectiveFps=25.0 liveFrames=126 repeatedLiveFrames=0 idleFrames=0 desyncPct=0.0 maxGapMs=45.5 maxCaptureMs=1.1
2026-08-06 23:50:20+05:30 2026-08-06 18:20:20,128 [INFO] VideoPublisher: VIDEO_PUBLISH_METRICS session=conc-test-8-bba722 windowMs=5001 frames=125 effectiveFps=25.0 liveFrames=88 repeatedLiveFrames=12 idleFrames=25 desyncPct=29.6 maxGapMs=48.5 maxCaptureMs=1.1
2026-08-06 23:50:20+05:30 2026-08-06 18:20:20.237 | INFO     | flash_head.src.pipeline.flash_head_pipeline:generate_batch:548 - [generate_batch] GPU_BREAKDOWN denoise=151.0ms decode=6.2ms color+encode=45.3ms total=202.6ms batch_size=1
2026-08-06 23:50:20+05:30 2026-08-06 18:20:20.238 | INFO     | flash_head.src.pipeline.flash_head_pipeline:generate_batch:555 - [generate_batch] DENOISE_STEPS total=151.0ms steps=[s0=35.5 s1=37.1 s2=37.4 s3=41.0] n_steps=4 batch_size=1
2026-08-06 23:50:20+05:30 2026-08-06 18:20:20,282 [INFO] streaming.state_manager: [SM] IDLE -> TRANSITION_TO_LIVE (crossfade 8 frames, queue=24)
2026-08-06 23:50:20+05:30 2026-08-06 18:20:20,324 [INFO] handler: WS_CLOSED session=conc-test-6-84b924 ip=172.20.4.71
2026-08-06 23:50:20+05:30 2026-08-06 18:20:20,324 [INFO] handler: WS_CONNECTION_LOST session=conc-test-6-84b924 ip=172.20.4.71
2026-08-06 23:50:20+05:30 2026-08-06 18:20:20,324 [INFO] aiohttp.access: 172.20.4.71 [06/Aug/2026:18:19:21 +0000] "GET /ws/conc-test-6-84b924 HTTP/1.1" 101 0 "-" "Python/3.14 websockets/16.1.1"
2026-08-06 23:50:20+05:30 CONNECT /ws/conc-test-6-84b924 -> 101 Switching Protocols  (duration: 58.7 s, execution: 58.7 s)
2026-08-06 23:50:20+05:30 2026-08-06 18:20:20,604 [INFO] streaming.state_manager: [SM] TRANSITION_TO_LIVE -> LIVE
2026-08-06 23:50:21+05:30 2026-08-06 18:20:21.010 | INFO     | flash_head.src.pipeline.flash_head_pipeline:generate_batch:548 - [generate_batch] GPU_BREAKDOWN denoise=270.2ms decode=15.6ms color+encode=192.6ms total=478.8ms batch_size=4
2026-08-06 23:50:21+05:30 2026-08-06 18:20:21.010 | INFO     | flash_head.src.pipeline.flash_head_pipeline:generate_batch:555 - [generate_batch] DENOISE_STEPS total=270.2ms steps=[s0=51.8 s1=72.6 s2=73.2 s3=72.7] n_steps=4 batch_size=4
2026-08-06 23:50:21+05:30 2026-08-06 18:20:21,101 [INFO] BatchedStreamingEngine: Session conc-test-5-b3233b removed (total=3)
2026-08-06 23:50:21+05:30 2026-08-06 18:20:21,354 [INFO] VideoPublisher: VIDEO_PUBLISH_METRICS session=conc-test-7-1a5f06 windowMs=5039 frames=126 effectiveFps=25.0 liveFrames=88 repeatedLiveFrames=0 idleFrames=38 desyncPct=30.2 maxGapMs=44.1 maxCaptureMs=0.8
2026-08-06 23:50:21+05:30 2026-08-06 18:20:21,466 [INFO] BatchedStreamingEngine: Session conc-test-6-84b924 marked for drain (keep_alive=False)
2026-08-06 23:50:21+05:30 2026-08-06 18:20:21,467 [INFO] streaming.websocket_server: Unregistered WebSocket session: conc-test-6-84b924
2026-08-06 23:50:21+05:30 2026-08-06 18:20:21,488 [INFO] batched_stream_processor: [BATCHED-DIAG] {'event': 'connection_state_changed', 't': 123.955, 'state': '0'}
2026-08-06 23:50:21+05:30 2026-08-06 18:20:21,488 [INFO] batched_stream_processor: [BATCHED-DIAG] {'event': 'disconnected', 't': 123.955, 'state': '0', 'reason': '1'}
2026-08-06 23:50:21+05:30 2026-08-06 18:20:21,490 [INFO] aiohttp.access: 172.20.4.71 [06/Aug/2026:18:20:21 +0000] "POST /sessions/conc-test-6-84b924/end HTTP/1.1" 200 232 "-" "Python/3.14 aiohttp/3.14.1"
2026-08-06 23:50:21+05:30    POST /sessions/conc-test-6-84b924/end -> 200 OK  (duration: 300.5 ms, execution: 270.5 ms)
2026-08-06 23:50:21+05:30 2026-08-06 18:20:21.871 | INFO     | flash_head.src.pipeline.flash_head_pipeline:generate_batch:548 - [generate_batch] GPU_BREAKDOWN denoise=194.5ms decode=12.8ms color+encode=141.9ms total=349.3ms batch_size=3
2026-08-06 23:50:21+05:30 2026-08-06 18:20:21.871 | INFO     | flash_head.src.pipeline.flash_head_pipeline:generate_batch:555 - [generate_batch] DENOISE_STEPS total=194.5ms steps=[s0=40.5 s1=48.4 s2=52.8 s3=52.8] n_steps=4 batch_size=3
2026-08-06 23:50:22+05:30 2026-08-06 18:20:22.793 | INFO     | flash_head.src.pipeline.flash_head_pipeline:generate_batch:548 - [generate_batch] GPU_BREAKDOWN denoise=199.5ms decode=10.9ms color+encode=143.1ms total=353.7ms batch_size=3
2026-08-06 23:50:22+05:30 2026-08-06 18:20:22.793 | INFO     | flash_head.src.pipeline.flash_head_pipeline:generate_batch:555 - [generate_batch] DENOISE_STEPS total=199.5ms steps=[s0=49.0 s1=43.9 s2=52.5 s3=54.0] n_steps=4 batch_size=3
2026-08-06 23:50:22+05:30 [METRICS] GPU_util=96% GPU_temp=76C GPU_mem=4.4GB/95.0GB (reserved=20.9GB) RSS=15008MB CPU_user=388.7s CPU_sys=23.2s sessions=2 pool=15/15
2026-08-06 23:50:23+05:30 2026-08-06 18:20:23.778 | INFO     | flash_head.src.pipeline.flash_head_pipeline:generate_batch:548 - [generate_batch] GPU_BREAKDOWN denoise=225.2ms decode=9.5ms color+encode=138.2ms total=373.1ms batch_size=3
2026-08-06 23:50:23+05:30 2026-08-06 18:20:23.778 | INFO     | flash_head.src.pipeline.flash_head_pipeline:generate_batch:555 - [generate_batch] DENOISE_STEPS total=225.2ms steps=[s0=57.2 s1=49.2 s2=69.7 s3=49.1] n_steps=4 batch_size=3
2026-08-06 23:50:23+05:30 2026-08-06 18:20:23,852 [INFO] BatchedStreamingEngine: cycle=160 batch=3 sessions=['conc-test-8-bba722', 'conc-test-7-1a5f06', 'conc-test-6-84b924'] embed=36.2ms infer=373.9ms xfer=73.4ms total=483.6ms
2026-08-06 23:50:24+05:30 2026-08-06 18:20:24.727 | INFO     | flash_head.src.pipeline.flash_head_pipeline:generate_batch:548 - [generate_batch] GPU_BREAKDOWN denoise=210.9ms decode=9.0ms color+encode=140.8ms total=360.8ms batch_size=3
2026-08-06 23:50:24+05:30 2026-08-06 18:20:24.727 | INFO     | flash_head.src.pipeline.flash_head_pipeline:generate_batch:555 - [generate_batch] DENOISE_STEPS total=210.9ms steps=[s0=53.5 s1=47.3 s2=47.5 s3=62.6] n_steps=4 batch_size=3
2026-08-06 23:50:25+05:30 2026-08-06 18:20:25,166 [INFO] VideoPublisher: VIDEO_PUBLISH_METRICS session=conc-test-8-bba722 windowMs=5038 frames=126 effectiveFps=25.0 liveFrames=115 repeatedLiveFrames=0 idleFrames=11 desyncPct=8.7 maxGapMs=44.0 maxCaptureMs=4.9
2026-08-06 23:50:25+05:30 2026-08-06 18:20:25.680 | INFO     | flash_head.src.pipeline.flash_head_pipeline:generate_batch:548 - [generate_batch] GPU_BREAKDOWN denoise=203.1ms decode=6.5ms color+encode=145.5ms total=355.2ms batch_size=3
2026-08-06 23:50:25+05:30 2026-08-06 18:20:25.680 | INFO     | flash_head.src.pipeline.flash_head_pipeline:generate_batch:555 - [generate_batch] DENOISE_STEPS total=203.1ms steps=[s0=50.9 s1=43.1 s2=59.1 s3=50.0] n_steps=4 batch_size=3
2026-08-06 23:50:25+05:30 2026-08-06 18:20:25,746 [INFO] BatchedStreamingEngine: Session conc-test-6-84b924 removed (total=2)
2026-08-06 23:50:26+05:30 2026-08-06 18:20:26,237 [INFO] handler: UTTERANCE_END_RECEIVED session=conc-test-8-bba722
2026-08-06 23:50:26+05:30 2026-08-06 18:20:26,354 [INFO] VideoPublisher: VIDEO_PUBLISH_METRICS session=conc-test-7-1a5f06 windowMs=5000 frames=125 effectiveFps=25.0 liveFrames=125 repeatedLiveFrames=0 idleFrames=0 desyncPct=0.0 maxGapMs=45.4 maxCaptureMs=1.2
2026-08-06 23:50:26+05:30 2026-08-06 18:20:26.537 | INFO     | flash_head.src.pipeline.flash_head_pipeline:generate_batch:548 - [generate_batch] GPU_BREAKDOWN denoise=168.0ms decode=9.5ms color+encode=87.0ms total=264.8ms batch_size=2
2026-08-06 23:50:26+05:30 2026-08-06 18:20:26.537 | INFO     | flash_head.src.pipeline.flash_head_pipeline:generate_batch:555 - [generate_batch] DENOISE_STEPS total=168.0ms steps=[s0=45.6 s1=42.3 s2=42.1 s3=38.0] n_steps=4 batch_size=2
2026-08-06 23:50:26+05:30 2026-08-06 18:20:26,665 [INFO] handler: UTTERANCE_END_RECEIVED session=conc-test-7-1a5f06
2026-08-06 23:50:27+05:30 2026-08-06 18:20:27.491 | INFO     | flash_head.src.pipeline.flash_head_pipeline:generate_batch:548 - [generate_batch] GPU_BREAKDOWN denoise=150.8ms decode=9.8ms color+encode=99.6ms total=260.3ms batch_size=2
2026-08-06 23:50:27+05:30 2026-08-06 18:20:27.491 | INFO     | flash_head.src.pipeline.flash_head_pipeline:generate_batch:555 - [generate_batch] DENOISE_STEPS total=150.8ms steps=[s0=38.1 s1=39.4 s2=36.5 s3=36.9] n_steps=4 batch_size=2
2026-08-06 23:50:27+05:30 [METRICS] GPU_util=0% GPU_temp=65C GPU_mem=4.1GB/95.0GB (reserved=20.9GB) RSS=15008MB CPU_user=396.4s CPU_sys=23.4s sessions=2 pool=15/15
2026-08-06 23:50:28+05:30 2026-08-06 18:20:28.448 | INFO     | flash_head.src.pipeline.flash_head_pipeline:generate_batch:548 - [generate_batch] GPU_BREAKDOWN denoise=157.9ms decode=7.4ms color+encode=94.8ms total=260.2ms batch_size=2
2026-08-06 23:50:28+05:30 2026-08-06 18:20:28.448 | INFO     | flash_head.src.pipeline.flash_head_pipeline:generate_batch:555 - [generate_batch] DENOISE_STEPS total=157.9ms steps=[s0=41.7 s1=38.3 s2=39.3 s3=38.6] n_steps=4 batch_size=2
2026-08-06 23:50:29+05:30 2026-08-06 18:20:29.406 | INFO     | flash_head.src.pipeline.flash_head_pipeline:generate_batch:548 - [generate_batch] GPU_BREAKDOWN denoise=152.3ms decode=8.2ms color+encode=99.0ms total=259.6ms batch_size=2
2026-08-06 23:50:29+05:30 2026-08-06 18:20:29.406 | INFO     | flash_head.src.pipeline.flash_head_pipeline:generate_batch:555 - [generate_batch] DENOISE_STEPS total=152.3ms steps=[s0=40.4 s1=38.6 s2=37.1 s3=36.2] n_steps=4 batch_size=2
2026-08-06 23:50:29+05:30 2026-08-06 18:20:29,642 [INFO] streaming.state_manager: [SM] Adaptive caps: p95_ms=1370 buffer=35 peak=59 MAX=76 TARGET=60
2026-08-06 23:50:30+05:30 2026-08-06 18:20:30,206 [INFO] VideoPublisher: VIDEO_PUBLISH_METRICS session=conc-test-8-bba722 windowMs=5039 frames=126 effectiveFps=25.0 liveFrames=126 repeatedLiveFrames=0 idleFrames=0 desyncPct=0.0 maxGapMs=49.2 maxCaptureMs=0.9
2026-08-06 23:50:30+05:30 2026-08-06 18:20:30.367 | INFO     | flash_head.src.pipeline.flash_head_pipeline:generate_batch:548 - [generate_batch] GPU_BREAKDOWN denoise=152.6ms decode=8.4ms color+encode=99.8ms total=260.9ms batch_size=2
2026-08-06 23:50:30+05:30 2026-08-06 18:20:30.367 | INFO     | flash_head.src.pipeline.flash_head_pipeline:generate_batch:555 - [generate_batch] DENOISE_STEPS total=152.6ms steps=[s0=39.0 s1=37.6 s2=39.0 s3=37.0] n_steps=4 batch_size=2
2026-08-06 23:50:31+05:30 2026-08-06 18:20:31.327 | INFO     | flash_head.src.pipeline.flash_head_pipeline:generate_batch:548 - [generate_batch] GPU_BREAKDOWN denoise=151.0ms decode=12.4ms color+encode=96.0ms total=259.5ms batch_size=2
2026-08-06 23:50:31+05:30 2026-08-06 18:20:31.328 | INFO     | flash_head.src.pipeline.flash_head_pipeline:generate_batch:555 - [generate_batch] DENOISE_STEPS total=151.0ms steps=[s0=40.2 s1=38.2 s2=37.0 s3=35.6] n_steps=4 batch_size=2
2026-08-06 23:50:31+05:30 2026-08-06 18:20:31,357 [INFO] VideoPublisher: VIDEO_PUBLISH_METRICS session=conc-test-7-1a5f06 windowMs=5003 frames=125 effectiveFps=25.0 liveFrames=125 repeatedLiveFrames=0 idleFrames=0 desyncPct=0.0 maxGapMs=43.9 maxCaptureMs=0.7
2026-08-06 23:50:31+05:30 2026-08-06 18:20:31,646 [INFO] handler: WS_CLOSED session=conc-test-7-1a5f06 ip=172.20.4.71
2026-08-06 23:50:31+05:30 2026-08-06 18:20:31,646 [INFO] handler: WS_CONNECTION_LOST session=conc-test-7-1a5f06 ip=172.20.4.71
2026-08-06 23:50:31+05:30 2026-08-06 18:20:31,646 [INFO] aiohttp.access: 172.20.4.71 [06/Aug/2026:18:19:07 +0000] "GET /ws/conc-test-7-1a5f06 HTTP/1.1" 101 0 "-" "Python/3.14 websockets/16.1.1"
2026-08-06 23:50:31+05:30 CONNECT /ws/conc-test-7-1a5f06 -> 101 Switching Protocols  (duration: 84.1 s, execution: 84.0 s)
2026-08-06 23:50:32+05:30 2026-08-06 18:20:32,149 [INFO] batched_stream_processor: [BATCHED-DIAG] {'event': 'participant_disconnected', 't': 132.131, 'identity': 'viewer-script-conc-test-7-1a5f06'}
2026-08-06 23:50:32+05:30 2026-08-06 18:20:32.299 | INFO     | flash_head.src.pipeline.flash_head_pipeline:generate_batch:548 - [generate_batch] GPU_BREAKDOWN denoise=171.9ms decode=8.5ms color+encode=89.1ms total=269.6ms batch_size=2
2026-08-06 23:50:32+05:30 2026-08-06 18:20:32.300 | INFO     | flash_head.src.pipeline.flash_head_pipeline:generate_batch:555 - [generate_batch] DENOISE_STEPS total=171.9ms steps=[s0=47.0 s1=38.6 s2=50.4 s3=35.9] n_steps=4 batch_size=2
2026-08-06 23:50:32+05:30 2026-08-06 18:20:32,345 [INFO] BatchedStreamingEngine: Session conc-test-7-1a5f06 reactivated (keep_alive)
2026-08-06 23:50:32+05:30 2026-08-06 18:20:32,864 [INFO] BatchedStreamingEngine: Session conc-test-7-1a5f06 marked for drain (keep_alive=False)
2026-08-06 23:50:32+05:30 2026-08-06 18:20:32,864 [INFO] streaming.websocket_server: Unregistered WebSocket session: conc-test-7-1a5f06
2026-08-06 23:50:32+05:30 2026-08-06 18:20:32,866 [INFO] BatchedStreamingEngine: Session conc-test-7-1a5f06 removed (total=1)
2026-08-06 23:50:32+05:30 [METRICS] GPU_util=0% GPU_temp=63C GPU_mem=4.1GB/95.0GB (reserved=20.9GB) RSS=15008MB CPU_user=403.8s CPU_sys=23.7s sessions=2 pool=15/15
2026-08-06 23:50:32+05:30 2026-08-06 18:20:32,873 [INFO] batched_stream_processor: [BATCHED-DIAG] {'event': 'connection_state_changed', 't': 132.855, 'state': '0'}
2026-08-06 23:50:32+05:30 2026-08-06 18:20:32,873 [INFO] batched_stream_processor: [BATCHED-DIAG] {'event': 'disconnected', 't': 132.855, 'state': '0', 'reason': '1'}
2026-08-06 23:50:32+05:30 2026-08-06 18:20:32,874 [INFO] aiohttp.access: 172.20.4.71 [06/Aug/2026:18:20:32 +0000] "POST /sessions/conc-test-7-1a5f06/end HTTP/1.1" 200 232 "-" "Python/3.14 aiohttp/3.14.1"
2026-08-06 23:50:32+05:30    POST /sessions/conc-test-7-1a5f06/end -> 200 OK  (duration: 372.0 ms, execution: 338.7 ms)
2026-08-06 23:50:33+05:30 2026-08-06 18:20:33.174 | INFO     | flash_head.src.pipeline.flash_head_pipeline:generate_batch:548 - [generate_batch] GPU_BREAKDOWN denoise=142.7ms decode=10.9ms color+encode=43.2ms total=196.9ms batch_size=1
2026-08-06 23:50:33+05:30 2026-08-06 18:20:33.174 | INFO     | flash_head.src.pipeline.flash_head_pipeline:generate_batch:555 - [generate_batch] DENOISE_STEPS total=142.7ms steps=[s0=38.3 s1=35.6 s2=35.6 s3=33.1] n_steps=4 batch_size=1
2026-08-06 23:50:33+05:30 2026-08-06 18:20:33,194 [INFO] BatchedStreamingEngine: cycle=170 batch=1 sessions=['conc-test-8-bba722'] embed=9.0ms infer=197.2ms xfer=19.5ms total=225.8ms
2026-08-06 23:50:34+05:30 2026-08-06 18:20:34.138 | INFO     | flash_head.src.pipeline.flash_head_pipeline:generate_batch:548 - [generate_batch] GPU_BREAKDOWN denoise=151.0ms decode=6.7ms color+encode=43.2ms total=201.0ms batch_size=1
2026-08-06 23:50:34+05:30 2026-08-06 18:20:34.138 | INFO     | flash_head.src.pipeline.flash_head_pipeline:generate_batch:555 - [generate_batch] DENOISE_STEPS total=151.0ms steps=[s0=44.6 s1=37.5 s2=33.8 s3=35.1] n_steps=4 batch_size=1
2026-08-06 23:50:34+05:30 2026-08-06 18:20:34,647 [INFO] handler: UTTERANCE_END_RECEIVED session=conc-test-8-bba722
2026-08-06 23:50:35+05:30 2026-08-06 18:20:35.088 | INFO     | flash_head.src.pipeline.flash_head_pipeline:generate_batch:548 - [generate_batch] GPU_BREAKDOWN denoise=139.0ms decode=5.8ms color+encode=46.0ms total=190.9ms batch_size=1
2026-08-06 23:50:35+05:30 2026-08-06 18:20:35.088 | INFO     | flash_head.src.pipeline.flash_head_pipeline:generate_batch:555 - [generate_batch] DENOISE_STEPS total=139.0ms steps=[s0=34.0 s1=42.5 s2=32.6 s3=30.0] n_steps=4 batch_size=1
2026-08-06 23:50:35+05:30 2026-08-06 18:20:35,106 [INFO] BatchedStreamingEngine: Session conc-test-8-bba722 reactivated (keep_alive)
2026-08-06 23:50:35+05:30 2026-08-06 18:20:35,245 [INFO] VideoPublisher: VIDEO_PUBLISH_METRICS session=conc-test-8-bba722 windowMs=5039 frames=126 effectiveFps=25.0 liveFrames=126 repeatedLiveFrames=0 idleFrames=0 desyncPct=0.0 maxGapMs=43.0 maxCaptureMs=0.7
2026-08-06 23:50:37+05:30 2026-08-06 18:20:37,358 [INFO] handler: WS_CLOSED session=conc-test-8-bba722 ip=172.20.4.71
2026-08-06 23:50:37+05:30 2026-08-06 18:20:37,358 [INFO] handler: WS_CONNECTION_LOST session=conc-test-8-bba722 ip=172.20.4.71
2026-08-06 23:50:37+05:30 2026-08-06 18:20:37,359 [INFO] aiohttp.access: 172.20.4.71 [06/Aug/2026:18:18:47 +0000] "GET /ws/conc-test-8-bba722 HTTP/1.1" 101 0 "-" "Python/3.14 websockets/16.1.1"
2026-08-06 23:50:37+05:30 2026-08-06 18:20:37,403 [INFO] streaming.state_manager: [SM] LIVE -> TRANSITION_TO_IDLE (crossfade 8 frames)
2026-08-06 23:50:37+05:30 CONNECT /ws/conc-test-8-bba722 -> 101 Switching Protocols  (duration: 109.7 s, execution: 109.7 s)
2026-08-06 23:50:37+05:30 2026-08-06 18:20:37,724 [INFO] streaming.state_manager: [SM] TRANSITION_TO_IDLE -> IDLE
2026-08-06 23:50:37+05:30 2026-08-06 18:20:37,894 [INFO] batched_stream_processor: BATCHED_DRAIN_COMPLETED session=conc-test-8-bba722 cycles=153 elapsed=18189.6ms keep_alive=True
2026-08-06 23:50:37+05:30 [METRICS] GPU_util=0% GPU_temp=61C GPU_mem=4.1GB/95.0GB (reserved=20.9GB) RSS=15008MB CPU_user=409.5s CPU_sys=23.8s sessions=1 pool=15/15
2026-08-06 23:50:37+05:30 2026-08-06 18:20:37,951 [INFO] batched_stream_processor: BATCHED_DRAIN_STARTED session=conc-test-8-bba722 keep_alive=True
2026-08-06 23:50:37+05:30 2026-08-06 18:20:37,951 [INFO] BatchedStreamingEngine: Session conc-test-8-bba722 marked for drain (keep_alive=True)
2026-08-06 23:50:37+05:30 2026-08-06 18:20:37,955 [INFO] batched_stream_processor: [BATCHED-DIAG] {'event': 'participant_disconnected', 't': 129.101, 'identity': 'viewer-script-conc-test-8-bba722'}
2026-08-06 23:50:38+05:30 2026-08-06 18:20:38.136 | INFO     | flash_head.src.pipeline.flash_head_pipeline:generate_batch:548 - [generate_batch] GPU_BREAKDOWN denoise=155.0ms decode=8.0ms color+encode=43.7ms total=207.2ms batch_size=1
2026-08-06 23:50:38+05:30 2026-08-06 18:20:38.137 | INFO     | flash_head.src.pipeline.flash_head_pipeline:generate_batch:555 - [generate_batch] DENOISE_STEPS total=155.0ms steps=[s0=58.9 s1=32.6 s2=32.7 s3=30.8] n_steps=4 batch_size=1
2026-08-06 23:50:38+05:30 2026-08-06 18:20:38,162 [INFO] streaming.state_manager: [SM] IDLE -> TRANSITION_TO_LIVE (crossfade 8 frames, queue=24)
2026-08-06 23:50:38+05:30 2026-08-06 18:20:38.347 | INFO     | flash_head.src.pipeline.flash_head_pipeline:generate_batch:548 - [generate_batch] GPU_BREAKDOWN denoise=128.8ms decode=6.3ms color+encode=43.2ms total=178.4ms batch_size=1
2026-08-06 23:50:38+05:30 2026-08-06 18:20:38.347 | INFO     | flash_head.src.pipeline.flash_head_pipeline:generate_batch:555 - [generate_batch] DENOISE_STEPS total=128.8ms steps=[s0=31.0 s1=32.4 s2=33.4 s3=32.1] n_steps=4 batch_size=1
2026-08-06 23:50:38+05:30 2026-08-06 18:20:38,484 [INFO] streaming.state_manager: [SM] TRANSITION_TO_LIVE -> LIVE
2026-08-06 23:50:39+05:30 2026-08-06 18:20:39,077 [INFO] BatchedStreamingEngine: Session conc-test-8-bba722 marked for drain (keep_alive=False)
2026-08-06 23:50:39+05:30 2026-08-06 18:20:39,077 [INFO] streaming.websocket_server: Unregistered WebSocket session: conc-test-8-bba722
2026-08-06 23:50:39+05:30 2026-08-06 18:20:39,087 [INFO] batched_stream_processor: [BATCHED-DIAG] {'event': 'connection_state_changed', 't': 130.233, 'state': '0'}
2026-08-06 23:50:39+05:30 2026-08-06 18:20:39,088 [INFO] batched_stream_processor: [BATCHED-DIAG] {'event': 'disconnected', 't': 130.234, 'state': '0', 'reason': '1'}
2026-08-06 23:50:39+05:30 2026-08-06 18:20:39,089 [INFO] aiohttp.access: 172.20.4.71 [06/Aug/2026:18:20:38 +0000] "POST /sessions/conc-test-8-bba722/end HTTP/1.1" 200 232 "-" "Python/3.14 aiohttp/3.14.1"
2026-08-06 23:50:39+05:30    POST /sessions/conc-test-8-bba722/end -> 200 OK  (duration: 748.3 ms, execution: 708.7 ms)
2026-08-06 23:50:39+05:30 2026-08-06 18:20:39.289 | INFO     | flash_head.src.pipeline.flash_head_pipeline:generate_batch:548 - [generate_batch] GPU_BREAKDOWN denoise=114.1ms decode=6.3ms color+encode=43.2ms total=163.7ms batch_size=1
2026-08-06 23:50:39+05:30 2026-08-06 18:20:39.289 | INFO     | flash_head.src.pipeline.flash_head_pipeline:generate_batch:555 - [generate_batch] DENOISE_STEPS total=114.1ms steps=[s0=30.7 s1=27.8 s2=27.8 s3=27.8] n_steps=4 batch_size=1
2026-08-06 23:50:40+05:30 2026-08-06 18:20:40.251 | INFO     | flash_head.src.pipeline.flash_head_pipeline:generate_batch:548 - [generate_batch] GPU_BREAKDOWN denoise=115.9ms decode=6.4ms color+encode=43.1ms total=165.5ms batch_size=1
2026-08-06 23:50:40+05:30 2026-08-06 18:20:40.251 | INFO     | flash_head.src.pipeline.flash_head_pipeline:generate_batch:555 - [generate_batch] DENOISE_STEPS total=115.9ms steps=[s0=30.8 s1=27.8 s2=28.4 s3=28.9] n_steps=4 batch_size=1
2026-08-06 23:50:41+05:30 2026-08-06 18:20:41.211 | INFO     | flash_head.src.pipeline.flash_head_pipeline:generate_batch:548 - [generate_batch] GPU_BREAKDOWN denoise=116.1ms decode=6.5ms color+encode=43.1ms total=165.8ms batch_size=1
2026-08-06 23:50:41+05:30 2026-08-06 18:20:41.212 | INFO     | flash_head.src.pipeline.flash_head_pipeline:generate_batch:555 - [generate_batch] DENOISE_STEPS total=116.1ms steps=[s0=30.4 s1=27.6 s2=27.4 s3=30.7] n_steps=4 batch_size=1
2026-08-06 23:50:42+05:30 2026-08-06 18:20:42.162 | INFO     | flash_head.src.pipeline.flash_head_pipeline:generate_batch:548 - [generate_batch] GPU_BREAKDOWN denoise=105.4ms decode=5.6ms color+encode=43.2ms total=154.3ms batch_size=1
2026-08-06 23:50:42+05:30 2026-08-06 18:20:42.162 | INFO     | flash_head.src.pipeline.flash_head_pipeline:generate_batch:555 - [generate_batch] DENOISE_STEPS total=105.4ms steps=[s0=28.3 s1=26.1 s2=25.6 s3=25.4] n_steps=4 batch_size=1
2026-08-06 23:50:42+05:30 [METRICS] GPU_util=0% GPU_temp=60C GPU_mem=4.1GB/95.0GB (reserved=20.9GB) RSS=15008MB CPU_user=414.5s CPU_sys=23.8s sessions=0 pool=15/15
2026-08-06 23:50:43+05:30 2026-08-06 18:20:43.129 | INFO     | flash_head.src.pipeline.flash_head_pipeline:generate_batch:548 - [generate_batch] GPU_BREAKDOWN denoise=113.6ms decode=6.2ms color+encode=43.2ms total=163.1ms batch_size=1
2026-08-06 23:50:43+05:30 2026-08-06 18:20:43.129 | INFO     | flash_head.src.pipeline.flash_head_pipeline:generate_batch:555 - [generate_batch] DENOISE_STEPS total=113.6ms steps=[s0=30.8 s1=27.8 s2=27.5 s3=27.6] n_steps=4 batch_size=1
2026-08-06 23:50:44+05:30 2026-08-06 18:20:44.091 | INFO     | flash_head.src.pipeline.flash_head_pipeline:generate_batch:548 - [generate_batch] GPU_BREAKDOWN denoise=116.3ms decode=6.2ms color+encode=43.2ms total=165.8ms batch_size=1
2026-08-06 23:50:44+05:30 2026-08-06 18:20:44.092 | INFO     | flash_head.src.pipeline.flash_head_pipeline:generate_batch:555 - [generate_batch] DENOISE_STEPS total=116.3ms steps=[s0=30.9 s1=28.9 s2=28.3 s3=28.1] n_steps=4 batch_size=1
2026-08-06 23:50:44+05:30 2026-08-06 18:20:44,112 [INFO] BatchedStreamingEngine: cycle=180 batch=1 sessions=['conc-test-8-bba722'] embed=9.8ms infer=166.1ms xfer=19.9ms total=195.8ms
2026-08-06 23:50:45+05:30 2026-08-06 18:20:45.050 | INFO     | flash_head.src.pipeline.flash_head_pipeline:generate_batch:548 - [generate_batch] GPU_BREAKDOWN denoise=113.6ms decode=6.3ms color+encode=43.2ms total=163.2ms batch_size=1
2026-08-06 23:50:45+05:30 2026-08-06 18:20:45.050 | INFO     | flash_head.src.pipeline.flash_head_pipeline:generate_batch:555 - [generate_batch] DENOISE_STEPS total=113.6ms steps=[s0=30.7 s1=28.0 s2=27.4 s3=27.5] n_steps=4 batch_size=1
2026-08-06 23:50:46+05:30 2026-08-06 18:20:46.010 | INFO     | flash_head.src.pipeline.flash_head_pipeline:generate_batch:548 - [generate_batch] GPU_BREAKDOWN denoise=114.3ms decode=6.3ms color+encode=43.2ms total=163.9ms batch_size=1
2026-08-06 23:50:46+05:30 2026-08-06 18:20:46.010 | INFO     | flash_head.src.pipeline.flash_head_pipeline:generate_batch:555 - [generate_batch] DENOISE_STEPS total=114.3ms steps=[s0=30.6 s1=28.0 s2=27.8 s3=27.9] n_steps=4 batch_size=1
2026-08-06 23:50:46+05:30 2026-08-06 18:20:46.971 | INFO     | flash_head.src.pipeline.flash_head_pipeline:generate_batch:548 - [generate_batch] GPU_BREAKDOWN denoise=115.7ms decode=6.2ms color+encode=43.2ms total=165.2ms batch_size=1
2026-08-06 23:50:46+05:30 2026-08-06 18:20:46.971 | INFO     | flash_head.src.pipeline.flash_head_pipeline:generate_batch:555 - [generate_batch] DENOISE_STEPS total=115.7ms steps=[s0=30.6 s1=27.9 s2=29.6 s3=27.5] n_steps=4 batch_size=1
2026-08-06 23:50:47+05:30 2026-08-06 18:20:47.932 | INFO     | flash_head.src.pipeline.flash_head_pipeline:generate_batch:548 - [generate_batch] GPU_BREAKDOWN denoise=116.9ms decode=6.3ms color+encode=43.2ms total=166.5ms batch_size=1
2026-08-06 23:50:47+05:30 2026-08-06 18:20:47.932 | INFO     | flash_head.src.pipeline.flash_head_pipeline:generate_batch:555 - [generate_batch] DENOISE_STEPS total=116.9ms steps=[s0=31.2 s1=29.0 s2=28.5 s3=28.2] n_steps=4 batch_size=1
2026-08-06 23:50:47+05:30 [METRICS] GPU_util=64% GPU_temp=64C GPU_mem=4.2GB/95.0GB (reserved=20.9GB) RSS=15008MB CPU_user=419.1s CPU_sys=23.8s sessions=0 pool=15/15
2026-08-06 23:50:48+05:30 2026-08-06 18:20:48.888 | INFO     | flash_head.src.pipeline.flash_head_pipeline:generate_batch:548 - [generate_batch] GPU_BREAKDOWN denoise=113.2ms decode=6.2ms color+encode=43.3ms total=162.8ms batch_size=1
2026-08-06 23:50:48+05:30 2026-08-06 18:20:48.888 | INFO     | flash_head.src.pipeline.flash_head_pipeline:generate_batch:555 - [generate_batch] DENOISE_STEPS total=113.2ms steps=[s0=30.4 s1=27.6 s2=27.6 s3=27.6] n_steps=4 batch_size=1
2026-08-06 23:50:49+05:30 2026-08-06 18:20:49.847 | INFO     | flash_head.src.pipeline.flash_head_pipeline:generate_batch:548 - [generate_batch] GPU_BREAKDOWN denoise=112.7ms decode=6.1ms color+encode=43.3ms total=162.2ms batch_size=1
2026-08-06 23:50:49+05:30 2026-08-06 18:20:49.848 | INFO     | flash_head.src.pipeline.flash_head_pipeline:generate_batch:555 - [generate_batch] DENOISE_STEPS total=112.7ms steps=[s0=30.1 s1=27.6 s2=27.5 s3=27.5] n_steps=4 batch_size=1
2026-08-06 23:50:50+05:30 2026-08-06 18:20:50.810 | INFO     | flash_head.src.pipeline.flash_head_pipeline:generate_batch:548 - [generate_batch] GPU_BREAKDOWN denoise=113.5ms decode=6.2ms color+encode=43.3ms total=163.1ms batch_size=1
2026-08-06 23:50:50+05:30 2026-08-06 18:20:50.810 | INFO     | flash_head.src.pipeline.flash_head_pipeline:generate_batch:555 - [generate_batch] DENOISE_STEPS total=113.5ms steps=[s0=30.4 s1=27.8 s2=27.7 s3=27.6] n_steps=4 batch_size=1
2026-08-06 23:50:51+05:30 2026-08-06 18:20:51.768 | INFO     | flash_head.src.pipeline.flash_head_pipeline:generate_batch:548 - [generate_batch] GPU_BREAKDOWN denoise=113.2ms decode=6.2ms color+encode=43.2ms total=162.7ms batch_size=1
2026-08-06 23:50:51+05:30 2026-08-06 18:20:51.769 | INFO     | flash_head.src.pipeline.flash_head_pipeline:generate_batch:555 - [generate_batch] DENOISE_STEPS total=113.2ms steps=[s0=30.5 s1=27.8 s2=27.5 s3=27.4] n_steps=4 batch_size=1
2026-08-06 23:50:52+05:30 2026-08-06 18:20:52.728 | INFO     | flash_head.src.pipeline.flash_head_pipeline:generate_batch:548 - [generate_batch] GPU_BREAKDOWN denoise=112.9ms decode=6.1ms color+encode=43.2ms total=162.4ms batch_size=1
2026-08-06 23:50:52+05:30 2026-08-06 18:20:52.728 | INFO     | flash_head.src.pipeline.flash_head_pipeline:generate_batch:555 - [generate_batch] DENOISE_STEPS total=112.9ms steps=[s0=30.3 s1=27.6 s2=27.5 s3=27.5] n_steps=4 batch_size=1
2026-08-06 23:50:52+05:30 2026-08-06 18:20:52,750 [INFO] BatchedStreamingEngine: Session conc-test-8-bba722 removed (total=0)
2026-08-06 23:50:53+05:30 [METRICS] GPU_util=0% GPU_temp=58C GPU_mem=4.1GB/95.0GB (reserved=20.9GB) RSS=15008MB CPU_user=423.6s CPU_sys=23.8s sessions=0 pool=15/15
2026-08-06 23:50:58+05:30 [METRICS] GPU_util=0% GPU_temp=55C GPU_mem=4.1GB/95.0GB (reserved=20.9GB) RSS=15008MB CPU_user=428.2s CPU_sys=23.8s sessions=0 pool=15/15
2026-08-06 23:51:03+05:30 [METRICS] GPU_util=0% GPU_temp=54C GPU_mem=4.1GB/95.0GB (reserved=20.9GB) RSS=15008MB CPU_user=432.9s CPU_sys=23.9s sessions=0 pool=15/15
2026-08-06 23:51:08+05:30 [METRICS] GPU_util=0% GPU_temp=53C GPU_mem=4.1GB/95.0GB (reserved=20.9GB) RSS=15008MB CPU_user=437.3s CPU_sys=23.9s sessions=0 pool=15/15
2026-08-06 23:51:13+05:30 [METRICS] GPU_util=0% GPU_temp=51C GPU_mem=4.1GB/95.0GB (reserved=20.9GB) RSS=15008MB CPU_user=441.8s CPU_sys=23.9s sessions=0 pool=15/15
2026-08-06 23:51:14+05:30 [EXIT] Starting graceful shutdown
2026-08-06 23:51:14+05:30 2026-08-06 18:21:14,421 [INFO] BatchedStreamingEngine: Engine shutting down, draining remaining sessions...
2026-08-06 23:51:14+05:30 2026-08-06 18:21:14,422 [INFO] BatchedStreamingEngine: Engine drain complete: 189 cycles total
2026-08-06 23:51:14+05:30 2026-08-06 18:21:14,422 [INFO] BatchedStreamingEngine: BatchedStreamingEngine stopped
2026-08-06 23:51:14+05:30 [EXIT] BatchedStreamingEngine stopped
2026-08-06 23:51:14+05:30 [EXIT] Error stopping WS server: Task <Task pending name='Task-50540' coro=<WebsocketIngestionServer.stop() running at /app/streaming/websocket_server.py:108> cb=[_run_until_complete_cb() at /usr/lib/python3.12/asyncio/base_events.py:182]> got Future <Future pending cb=[shield.<locals>._outer_done_callback() at /usr/lib/python3.12/asyncio/tasks.py:922]> attached to a different loop
2026-08-06 23:51:14+05:30 [EXIT] Graceful shutdown complete
