2026-07-29 22:47:25+05:30 Creating GPU memory snapshot for Function.
2026-07-29 22:47:30+05:30 
2026-07-29 22:47:30+05:30 =============
2026-07-29 22:47:30+05:30 == PyTorch ==
2026-07-29 22:47:30+05:30 =============
2026-07-29 22:47:30+05:30 
2026-07-29 22:47:30+05:30 NVIDIA Release 26.02 (build 269443099)
2026-07-29 22:47:30+05:30 PyTorch Version 2.11.0a0+eb65b36
2026-07-29 22:47:30+05:30 Container image Copyright (c) 2025, NVIDIA CORPORATION & AFFILIATES. All rights reserved.
2026-07-29 22:47:30+05:30 Copyright (c) 2014-2024 Facebook Inc.
2026-07-29 22:47:30+05:30 Copyright (c) 2011-2014 Idiap Research Institute (Ronan Collobert)
2026-07-29 22:47:30+05:30 Copyright (c) 2012-2014 Deepmind Technologies    (Koray Kavukcuoglu)
2026-07-29 22:47:30+05:30 Copyright (c) 2011-2012 NEC Laboratories America (Koray Kavukcuoglu)
2026-07-29 22:47:30+05:30 Copyright (c) 2011-2013 NYU                      (Clement Farabet)
2026-07-29 22:47:30+05:30 Copyright (c) 2006-2010 NEC Laboratories America (Ronan Collobert, Leon Bottou, Iain Melvin, Jason Weston)
2026-07-29 22:47:30+05:30 Copyright (c) 2006      Idiap Research Institute (Samy Bengio)
2026-07-29 22:47:30+05:30 Copyright (c) 2001-2004 Idiap Research Institute (Ronan Collobert, Samy Bengio, Johnny Mariethoz)
2026-07-29 22:47:30+05:30 Copyright (c) 2015      Google Inc.
2026-07-29 22:47:30+05:30 Copyright (c) 2015      Yangqing Jia
2026-07-29 22:47:30+05:30 Copyright (c) 2013-2016 The Caffe contributors
2026-07-29 22:47:30+05:30 All rights reserved.
2026-07-29 22:47:30+05:30 
2026-07-29 22:47:30+05:30 Various files include modifications (c) NVIDIA CORPORATION & AFFILIATES.  All rights reserved.
2026-07-29 22:47:30+05:30 
2026-07-29 22:47:30+05:30 GOVERNING TERMS: The software and materials are governed by the NVIDIA Software License Agreement
2026-07-29 22:47:30+05:30 (found at https://www.nvidia.com/en-us/agreements/enterprise-software/nvidia-software-license-agreement/)
2026-07-29 22:47:30+05:30 and the Product-Specific Terms for NVIDIA AI Products
2026-07-29 22:47:30+05:30 (found at https://www.nvidia.com/en-us/agreements/enterprise-software/product-specific-terms-for-ai-products/).
2026-07-29 22:47:30+05:30 
2026-07-29 22:47:30+05:30 WARNING: CUDA Minor Version Compatibility mode ENABLED.
2026-07-29 22:47:30+05:30   Using driver version 580.95.05 which has support for CUDA 13.0.  This container
2026-07-29 22:47:30+05:30   was built with CUDA 13.1 and will be run in Minor Version Compatibility mode.
2026-07-29 22:47:30+05:30   CUDA Forward Compatibility is preferred over Minor Version Compatibility for use
2026-07-29 22:47:30+05:30   with this container but was unavailable:
2026-07-29 22:47:30+05:30   [[]]
2026-07-29 22:47:30+05:30   See https://docs.nvidia.com/deploy/cuda-compatibility/ for details.
2026-07-29 22:47:31+05:30 
2026-07-29 22:47:32+05:30 [STRESS] Snapshot load with WORKER_CONCURRENCY=3
2026-07-29 22:47:34+05:30 [SNAP_CREATE_START] pid=2 cuda_available=True allocated=0 reserved=0 memory_snapshot_segments=0
2026-07-29 22:47:44+05:30 [SNAP_CREATE] flash_attn version: 2.7.4.post1
2026-07-29 22:47:44+05:30 [SNAP_CREATE] flash_attn_interface (FA3) NOT available
2026-07-29 22:47:44+05:30 [SNAP_CREATE] sageattention available
2026-07-29 22:47:44+05:30 [SNAP_CREATE] Loading FlashHead pipeline on GPU...
2026-07-29 22:47:44+05:30 2026-07-29 17:17:44.989 | INFO     | flash_head.inference:get_pipeline:21 - ulysses_degree: 1, ring_degree: 1, device: cuda
2026-07-29 22:47:48+05:30 There are modules in CausalVideoAutoencoder that should be kept in float32: []. Casting directly with `to()` can lead to inconsistent results; set `torch_dtype` in `from_pretrained()` instead to keep these modules in float32.
2026-07-29 22:47:50+05:30 There are modules in WanModelAudioProject that should be kept in float32: []. Casting directly with `to()` can lead to inconsistent results; set `torch_dtype` in `from_pretrained()` instead to keep these modules in float32.
2026-07-29 22:47:52+05:30 Some weights of Wav2Vec2Model were not initialized from the model checkpoint at /app/models/wav2vec2-base-960h and are newly initialized: ['masked_spec_embed']
2026-07-29 22:47:52+05:30 You should probably TRAIN this model on a down-stream task to be able to use it for predictions and inference.
2026-07-29 22:47:52+05:30 2026-07-29 17:17:52.841 | INFO     | flash_head.src.pipeline.flash_head_pipeline:get_cached_lite_components:97 - Cached Lite model components for reuse
2026-07-29 22:47:52+05:30 [SNAP_CREATE] Pipeline loaded in 7851.6ms
2026-07-29 22:47:52+05:30 [SNAP_CREATE_POST_PIPELINE_LOAD] pid=2 cuda_available=True allocated=4294345216 reserved=4578082816 memory_snapshot_segments=0
2026-07-29 22:47:52+05:30 [SNAP_CREATE] Running warmup inference on GPU...
2026-07-29 22:47:56+05:30 2026-07-29 17:17:56.142 | INFO     | flash_head.src.pipeline.flash_head_pipeline:generate:381 - [generate] DENOISE_STEPS total=2306.1ms steps=[s0=2158.0 s1=49.1 s2=49.8 s3=49.2] n_steps=4
2026-07-29 22:47:56+05:30 [SNAP_CREATE] Warmup completed in 3303.1ms
2026-07-29 22:47:56+05:30 [SNAP_CREATE_POST_WARMUP] pid=2 cuda_available=True allocated=4307258368 reserved=5943328768 memory_snapshot_segments=0
2026-07-29 22:47:56+05:30 [SNAP_CREATE] torch.compile state after warmup: is_compiled=False
2026-07-29 22:47:56+05:30 [SNAP_CREATE_AFTER_CLEANUP] pid=2 cuda_available=True allocated=4304964608 reserved=4580179968 memory_snapshot_segments=0
2026-07-29 22:47:56+05:30 [SNAP_PRE_RESET] SIGSEGV handler: <function _crash_handler at 0x2ab3eed228e0>
2026-07-29 22:47:56+05:30 [SNAP_PRE_RESET] SIGABRT handler: <function _crash_handler at 0x2ab3eed228e0>
2026-07-29 22:47:56+05:30 [SNAP_PRE_RESET] SIGBUS handler: <function _crash_handler at 0x2ab3eed228e0>
2026-07-29 22:47:56+05:30 [SNAP_PRE_RESET] SIGFPE handler: <function _crash_handler at 0x2ab3eed228e0>
2026-07-29 22:47:56+05:30 [SNAP] Resetting signal 11 from <function _crash_handler at 0x2ab3eed228e0> to SIG_DFL
2026-07-29 22:47:56+05:30 [SNAP] Resetting signal 6 from <function _crash_handler at 0x2ab3eed228e0> to SIG_DFL
2026-07-29 22:47:56+05:30 [SNAP] Resetting signal 7 from <function _crash_handler at 0x2ab3eed228e0> to SIG_DFL
2026-07-29 22:47:56+05:30 [SNAP] Resetting signal 8 from <function _crash_handler at 0x2ab3eed228e0> to SIG_DFL
2026-07-29 22:47:56+05:30 [SNAP_POST_RESET] SIGSEGV handler: 0
2026-07-29 22:47:56+05:30 [SNAP_POST_RESET] SIGABRT handler: 0
2026-07-29 22:47:56+05:30 [SNAP_POST_RESET] SIGBUS handler: 0
2026-07-29 22:47:56+05:30 [SNAP_POST_RESET] SIGFPE handler: 0
2026-07-29 22:47:56+05:30 [SNAP_CREATE] Ready for GPU snapshot (memory optimized)
2026-07-29 22:48:15+05:30 Snapshot created. Restoring Function from memory snapshot.
2026-07-29 22:48:16+05:30 Restoring Function from memory snapshot.
2026-07-29 22:48:19+05:30 [RESTORE] Starting GPU snapshot restore
2026-07-29 22:48:19+05:30 [RESTORE_START] pid=2 cuda_available=True allocated=4304964608 reserved=4580179968 memory_snapshot_segments=0
2026-07-29 22:48:19+05:30 [RESTORE] cuda.is_available=True dist.is_initialized=False
2026-07-29 22:48:19+05:30 [RESTORE] allocated=4304964608 reserved=4580179968 memory_snapshot_segments=0
2026-07-29 22:48:19+05:30 [RESTORE] snap_pipeline exists: device=cuda
2026-07-29 22:48:19+05:30 [RESTORE_POST] SIGSEGV handler: 0
2026-07-29 22:48:19+05:30 [RESTORE_POST] SIGABRT handler: 0
2026-07-29 22:48:19+05:30 [RESTORE_POST] SIGBUS handler: 0
2026-07-29 22:48:19+05:30 [RESTORE_POST] SIGFPE handler: 0
2026-07-29 22:48:19+05:30 [RESTORE] torch.compile state: is_compiled=False
2026-07-29 22:48:19+05:30 [RESTORE_FINAL] pid=2 cuda_available=True allocated=4304964608 reserved=4580179968 memory_snapshot_segments=0
2026-07-29 22:48:19+05:30 [RESTORE] GPU snapshot restore complete
2026-07-29 22:48:20+05:30 2026-07-29 17:18:20.048 | INFO     | flash_head.inference:get_pipeline:21 - ulysses_degree: 1, ring_degree: 1, device: cuda
2026-07-29 22:48:20+05:30 2026-07-29 17:18:20.048 | INFO     | flash_head.src.pipeline.flash_head_pipeline:get_cached_lite_components:63 - Reusing cached Lite model components
2026-07-29 22:48:20+05:30 2026-07-29 17:18:20.049 | INFO     | flash_head.inference:get_pipeline:21 - ulysses_degree: 1, ring_degree: 1, device: cuda
2026-07-29 22:48:20+05:30 2026-07-29 17:18:20.049 | INFO     | flash_head.src.pipeline.flash_head_pipeline:get_cached_lite_components:63 - Reusing cached Lite model components
2026-07-29 22:48:20+05:30 2026-07-29 17:18:20.049 | INFO     | flash_head.inference:get_pipeline:21 - ulysses_degree: 1, ring_degree: 1, device: cuda
2026-07-29 22:48:20+05:30 2026-07-29 17:18:20.049 | INFO     | flash_head.src.pipeline.flash_head_pipeline:get_cached_lite_components:63 - Reusing cached Lite model components
2026-07-29 22:48:20+05:30 [SERVE] Starting serve() post-restore (STRESS TEST, concurrency=3)
2026-07-29 22:48:20+05:30 [STRESS] /readyz patched: prewarm check relaxed
2026-07-29 22:48:20+05:30 [SERVE_POST_RESTORE] flash_attn version: 2.7.4.post1
2026-07-29 22:48:20+05:30 [SERVE_POST_RESTORE] flash_attn_interface (FA3) NOT available
2026-07-29 22:48:20+05:30 [SERVE_POST_RESTORE] sageattention available
2026-07-29 22:48:20+05:30 2026-07-29 17:18:20,052 [INFO] default_avatar_cache: [default-avatar-cache] Manifest not found at /app/config/default_avatars.manifest.json. Falling back to per-session URL fetch.
2026-07-29 22:48:20+05:30 [modal] Default avatar manifest not found at /app/config/default_avatars.manifest.json - falling back to per-session URL fetch
2026-07-29 22:48:20+05:30 [modal] Default idle cache: cachedIdleVideoCount=0 failed=0
2026-07-29 22:48:20+05:30 [SERVE] Snapshot pipeline in model_pool: current_size=3 available=3
2026-07-29 22:48:20+05:30 2026-07-29 17:18:20,053 [INFO] modal_app_stress: aiohttp background thread started ident=46958539986624
2026-07-29 22:48:20+05:30 2026-07-29 17:18:20,054 [INFO] streaming.websocket_server: Starting WebSocket ingestion server on ws://0.0.0.0:8765
2026-07-29 22:48:20+05:30 2026-07-29 17:18:20,057 [INFO] websockets.server: server listening on 0.0.0.0:8765
2026-07-29 22:48:20+05:30 [SERVE] Models already on GPU from snapshot - marking ready immediately
2026-07-29 22:48:20+05:30 [SERVE_START] pid=2 cuda_available=True allocated=4304964608 reserved=4580179968 memory_snapshot_segments=0
2026-07-29 22:48:20+05:30 [prewarm] Connecting to wss://ai-14ksodzi.livekit.cloud room=prewarm-4cd6035a slot=1/1 attempt=1/required...
2026-07-29 22:48:21+05:30 Nvidia Decoder is supported.
2026-07-29 22:48:21+05:30 2026-07-29 17:18:21,422 [INFO] livekit: livekit_api::signal_client::signal_stream:104:livekit_api::signal_client::signal_stream - connecting to wss://ai-14ksodzi.livekit.cloud/rtc/v1
2026-07-29 22:48:21+05:30 [prewarm] Connected slot=1/1 in 882.1 ms, adding to pool
2026-07-29 22:48:21+05:30 2026-07-29 17:18:21,688 [INFO] modal_app_stress: aiohttp site started thread=46958539986624 event_loop=46958526604080
2026-07-29 22:48:21+05:30 [STRESS] All 3 pool slots filled from snapshot pipeline. No additional pipelines to load.
2026-07-29 22:48:21+05:30 [STRESS] Prewarm pool size=1. Test script will mint rooms for sessions 2-N.
2026-07-29 22:48:21+05:30 [METRICS] GPU_util=0% GPU_temp=32C GPU_mem=4.0GB/44.4GB (reserved=4.3GB) RSS=11886MB CPU_user=22.1s CPU_sys=4.8s sessions=0 pool=3/3
2026-07-29 22:48:26+05:30 [METRICS] GPU_util=0% GPU_temp=32C GPU_mem=4.0GB/44.4GB (reserved=4.3GB) RSS=11886MB CPU_user=22.6s CPU_sys=4.8s sessions=0 pool=3/3
2026-07-29 22:48:31+05:30 [METRICS] GPU_util=0% GPU_temp=32C GPU_mem=4.0GB/44.4GB (reserved=4.3GB) RSS=11886MB CPU_user=23.1s CPU_sys=4.9s sessions=0 pool=3/3
2026-07-29 22:48:36+05:30 [METRICS] GPU_util=0% GPU_temp=32C GPU_mem=4.0GB/44.4GB (reserved=4.3GB) RSS=11886MB CPU_user=23.5s CPU_sys=4.9s sessions=0 pool=3/3
2026-07-29 22:48:41+05:30 [METRICS] GPU_util=0% GPU_temp=33C GPU_mem=4.0GB/44.4GB (reserved=4.3GB) RSS=11886MB CPU_user=23.9s CPU_sys=5.0s sessions=0 pool=3/3
2026-07-29 22:48:46+05:30 [METRICS] GPU_util=0% GPU_temp=33C GPU_mem=4.0GB/44.4GB (reserved=4.3GB) RSS=11886MB CPU_user=24.4s CPU_sys=5.0s sessions=0 pool=3/3
2026-07-29 22:48:51+05:30 [METRICS] GPU_util=0% GPU_temp=33C GPU_mem=4.0GB/44.4GB (reserved=4.3GB) RSS=11886MB CPU_user=24.9s CPU_sys=5.1s sessions=0 pool=3/3
2026-07-29 22:48:56+05:30 [METRICS] GPU_util=0% GPU_temp=33C GPU_mem=4.0GB/44.4GB (reserved=4.3GB) RSS=11886MB CPU_user=25.3s CPU_sys=5.2s sessions=0 pool=3/3
2026-07-29 22:49:01+05:30 [METRICS] GPU_util=0% GPU_temp=33C GPU_mem=4.0GB/44.4GB (reserved=4.3GB) RSS=11886MB CPU_user=25.8s CPU_sys=5.2s sessions=0 pool=3/3
2026-07-29 22:49:06+05:30 [METRICS] GPU_util=0% GPU_temp=33C GPU_mem=4.0GB/44.4GB (reserved=4.3GB) RSS=11886MB CPU_user=26.2s CPU_sys=5.3s sessions=0 pool=3/3
2026-07-29 22:49:11+05:30 [METRICS] GPU_util=0% GPU_temp=34C GPU_mem=4.0GB/44.4GB (reserved=4.3GB) RSS=11886MB CPU_user=26.7s CPU_sys=5.3s sessions=0 pool=3/3
2026-07-29 22:49:17+05:30 [METRICS] GPU_util=0% GPU_temp=34C GPU_mem=4.0GB/44.4GB (reserved=4.3GB) RSS=11886MB CPU_user=27.3s CPU_sys=5.3s sessions=0 pool=3/3
2026-07-29 22:49:22+05:30 [METRICS] GPU_util=0% GPU_temp=34C GPU_mem=4.0GB/44.4GB (reserved=4.3GB) RSS=11886MB CPU_user=27.8s CPU_sys=5.4s sessions=0 pool=3/3
2026-07-29 22:49:27+05:30 [METRICS] GPU_util=0% GPU_temp=34C GPU_mem=4.0GB/44.4GB (reserved=4.3GB) RSS=11886MB CPU_user=28.2s CPU_sys=5.4s sessions=0 pool=3/3
2026-07-29 22:49:32+05:30 [METRICS] GPU_util=0% GPU_temp=34C GPU_mem=4.0GB/44.4GB (reserved=4.3GB) RSS=11886MB CPU_user=28.6s CPU_sys=5.4s sessions=0 pool=3/3
2026-07-29 22:49:37+05:30 [METRICS] GPU_util=0% GPU_temp=34C GPU_mem=4.0GB/44.4GB (reserved=4.3GB) RSS=11886MB CPU_user=29.0s CPU_sys=5.5s sessions=0 pool=3/3
2026-07-29 22:49:42+05:30 [METRICS] GPU_util=0% GPU_temp=34C GPU_mem=4.0GB/44.4GB (reserved=4.3GB) RSS=11886MB CPU_user=29.3s CPU_sys=5.5s sessions=0 pool=3/3
2026-07-29 22:49:47+05:30 [METRICS] GPU_util=0% GPU_temp=34C GPU_mem=4.0GB/44.4GB (reserved=4.3GB) RSS=11886MB CPU_user=29.8s CPU_sys=5.6s sessions=0 pool=3/3
2026-07-29 22:49:52+05:30 [METRICS] GPU_util=0% GPU_temp=34C GPU_mem=4.0GB/44.4GB (reserved=4.3GB) RSS=11886MB CPU_user=30.3s CPU_sys=5.7s sessions=0 pool=3/3
2026-07-29 22:49:55+05:30 2026-07-29 17:19:55,967 [INFO] aiohttp.access: 172.20.34.19 [29/Jul/2026:17:19:55 +0000] "GET /readyz HTTP/1.1" 200 398 "-" "Python/3.14 aiohttp/3.14.1"
2026-07-29 22:49:56+05:30     GET /readyz -> 200 OK  (duration: 55.4 ms, execution: 22.1 ms)
2026-07-29 22:49:56+05:30 2026-07-29 17:19:56,978 [INFO] handler: [claim_room] Claimed room prewarm-4cd6035a for new session
2026-07-29 22:49:56+05:30 2026-07-29 17:19:56,979 [INFO] aiohttp.access: 172.20.34.19 [29/Jul/2026:17:19:56 +0000] "POST /room/claim HTTP/1.1" 200 965 "-" "Python/3.14 aiohttp/3.14.1"
2026-07-29 22:49:57+05:30    POST /room/claim -> 200 OK  (duration: 65.8 ms, execution: 20.0 ms)
2026-07-29 22:49:57+05:30 [METRICS] GPU_util=0% GPU_temp=34C GPU_mem=4.0GB/44.4GB (reserved=4.3GB) RSS=11886MB CPU_user=30.7s CPU_sys=5.7s sessions=0 pool=3/3
2026-07-29 22:49:57+05:30 2026-07-29 17:19:57,988 [INFO] handler: [pod_session_start] Received session=conc-test-1-2111da room=prewarm-4cd6035a ingestion=websocket hasIdleAsset=False
2026-07-29 22:49:57+05:30 2026-07-29 17:19:57,988 [INFO] streaming.websocket_server: Registered WebSocket session: conc-test-1-2111da
2026-07-29 22:49:57+05:30 2026-07-29 17:19:57,988 [INFO] aiohttp.access: 172.20.34.19 [29/Jul/2026:17:19:57 +0000] "POST /sessions/start HTTP/1.1" 202 271 "-" "Python/3.14 aiohttp/3.14.1"
2026-07-29 22:49:57+05:30 2026-07-29 17:19:57,989 [INFO] handler: [handler] prewarm_pool.release() took 0.0ms for room prewarm-4cd6035a
2026-07-29 22:49:57+05:30 2026-07-29 17:19:57,989 [INFO] stream_processor: [NATIVE-DIAG] threading context: thread_id=46958539986624 thread_name=modal-aiohttp-server event_loop_id=46958526604080 MODAL_RUNTIME=unset
2026-07-29 22:49:57+05:30 2026-07-29 17:19:57,989 [INFO] stream_processor: Connecting to LiveKit room=prewarm-4cd6035a url=wss://ai-14ksodzi.livekit.cloud session=conc-test-1-2111da
2026-07-29 22:49:57+05:30 2026-07-29 17:19:57,990 [INFO] stream_processor: [NATIVE-DIAG] room.connect() attempt 1/3 starting | RoomOptions: auto_subscribe=True single_peer_connection=True connect_timeout=45.0 | url=wss://ai-14ksodzi.livekit.cloud
2026-07-29 22:49:58+05:30 2026-07-29 17:19:58,015 [INFO] livekit: livekit_api::signal_client::signal_stream:104:livekit_api::signal_client::signal_stream - connecting to wss://ai-14ksodzi.livekit.cloud/rtc/v1
2026-07-29 22:49:58+05:30    POST /sessions/start -> 202 Accepted  (duration: 57.4 ms, execution: 19.1 ms)
2026-07-29 22:50:02+05:30 2026-07-29 17:20:02,041 [INFO] aiohttp.access: 172.20.34.19 [29/Jul/2026:17:20:02 +0000] "POST /room/claim HTTP/1.1" 200 238 "-" "Python/3.14 aiohttp/3.14.1"
2026-07-29 22:50:02+05:30    POST /room/claim -> 200 OK  (duration: 57.2 ms, execution: 18.9 ms)
2026-07-29 22:50:02+05:30 [METRICS] GPU_util=0% GPU_temp=34C GPU_mem=4.0GB/44.4GB (reserved=4.3GB) RSS=11886MB CPU_user=31.3s CPU_sys=5.9s sessions=1 pool=3/3
2026-07-29 22:50:03+05:30 2026-07-29 17:20:03,077 [INFO] handler: [pod_session_start] Received session=conc-test-2-50d159 room=conc-test-98d579ba ingestion=websocket hasIdleAsset=False
2026-07-29 22:50:03+05:30 2026-07-29 17:20:03,078 [INFO] streaming.websocket_server: Registered WebSocket session: conc-test-2-50d159
2026-07-29 22:50:03+05:30 2026-07-29 17:20:03,078 [INFO] aiohttp.access: 172.20.34.19 [29/Jul/2026:17:20:03 +0000] "POST /sessions/start HTTP/1.1" 202 271 "-" "Python/3.14 aiohttp/3.14.1"
2026-07-29 22:50:03+05:30 2026-07-29 17:20:03,078 [INFO] handler: [handler] prewarm_pool.release() took 0.0ms for room conc-test-98d579ba
2026-07-29 22:50:03+05:30 2026-07-29 17:20:03,079 [INFO] stream_processor: [NATIVE-DIAG] threading context: thread_id=46958539986624 thread_name=modal-aiohttp-server event_loop_id=46958526604080 MODAL_RUNTIME=unset
2026-07-29 22:50:03+05:30 2026-07-29 17:20:03,079 [INFO] stream_processor: Connecting to LiveKit room=conc-test-98d579ba url=wss://ai-14ksodzi.livekit.cloud session=conc-test-2-50d159
2026-07-29 22:50:03+05:30 2026-07-29 17:20:03,079 [INFO] stream_processor: [NATIVE-DIAG] room.connect() attempt 1/3 starting | RoomOptions: auto_subscribe=True single_peer_connection=True connect_timeout=45.0 | url=wss://ai-14ksodzi.livekit.cloud
2026-07-29 22:50:03+05:30    POST /sessions/start -> 202 Accepted  (duration: 53.9 ms, execution: 17.2 ms)
2026-07-29 22:50:03+05:30 2026-07-29 17:20:03,105 [INFO] livekit: livekit_api::signal_client::signal_stream:104:livekit_api::signal_client::signal_stream - connecting to wss://ai-14ksodzi.livekit.cloud/rtc/v1
2026-07-29 22:50:03+05:30 2026-07-29 17:20:03,406 [INFO] stream_processor: Successfully connected to LiveKit room=conc-test-98d579ba (attempt 1, 326.5 ms). events=0
2026-07-29 22:50:03+05:30 2026-07-29 17:20:03,406 [INFO] stream_processor: [NATIVE-DIAG] post-connect state: connection_state=1 local_participant_identity=aivatar-worker-conc-test-2-50d159
2026-07-29 22:50:03+05:30 2026-07-29 17:20:03,411 [INFO] stream_processor: [NATIVE-DIAG] {'event': 'connection_state_changed', 't': 0.332, 'state': '1'}
2026-07-29 22:50:03+05:30 2026-07-29 17:20:03,699 [INFO] stream_processor: IDLE_FALLBACK_PUBLISHED session=conc-test-2-50d159
2026-07-29 22:50:03+05:30 2026-07-29 17:20:03,700 [INFO] VideoPublisher: [VP-DIAG] First non-None frame received after 0 None ticks (~0.0s). Creating track...
2026-07-29 22:50:03+05:30 2026-07-29 17:20:03,700 [INFO] VideoPublisher: [VP-DIAG] Creating video track 512x512
2026-07-29 22:50:03+05:30 2026-07-29 17:20:03,703 [INFO] VideoPublisher: [VP-DIAG] Calling publish_track()...
2026-07-29 22:50:03+05:30 2026-07-29 17:20:03,715 [INFO] VideoPublisher: [VP-DIAG] publish_track() completed in 11.8 ms
2026-07-29 22:50:03+05:30 2026-07-29 17:20:03,718 [INFO] livekit: livekit::room::e2ee::manager:179:livekit::room::e2ee::manager - packet_trailer not enabled for published track TR_VCc4teRQPeN6XG from aivatar-worker-conc-test-2-50d159
2026-07-29 22:50:03+05:30 2026-07-29 17:20:03,721 [INFO] stream_processor: [NATIVE-DIAG] {'event': 'local_track_published', 't': 0.642, 'sid': 'TR_VCc4teRQPeN6XG', 'kind': 2}
2026-07-29 22:50:03+05:30 2026-07-29 17:20:03,722 [INFO] stream_processor: IDLE_TRACK_PUBLISHED session=conc-test-2-50d159 room=conc-test-98d579ba
2026-07-29 22:50:03+05:30 2026-07-29 17:20:03,752 [INFO] livekit: livekit::rtc_engine::peer_transport:447:livekit::rtc_engine::peer_transport - Applying x-google-start-bitrate=2700 kbps (ultimate_bps=Some(3000000))
2026-07-29 22:50:03+05:30 2026-07-29 17:20:03,752 [INFO] livekit: livekit::rtc_engine::peer_transport:455:livekit::rtc_engine::peer_transport - SDP munged successfully for video codec
2026-07-29 22:50:04+05:30 2026-07-29 17:20:04,049 [INFO] stream_processor: Prepared avatar for session=conc-test-2-50d159 source=https://raw.githubusercontent.com/pk24100/aivatar-images/main/Gemini_Generated_Image_w71c52w71c52w71c.png in 326.3 ms
2026-07-29 22:50:04+05:30 2026-07-29 17:20:04,136 [INFO] stream_processor: [NATIVE-DIAG] {'event': 'participant_connected', 't': 1.057, 'identity': 'viewer-conc-test-2-50d159'}
2026-07-29 22:50:05+05:30 2026-07-29 17:20:05,058 [INFO] aiohttp.access: 172.20.34.19 [29/Jul/2026:17:20:05 +0000] "POST /room/claim HTTP/1.1" 200 238 "-" "Python/3.14 aiohttp/3.14.1"
2026-07-29 22:50:05+05:30    POST /room/claim -> 200 OK  (duration: 63.6 ms, execution: 21.9 ms)
2026-07-29 22:50:06+05:30 2026-07-29 17:20:06,192 [INFO] handler: [pod_session_start] Received session=conc-test-3-d14b44 room=conc-test-1a40530c ingestion=websocket hasIdleAsset=False
2026-07-29 22:50:06+05:30 2026-07-29 17:20:06,192 [INFO] streaming.websocket_server: Registered WebSocket session: conc-test-3-d14b44
2026-07-29 22:50:06+05:30 2026-07-29 17:20:06,192 [INFO] aiohttp.access: 172.20.34.19 [29/Jul/2026:17:20:06 +0000] "POST /sessions/start HTTP/1.1" 202 271 "-" "Python/3.14 aiohttp/3.14.1"
2026-07-29 22:50:06+05:30 2026-07-29 17:20:06,193 [INFO] handler: [handler] prewarm_pool.release() took 0.0ms for room conc-test-1a40530c
2026-07-29 22:50:06+05:30 2026-07-29 17:20:06,193 [INFO] stream_processor: [NATIVE-DIAG] threading context: thread_id=46958539986624 thread_name=modal-aiohttp-server event_loop_id=46958526604080 MODAL_RUNTIME=unset
2026-07-29 22:50:06+05:30 2026-07-29 17:20:06,193 [INFO] stream_processor: Connecting to LiveKit room=conc-test-1a40530c url=wss://ai-14ksodzi.livekit.cloud session=conc-test-3-d14b44
2026-07-29 22:50:06+05:30 2026-07-29 17:20:06,193 [INFO] stream_processor: [NATIVE-DIAG] room.connect() attempt 1/3 starting | RoomOptions: auto_subscribe=True single_peer_connection=True connect_timeout=45.0 | url=wss://ai-14ksodzi.livekit.cloud
2026-07-29 22:50:06+05:30 2026-07-29 17:20:06,213 [INFO] handler: WS_REQUEST_RECEIVED session=conc-test-2-50d159 origin= ip=172.20.34.19
2026-07-29 22:50:06+05:30 2026-07-29 17:20:06,214 [INFO] handler: WS_CONNECT session=conc-test-2-50d159 origin= ip=172.20.34.19 handlerMs=1.1
2026-07-29 22:50:06+05:30 2026-07-29 17:20:06,221 [INFO] livekit: livekit_api::signal_client::signal_stream:104:livekit_api::signal_client::signal_stream - connecting to wss://ai-14ksodzi.livekit.cloud/rtc/v1
2026-07-29 22:50:06+05:30    POST /sessions/start -> 202 Accepted  (duration: 77.7 ms, execution: 30.8 ms)
2026-07-29 22:50:06+05:30 2026-07-29 17:20:06,470 [INFO] stream_processor: Successfully connected to LiveKit room=conc-test-1a40530c (attempt 1, 276.5 ms). events=0
2026-07-29 22:50:06+05:30 2026-07-29 17:20:06,470 [INFO] stream_processor: [NATIVE-DIAG] post-connect state: connection_state=1 local_participant_identity=aivatar-worker-conc-test-3-d14b44
2026-07-29 22:50:06+05:30 2026-07-29 17:20:06,475 [INFO] stream_processor: [NATIVE-DIAG] {'event': 'connection_state_changed', 't': 0.281, 'state': '1'}
2026-07-29 22:50:06+05:30 2026-07-29 17:20:06,577 [INFO] stream_processor: IDLE_FALLBACK_PUBLISHED session=conc-test-3-d14b44
2026-07-29 22:50:06+05:30 2026-07-29 17:20:06,578 [INFO] VideoPublisher: [VP-DIAG] First non-None frame received after 0 None ticks (~0.0s). Creating track...
2026-07-29 22:50:06+05:30 2026-07-29 17:20:06,578 [INFO] VideoPublisher: [VP-DIAG] Creating video track 512x512
2026-07-29 22:50:06+05:30 2026-07-29 17:20:06,579 [INFO] VideoPublisher: [VP-DIAG] Calling publish_track()...
2026-07-29 22:50:06+05:30 2026-07-29 17:20:06,587 [INFO] VideoPublisher: [VP-DIAG] publish_track() completed in 8.5 ms
2026-07-29 22:50:06+05:30 2026-07-29 17:20:06,588 [INFO] livekit: livekit::room::e2ee::manager:179:livekit::room::e2ee::manager - packet_trailer not enabled for published track TR_VCmXdMxDPg45zS from aivatar-worker-conc-test-3-d14b44
2026-07-29 22:50:06+05:30 2026-07-29 17:20:06,590 [INFO] stream_processor: [NATIVE-DIAG] {'event': 'local_track_published', 't': 0.397, 'sid': 'TR_VCmXdMxDPg45zS', 'kind': 2}
2026-07-29 22:50:06+05:30 2026-07-29 17:20:06,590 [INFO] stream_processor: IDLE_TRACK_PUBLISHED session=conc-test-3-d14b44 room=conc-test-1a40530c
2026-07-29 22:50:06+05:30 2026-07-29 17:20:06,611 [INFO] livekit: livekit::rtc_engine::peer_transport:447:livekit::rtc_engine::peer_transport - Applying x-google-start-bitrate=2700 kbps (ultimate_bps=Some(3000000))
2026-07-29 22:50:06+05:30 2026-07-29 17:20:06,611 [INFO] livekit: livekit::rtc_engine::peer_transport:455:livekit::rtc_engine::peer_transport - SDP munged successfully for video codec
2026-07-29 22:50:06+05:30 2026-07-29 17:20:06,747 [INFO] stream_processor: [NATIVE-DIAG] {'event': 'participant_connected', 't': 0.554, 'identity': 'viewer-conc-test-3-d14b44'}
2026-07-29 22:50:06+05:30 2026-07-29 17:20:06,801 [INFO] stream_processor: Prepared avatar for session=conc-test-3-d14b44 source=https://raw.githubusercontent.com/pk24100/aivatar-images/main/Gemini_Generated_Image_w71c52w71c52w71c.png in 210.5 ms
2026-07-29 22:50:07+05:30 [METRICS] GPU_util=34% GPU_temp=39C GPU_mem=4.0GB/44.4GB (reserved=5.6GB) RSS=11886MB CPU_user=34.7s CPU_sys=6.5s sessions=3 pool=1/3
2026-07-29 22:50:07+05:30 2026-07-29 17:20:07.391 | INFO     | flash_head.src.pipeline.flash_head_pipeline:generate:374 - [generate] GPU_BREAKDOWN denoise=326.9ms decode=88.8ms color=6.9ms encode=36.5ms total=459.2ms
2026-07-29 22:50:07+05:30 2026-07-29 17:20:07.391 | INFO     | flash_head.src.pipeline.flash_head_pipeline:generate:381 - [generate] DENOISE_STEPS total=326.9ms steps=[s0=104.7 s1=77.5 s2=84.5 s3=60.2] n_steps=4
2026-07-29 22:50:07+05:30 2026-07-29 17:20:07,428 [INFO] FlashHeadStreamingEngine: ENGINE_BREAKDOWN deque=1.2ms ctx=0.2ms embed=39.2ms infer=459.7ms xfer=37.1ms total=537.4ms
2026-07-29 22:50:07+05:30 2026-07-29 17:20:07,430 [INFO] AudioPublisher: [AP-DIAG] Calling publish_track()...
2026-07-29 22:50:07+05:30 2026-07-29 17:20:07,439 [INFO] AudioPublisher: [AP-DIAG] publish_track() completed in 9.0 ms (16000 Hz, 1 ch)
2026-07-29 22:50:07+05:30 2026-07-29 17:20:07,442 [INFO] stream_processor: [NATIVE-DIAG] {'event': 'local_track_published', 't': 4.363, 'sid': 'TR_AMWtBZMVEcGjnx', 'kind': 1}
2026-07-29 22:50:07+05:30 2026-07-29 17:20:07,461 [INFO] streaming.state_manager: [SM] IDLE -> TRANSITION_TO_LIVE (crossfade 8 frames, queue=24)
2026-07-29 22:50:07+05:30 2026-07-29 17:20:07,467 [INFO] livekit: livekit::rtc_engine::peer_transport:447:livekit::rtc_engine::peer_transport - Applying x-google-start-bitrate=2700 kbps (ultimate_bps=Some(3000000))
2026-07-29 22:50:07+05:30 2026-07-29 17:20:07,782 [INFO] streaming.state_manager: [SM] TRANSITION_TO_LIVE -> LIVE
2026-07-29 22:50:08+05:30 2026-07-29 17:20:08,177 [INFO] stream_processor: [NATIVE-DIAG] {'event': 'quality_changed', 't': 5.098, 'participant': 'aivatar-worker-conc-test-2-50d159', 'quality': '2'}
2026-07-29 22:50:08+05:30 2026-07-29 17:20:08.269 | INFO     | flash_head.src.pipeline.flash_head_pipeline:generate:374 - [generate] GPU_BREAKDOWN denoise=265.7ms decode=84.1ms color=6.4ms encode=28.9ms total=385.3ms
2026-07-29 22:50:08+05:30 2026-07-29 17:20:08.269 | INFO     | flash_head.src.pipeline.flash_head_pipeline:generate:381 - [generate] DENOISE_STEPS total=265.7ms steps=[s0=72.3 s1=61.0 s2=60.6 s3=71.8] n_steps=4
2026-07-29 22:50:08+05:30 2026-07-29 17:20:08,308 [INFO] FlashHeadStreamingEngine: ENGINE_BREAKDOWN deque=1.0ms ctx=0.2ms embed=30.4ms infer=385.8ms xfer=38.8ms total=456.2ms
2026-07-29 22:50:08+05:30 2026-07-29 17:20:08,623 [INFO] handler: WS_REQUEST_RECEIVED session=conc-test-3-d14b44 origin= ip=172.20.34.19
2026-07-29 22:50:08+05:30 2026-07-29 17:20:08,624 [INFO] handler: WS_CONNECT session=conc-test-3-d14b44 origin= ip=172.20.34.19 handlerMs=0.9
2026-07-29 22:50:08+05:30 2026-07-29 17:20:08,703 [INFO] VideoPublisher: VIDEO_PUBLISH_METRICS windowMs=5003 frames=126 effectiveFps=25.2 liveFrames=24 repeatedLiveFrames=0 idleFrames=102 maxGapMs=53.7 maxCaptureMs=1.8
2026-07-29 22:50:08+05:30 2026-07-29 17:20:08,733 [INFO] FlashHeadStreamingEngine: ENGINE_METRICS windowMs=5010 inputSamples=132800 inputRateHz=26506 pendingSamples=102080 pendingSeconds=6.38 slices=2 avgInferenceMs=422.8 maxInferenceMs=459.7 frameQueue=17 audioQueue=0
2026-07-29 22:50:09+05:30 2026-07-29 17:20:09.165 | INFO     | flash_head.src.pipeline.flash_head_pipeline:generate:374 - [generate] GPU_BREAKDOWN denoise=239.1ms decode=71.6ms color=8.1ms encode=16.9ms total=336.0ms
2026-07-29 22:50:09+05:30 2026-07-29 17:20:09.165 | INFO     | flash_head.src.pipeline.flash_head_pipeline:generate:381 - [generate] DENOISE_STEPS total=239.1ms steps=[s0=57.0 s1=61.8 s2=59.7 s3=60.7] n_steps=4
2026-07-29 22:50:09+05:30 2026-07-29 17:20:09,204 [INFO] FlashHeadStreamingEngine: ENGINE_BREAKDOWN deque=0.9ms ctx=0.2ms embed=13.1ms infer=336.4ms xfer=38.8ms total=389.4ms
2026-07-29 22:50:09+05:30 2026-07-29 17:20:09.651 | INFO     | flash_head.src.pipeline.flash_head_pipeline:generate:374 - [generate] GPU_BREAKDOWN denoise=288.4ms decode=73.7ms color=6.6ms encode=17.4ms total=386.6ms
2026-07-29 22:50:09+05:30 2026-07-29 17:20:09.652 | INFO     | flash_head.src.pipeline.flash_head_pipeline:generate:381 - [generate] DENOISE_STEPS total=288.4ms steps=[s0=80.8 s1=60.2 s2=75.1 s3=72.3] n_steps=4
2026-07-29 22:50:09+05:30 2026-07-29 17:20:09,693 [INFO] FlashHeadStreamingEngine: ENGINE_BREAKDOWN deque=0.9ms ctx=0.2ms embed=15.1ms infer=387.1ms xfer=41.0ms total=444.4ms
2026-07-29 22:50:09+05:30 2026-07-29 17:20:09,695 [INFO] AudioPublisher: [AP-DIAG] Calling publish_track()...
2026-07-29 22:50:09+05:30 2026-07-29 17:20:09,699 [INFO] streaming.state_manager: [SM] IDLE -> TRANSITION_TO_LIVE (crossfade 8 frames, queue=24)
2026-07-29 22:50:09+05:30 2026-07-29 17:20:09,703 [INFO] AudioPublisher: [AP-DIAG] publish_track() completed in 7.8 ms (16000 Hz, 1 ch)
2026-07-29 22:50:09+05:30 2026-07-29 17:20:09,706 [INFO] stream_processor: [NATIVE-DIAG] {'event': 'local_track_published', 't': 3.513, 'sid': 'TR_AMZXU7jg6qMH2R', 'kind': 1}
2026-07-29 22:50:09+05:30 2026-07-29 17:20:09,724 [INFO] livekit: livekit::rtc_engine::peer_transport:447:livekit::rtc_engine::peer_transport - Applying x-google-start-bitrate=2700 kbps (ultimate_bps=Some(3000000))
2026-07-29 22:50:10+05:30 2026-07-29 17:20:10,019 [INFO] streaming.state_manager: [SM] TRANSITION_TO_LIVE -> LIVE
2026-07-29 22:50:10+05:30 2026-07-29 17:20:10.234 | INFO     | flash_head.src.pipeline.flash_head_pipeline:generate:374 - [generate] GPU_BREAKDOWN denoise=284.0ms decode=89.3ms color=8.3ms encode=47.5ms total=429.5ms
2026-07-29 22:50:10+05:30 2026-07-29 17:20:10.234 | INFO     | flash_head.src.pipeline.flash_head_pipeline:generate:381 - [generate] DENOISE_STEPS total=284.0ms steps=[s0=69.7 s1=70.1 s2=72.7 s3=71.6] n_steps=4
2026-07-29 22:50:10+05:30 2026-07-29 17:20:10,274 [INFO] FlashHeadStreamingEngine: ENGINE_BREAKDOWN deque=1.1ms ctx=0.2ms embed=26.8ms infer=430.1ms xfer=39.0ms total=497.2ms
2026-07-29 22:50:10+05:30 2026-07-29 17:20:10.722 | INFO     | flash_head.src.pipeline.flash_head_pipeline:generate:374 - [generate] GPU_BREAKDOWN denoise=323.9ms decode=84.3ms color=7.2ms encode=38.4ms total=454.0ms
2026-07-29 22:50:10+05:30 2026-07-29 17:20:10.722 | INFO     | flash_head.src.pipeline.flash_head_pipeline:generate:381 - [generate] DENOISE_STEPS total=323.9ms steps=[s0=89.4 s1=75.8 s2=81.5 s3=77.2] n_steps=4
2026-07-29 22:50:10+05:30 2026-07-29 17:20:10,760 [INFO] FlashHeadStreamingEngine: ENGINE_BREAKDOWN deque=1.0ms ctx=0.3ms embed=56.0ms infer=454.4ms xfer=38.3ms total=550.0ms
2026-07-29 22:50:10+05:30 2026-07-29 17:20:10,789 [INFO] handler: UTTERANCE_END_RECEIVED session=conc-test-2-50d159
2026-07-29 22:50:11+05:30 2026-07-29 17:20:11.156 | INFO     | flash_head.src.pipeline.flash_head_pipeline:generate:374 - [generate] GPU_BREAKDOWN denoise=259.4ms decode=80.4ms color=7.1ms encode=29.9ms total=377.3ms
2026-07-29 22:50:11+05:30 2026-07-29 17:20:11.156 | INFO     | flash_head.src.pipeline.flash_head_pipeline:generate:381 - [generate] DENOISE_STEPS total=259.4ms steps=[s0=64.3 s1=67.2 s2=57.9 s3=70.0] n_steps=4
2026-07-29 22:50:11+05:30 2026-07-29 17:20:11,196 [INFO] FlashHeadStreamingEngine: ENGINE_BREAKDOWN deque=1.1ms ctx=0.2ms embed=39.1ms infer=377.7ms xfer=39.5ms total=457.7ms
2026-07-29 22:50:11+05:30 2026-07-29 17:20:11,197 [INFO] stream_processor: UTTERANCE_DRAIN_STARTED session=conc-test-2-50d159
2026-07-29 22:50:11+05:30 2026-07-29 17:20:11,292 [INFO] stream_processor: [NATIVE-DIAG] {'event': 'quality_changed', 't': 5.098, 'participant': 'aivatar-worker-conc-test-3-d14b44', 'quality': '2'}
2026-07-29 22:50:11+05:30 2026-07-29 17:20:11,580 [INFO] VideoPublisher: VIDEO_PUBLISH_METRICS windowMs=5002 frames=126 effectiveFps=25.2 liveFrames=38 repeatedLiveFrames=2 idleFrames=86 maxGapMs=55.5 maxCaptureMs=9.1
2026-07-29 22:50:11+05:30 2026-07-29 17:20:11.588 | INFO     | flash_head.src.pipeline.flash_head_pipeline:generate:374 - [generate] GPU_BREAKDOWN denoise=261.3ms decode=82.0ms color=6.5ms encode=33.7ms total=384.0ms
2026-07-29 22:50:11+05:30 2026-07-29 17:20:11.588 | INFO     | flash_head.src.pipeline.flash_head_pipeline:generate:381 - [generate] DENOISE_STEPS total=261.3ms steps=[s0=68.4 s1=67.3 s2=62.5 s3=63.1] n_steps=4
2026-07-29 22:50:11+05:30 2026-07-29 17:20:11,625 [INFO] FlashHeadStreamingEngine: ENGINE_BREAKDOWN deque=1.1ms ctx=0.2ms embed=30.5ms infer=384.3ms xfer=37.1ms total=453.2ms
2026-07-29 22:50:11+05:30 2026-07-29 17:20:11,625 [INFO] FlashHeadStreamingEngine: ENGINE_METRICS windowMs=5034 inputSamples=132800 inputRateHz=26379 pendingSamples=86720 pendingSeconds=5.42 slices=3 avgInferenceMs=408.6 maxInferenceMs=454.4 frameQueue=26 audioQueue=0
2026-07-29 22:50:12+05:30 2026-07-29 17:20:12.115 | INFO     | flash_head.src.pipeline.flash_head_pipeline:generate:374 - [generate] GPU_BREAKDOWN denoise=268.6ms decode=81.6ms color=6.4ms encode=30.7ms total=387.5ms
2026-07-29 22:50:12+05:30 2026-07-29 17:20:12.115 | INFO     | flash_head.src.pipeline.flash_head_pipeline:generate:381 - [generate] DENOISE_STEPS total=268.6ms steps=[s0=68.8 s1=67.2 s2=63.0 s3=69.7] n_steps=4
2026-07-29 22:50:12+05:30 2026-07-29 17:20:12,154 [INFO] FlashHeadStreamingEngine: ENGINE_BREAKDOWN deque=1.1ms ctx=0.2ms embed=27.1ms infer=387.9ms xfer=38.5ms total=454.8ms
2026-07-29 22:50:12+05:30 [METRICS] GPU_util=36% GPU_temp=41C GPU_mem=4.1GB/44.4GB (reserved=5.6GB) RSS=11886MB CPU_user=41.5s CPU_sys=7.0s sessions=3 pool=1/3
2026-07-29 22:50:12+05:30 2026-07-29 17:20:12.548 | INFO     | flash_head.src.pipeline.flash_head_pipeline:generate:374 - [generate] GPU_BREAKDOWN denoise=268.1ms decode=78.6ms color=6.4ms encode=33.8ms total=387.2ms
2026-07-29 22:50:12+05:30 2026-07-29 17:20:12.548 | INFO     | flash_head.src.pipeline.flash_head_pipeline:generate:381 - [generate] DENOISE_STEPS total=268.1ms steps=[s0=65.2 s1=67.3 s2=71.6 s3=64.1] n_steps=4
2026-07-29 22:50:12+05:30 2026-07-29 17:20:12,589 [INFO] FlashHeadStreamingEngine: ENGINE_BREAKDOWN deque=0.9ms ctx=0.2ms embed=26.8ms infer=387.6ms xfer=41.3ms total=456.8ms
2026-07-29 22:50:13+05:30 2026-07-29 17:20:13.083 | INFO     | flash_head.src.pipeline.flash_head_pipeline:generate:374 - [generate] GPU_BREAKDOWN denoise=306.2ms decode=75.5ms color=7.5ms encode=19.9ms total=409.3ms
2026-07-29 22:50:13+05:30 2026-07-29 17:20:13.083 | INFO     | flash_head.src.pipeline.flash_head_pipeline:generate:381 - [generate] DENOISE_STEPS total=306.2ms steps=[s0=84.6 s1=76.3 s2=74.8 s3=70.4] n_steps=4
2026-07-29 22:50:13+05:30 2026-07-29 17:20:13,107 [WARNING] livekit: livekit::rtc_engine:516:livekit::rtc_engine - failed to connect: Connection("wait_pc_connection timed out"), retrying... (1/3)
2026-07-29 22:50:13+05:30 2026-07-29 17:20:13,122 [INFO] FlashHeadStreamingEngine: ENGINE_BREAKDOWN deque=1.0ms ctx=0.2ms embed=11.6ms infer=409.7ms xfer=38.6ms total=461.0ms
2026-07-29 22:50:13+05:30 2026-07-29 17:20:13,143 [INFO] livekit: livekit_api::signal_client::signal_stream:104:livekit_api::signal_client::signal_stream - connecting to wss://ai-14ksodzi.livekit.cloud/rtc/v1
2026-07-29 22:50:13+05:30 2026-07-29 17:20:13,226 [INFO] handler: UTTERANCE_END_RECEIVED session=conc-test-3-d14b44
2026-07-29 22:50:13+05:30 2026-07-29 17:20:13,704 [INFO] VideoPublisher: VIDEO_PUBLISH_METRICS windowMs=5001 frames=125 effectiveFps=25.0 liveFrames=125 repeatedLiveFrames=0 idleFrames=0 maxGapMs=47.7 maxCaptureMs=1.4
2026-07-29 22:50:13+05:30 2026-07-29 17:20:13.969 | INFO     | flash_head.src.pipeline.flash_head_pipeline:generate:374 - [generate] GPU_BREAKDOWN denoise=677.1ms decode=89.3ms color=11.3ms encode=34.4ms total=819.8ms
2026-07-29 22:50:13+05:30 2026-07-29 17:20:13.969 | INFO     | flash_head.src.pipeline.flash_head_pipeline:generate:381 - [generate] DENOISE_STEPS total=677.1ms steps=[s0=323.6 s1=75.3 s2=62.2 s3=215.9] n_steps=4
2026-07-29 22:50:14+05:30 2026-07-29 17:20:14,009 [INFO] FlashHeadStreamingEngine: ENGINE_BREAKDOWN deque=0.9ms ctx=0.2ms embed=53.3ms infer=820.5ms xfer=39.6ms total=914.5ms
2026-07-29 22:50:14+05:30 2026-07-29 17:20:14,015 [INFO] stream_processor: UTTERANCE_DRAIN_STARTED session=conc-test-3-d14b44
2026-07-29 22:50:14+05:30 2026-07-29 17:20:14,709 [INFO] streaming.state_manager: [SM] LIVE -> TRANSITION_TO_IDLE (crossfade 8 frames)
2026-07-29 22:50:14+05:30 2026-07-29 17:20:14.813 | INFO     | flash_head.src.pipeline.flash_head_pipeline:generate:374 - [generate] GPU_BREAKDOWN denoise=938.2ms decode=117.0ms color=21.0ms encode=57.0ms total=1146.1ms
2026-07-29 22:50:14+05:30 2026-07-29 17:20:14.813 | INFO     | flash_head.src.pipeline.flash_head_pipeline:generate:381 - [generate] DENOISE_STEPS total=938.2ms steps=[s0=255.6 s1=129.0 s2=258.1 s3=295.5] n_steps=4
2026-07-29 22:50:14+05:30 2026-07-29 17:20:14,852 [INFO] FlashHeadStreamingEngine: ENGINE_BREAKDOWN deque=1.1ms ctx=0.2ms embed=43.4ms infer=1146.9ms xfer=38.3ms total=1230.0ms
2026-07-29 22:50:14+05:30 2026-07-29 17:20:14,852 [INFO] FlashHeadStreamingEngine: ENGINE_METRICS windowMs=6119 inputSamples=119274 inputRateHz=19494 pendingSamples=138240 pendingSeconds=8.64 slices=6 avgInferenceMs=514.8 maxInferenceMs=1146.9 frameQueue=24 audioQueue=1
2026-07-29 22:50:14+05:30 2026-07-29 17:20:14,861 [INFO] streaming.state_manager: [SM] IDLE -> TRANSITION_TO_LIVE (crossfade 8 frames, queue=24)
2026-07-29 22:50:15+05:30 2026-07-29 17:20:15.160 | INFO     | flash_head.src.pipeline.flash_head_pipeline:generate:374 - [generate] GPU_BREAKDOWN denoise=867.3ms decode=112.1ms color=15.2ms encode=56.7ms total=1058.4ms
2026-07-29 22:50:15+05:30 2026-07-29 17:20:15.160 | INFO     | flash_head.src.pipeline.flash_head_pipeline:generate:381 - [generate] DENOISE_STEPS total=867.3ms steps=[s0=294.9 s1=245.4 s2=112.6 s3=214.5] n_steps=4
2026-07-29 22:50:15+05:30 2026-07-29 17:20:15,182 [INFO] streaming.state_manager: [SM] TRANSITION_TO_LIVE -> LIVE
2026-07-29 22:50:15+05:30 2026-07-29 17:20:15,197 [INFO] FlashHeadStreamingEngine: ENGINE_BREAKDOWN deque=1.1ms ctx=0.2ms embed=43.0ms infer=1059.7ms xfer=36.2ms total=1140.3ms
2026-07-29 22:50:15+05:30 2026-07-29 17:20:15.850 | INFO     | flash_head.src.pipeline.flash_head_pipeline:generate:374 - [generate] GPU_BREAKDOWN denoise=804.2ms decode=89.1ms color=18.2ms encode=34.6ms total=958.7ms
2026-07-29 22:50:15+05:30 2026-07-29 17:20:15.850 | INFO     | flash_head.src.pipeline.flash_head_pipeline:generate:381 - [generate] DENOISE_STEPS total=804.2ms steps=[s0=195.9 s1=162.2 s2=218.5 s3=227.5] n_steps=4
2026-07-29 22:50:15+05:30 2026-07-29 17:20:15,890 [INFO] FlashHeadStreamingEngine: ENGINE_BREAKDOWN deque=1.0ms ctx=0.3ms embed=37.8ms infer=959.8ms xfer=38.6ms total=1037.5ms
2026-07-29 22:50:16+05:30 2026-07-29 17:20:16.242 | INFO     | flash_head.src.pipeline.flash_head_pipeline:generate:374 - [generate] GPU_BREAKDOWN denoise=871.8ms decode=93.6ms color=11.5ms encode=35.3ms total=1020.7ms
2026-07-29 22:50:16+05:30 2026-07-29 17:20:16.242 | INFO     | flash_head.src.pipeline.flash_head_pipeline:generate:381 - [generate] DENOISE_STEPS total=871.8ms steps=[s0=220.9 s1=227.1 s2=137.4 s3=286.3] n_steps=4
2026-07-29 22:50:16+05:30 2026-07-29 17:20:16,282 [INFO] FlashHeadStreamingEngine: ENGINE_BREAKDOWN deque=0.9ms ctx=0.3ms embed=22.5ms infer=1021.7ms xfer=39.5ms total=1084.8ms
2026-07-29 22:50:16+05:30 2026-07-29 17:20:16,581 [INFO] VideoPublisher: VIDEO_PUBLISH_METRICS windowMs=5000 frames=125 effectiveFps=25.0 liveFrames=107 repeatedLiveFrames=18 idleFrames=0 maxGapMs=62.4 maxCaptureMs=2.0
2026-07-29 22:50:17+05:30 2026-07-29 17:20:17.218 | INFO     | flash_head.src.pipeline.flash_head_pipeline:generate:374 - [generate] GPU_BREAKDOWN denoise=1138.9ms decode=96.6ms color=15.7ms encode=33.1ms total=1295.8ms
2026-07-29 22:50:17+05:30 2026-07-29 17:20:17.218 | INFO     | flash_head.src.pipeline.flash_head_pipeline:generate:381 - [generate] DENOISE_STEPS total=1138.9ms steps=[s0=271.6 s1=275.6 s2=291.9 s3=299.8] n_steps=4
2026-07-29 22:50:17+05:30 2026-07-29 17:20:17,258 [INFO] FlashHeadStreamingEngine: ENGINE_BREAKDOWN deque=0.9ms ctx=0.3ms embed=31.1ms infer=1296.8ms xfer=39.2ms total=1368.3ms
2026-07-29 22:50:17+05:30 [METRICS] GPU_util=90% GPU_temp=41C GPU_mem=4.4GB/44.4GB (reserved=5.8GB) RSS=11886MB CPU_user=50.9s CPU_sys=7.6s sessions=3 pool=1/3
2026-07-29 22:50:17+05:30 2026-07-29 17:20:17.588 | INFO     | flash_head.src.pipeline.flash_head_pipeline:generate:374 - [generate] GPU_BREAKDOWN denoise=1103.9ms decode=90.4ms color=17.9ms encode=35.6ms total=1258.6ms
2026-07-29 22:50:17+05:30 2026-07-29 17:20:17.589 | INFO     | flash_head.src.pipeline.flash_head_pipeline:generate:381 - [generate] DENOISE_STEPS total=1103.9ms steps=[s0=297.4 s1=296.9 s2=245.0 s3=264.6] n_steps=4
2026-07-29 22:50:17+05:30 2026-07-29 17:20:17,624 [INFO] FlashHeadStreamingEngine: ENGINE_BREAKDOWN deque=1.1ms ctx=0.3ms embed=45.9ms infer=1259.4ms xfer=34.8ms total=1341.5ms
2026-07-29 22:50:17+05:30 2026-07-29 17:20:17,624 [INFO] FlashHeadStreamingEngine: ENGINE_METRICS windowMs=5999 inputSamples=119274 inputRateHz=19883 pendingSamples=138240 pendingSeconds=8.64 slices=5 avgInferenceMs=909.8 maxInferenceMs=1259.4 frameQueue=24 audioQueue=1
2026-07-29 22:50:18+05:30 2026-07-29 17:20:18.493 | INFO     | flash_head.src.pipeline.flash_head_pipeline:generate:374 - [generate] GPU_BREAKDOWN denoise=1049.5ms decode=92.8ms color=13.5ms encode=40.5ms total=1205.1ms
2026-07-29 22:50:18+05:30 2026-07-29 17:20:18.494 | INFO     | flash_head.src.pipeline.flash_head_pipeline:generate:381 - [generate] DENOISE_STEPS total=1049.5ms steps=[s0=245.5 s1=253.6 s2=263.4 s3=286.9] n_steps=4
2026-07-29 22:50:18+05:30 2026-07-29 17:20:18,529 [INFO] FlashHeadStreamingEngine: ENGINE_BREAKDOWN deque=0.9ms ctx=0.3ms embed=28.5ms infer=1206.1ms xfer=35.1ms total=1271.0ms
2026-07-29 22:50:18+05:30 2026-07-29 17:20:18,705 [INFO] VideoPublisher: VIDEO_PUBLISH_METRICS windowMs=5000 frames=125 effectiveFps=25.0 liveFrames=82 repeatedLiveFrames=31 idleFrames=12 maxGapMs=61.4 maxCaptureMs=1.4
2026-07-29 22:50:18+05:30 2026-07-29 17:20:18.884 | INFO     | flash_head.src.pipeline.flash_head_pipeline:generate:374 - [generate] GPU_BREAKDOWN denoise=1071.5ms decode=95.9ms color=11.2ms encode=44.7ms total=1231.0ms
2026-07-29 22:50:18+05:30 2026-07-29 17:20:18.884 | INFO     | flash_head.src.pipeline.flash_head_pipeline:generate:381 - [generate] DENOISE_STEPS total=1071.5ms steps=[s0=266.0 s1=248.8 s2=270.7 s3=286.0] n_steps=4
2026-07-29 22:50:18+05:30 2026-07-29 17:20:18,919 [INFO] FlashHeadStreamingEngine: ENGINE_BREAKDOWN deque=0.9ms ctx=0.3ms embed=26.8ms infer=1231.7ms xfer=34.8ms total=1294.5ms
2026-07-29 22:50:19+05:30 2026-07-29 17:20:19,439 [INFO] handler: UTTERANCE_END_RECEIVED session=conc-test-2-50d159
2026-07-29 22:50:19+05:30 2026-07-29 17:20:19.868 | INFO     | flash_head.src.pipeline.flash_head_pipeline:generate:374 - [generate] GPU_BREAKDOWN denoise=1159.3ms decode=89.4ms color=10.5ms encode=34.2ms total=1298.8ms
2026-07-29 22:50:19+05:30 2026-07-29 17:20:19.868 | INFO     | flash_head.src.pipeline.flash_head_pipeline:generate:381 - [generate] DENOISE_STEPS total=1159.3ms steps=[s0=259.0 s1=338.9 s2=307.3 s3=254.0] n_steps=4
2026-07-29 22:50:19+05:30 2026-07-29 17:20:19,902 [INFO] FlashHeadStreamingEngine: ENGINE_BREAKDOWN deque=1.0ms ctx=0.3ms embed=37.9ms infer=1299.5ms xfer=33.6ms total=1372.3ms
2026-07-29 22:50:19+05:30 2026-07-29 17:20:19,903 [INFO] FlashHeadStreamingEngine: ENGINE_METRICS windowMs=5050 inputSamples=0 inputRateHz=0 pendingSamples=76800 pendingSeconds=4.80 slices=4 avgInferenceMs=1190.5 maxInferenceMs=1299.5 frameQueue=24 audioQueue=0
2026-07-29 22:50:20+05:30 2026-07-29 17:20:20.235 | INFO     | flash_head.src.pipeline.flash_head_pipeline:generate:374 - [generate] GPU_BREAKDOWN denoise=1128.3ms decode=92.6ms color=10.2ms encode=37.2ms total=1276.9ms
2026-07-29 22:50:20+05:30 2026-07-29 17:20:20.235 | INFO     | flash_head.src.pipeline.flash_head_pipeline:generate:381 - [generate] DENOISE_STEPS total=1128.3ms steps=[s0=322.1 s1=282.6 s2=259.3 s3=264.3] n_steps=4
2026-07-29 22:50:20+05:30 2026-07-29 17:20:20,269 [INFO] FlashHeadStreamingEngine: ENGINE_BREAKDOWN deque=0.9ms ctx=0.4ms embed=37.1ms infer=1277.7ms xfer=33.2ms total=1349.3ms
2026-07-29 22:50:21+05:30 2026-07-29 17:20:21.078 | INFO     | flash_head.src.pipeline.flash_head_pipeline:generate:374 - [generate] GPU_BREAKDOWN denoise=997.7ms decode=91.2ms color=10.5ms encode=35.9ms total=1141.6ms
2026-07-29 22:50:21+05:30 2026-07-29 17:20:21.078 | INFO     | flash_head.src.pipeline.flash_head_pipeline:generate:381 - [generate] DENOISE_STEPS total=997.7ms steps=[s0=250.6 s1=256.8 s2=244.1 s3=246.3] n_steps=4
2026-07-29 22:50:21+05:30 2026-07-29 17:20:21,112 [INFO] FlashHeadStreamingEngine: ENGINE_BREAKDOWN deque=1.0ms ctx=0.3ms embed=31.8ms infer=1142.4ms xfer=33.9ms total=1209.5ms
2026-07-29 22:50:21+05:30 2026-07-29 17:20:21.402 | INFO     | flash_head.src.pipeline.flash_head_pipeline:generate:374 - [generate] GPU_BREAKDOWN denoise=961.3ms decode=90.8ms color=10.1ms encode=34.3ms total=1107.4ms
2026-07-29 22:50:21+05:30 2026-07-29 17:20:21.402 | INFO     | flash_head.src.pipeline.flash_head_pipeline:generate:381 - [generate] DENOISE_STEPS total=961.3ms steps=[s0=237.5 s1=249.9 s2=248.1 s3=225.7] n_steps=4
2026-07-29 22:50:21+05:30 2026-07-29 17:20:21,437 [INFO] FlashHeadStreamingEngine: ENGINE_BREAKDOWN deque=0.9ms ctx=0.3ms embed=24.4ms infer=1108.2ms xfer=34.3ms total=1168.1ms
2026-07-29 22:50:21+05:30 2026-07-29 17:20:21,581 [INFO] VideoPublisher: VIDEO_PUBLISH_METRICS windowMs=5000 frames=125 effectiveFps=25.0 liveFrames=92 repeatedLiveFrames=33 idleFrames=0 maxGapMs=52.8 maxCaptureMs=7.6
2026-07-29 22:50:21+05:30 2026-07-29 17:20:21,632 [INFO] handler: UTTERANCE_END_RECEIVED session=conc-test-3-d14b44
2026-07-29 22:50:22+05:30 2026-07-29 17:20:22.188 | INFO     | flash_head.src.pipeline.flash_head_pipeline:generate:374 - [generate] GPU_BREAKDOWN denoise=909.5ms decode=89.7ms color=10.3ms encode=31.1ms total=1049.5ms
2026-07-29 22:50:22+05:30 2026-07-29 17:20:22.188 | INFO     | flash_head.src.pipeline.flash_head_pipeline:generate:381 - [generate] DENOISE_STEPS total=909.5ms steps=[s0=218.8 s1=239.7 s2=222.1 s3=228.8] n_steps=4
2026-07-29 22:50:22+05:30 2026-07-29 17:20:22,220 [INFO] FlashHeadStreamingEngine: ENGINE_BREAKDOWN deque=1.0ms ctx=0.3ms embed=24.3ms infer=1050.2ms xfer=32.1ms total=1107.8ms
2026-07-29 22:50:22+05:30 [METRICS] GPU_util=92% GPU_temp=43C GPU_mem=4.4GB/44.4GB (reserved=5.8GB) RSS=11886MB CPU_user=60.9s CPU_sys=8.1s sessions=3 pool=1/3
2026-07-29 22:50:22+05:30 2026-07-29 17:20:22.499 | INFO     | flash_head.src.pipeline.flash_head_pipeline:generate:374 - [generate] GPU_BREAKDOWN denoise=891.3ms decode=91.4ms color=13.3ms encode=29.5ms total=1036.5ms
2026-07-29 22:50:22+05:30 2026-07-29 17:20:22.500 | INFO     | flash_head.src.pipeline.flash_head_pipeline:generate:381 - [generate] DENOISE_STEPS total=891.3ms steps=[s0=227.8 s1=227.3 s2=227.0 s3=209.2] n_steps=4
2026-07-29 22:50:22+05:30 2026-07-29 17:20:22,535 [INFO] FlashHeadStreamingEngine: ENGINE_BREAKDOWN deque=0.9ms ctx=0.3ms embed=24.3ms infer=1037.2ms xfer=34.8ms total=1097.4ms
2026-07-29 22:50:23+05:30 2026-07-29 17:20:23.316 | INFO     | flash_head.src.pipeline.flash_head_pipeline:generate:374 - [generate] GPU_BREAKDOWN denoise=918.2ms decode=96.9ms color=9.0ms encode=33.1ms total=1069.2ms
2026-07-29 22:50:23+05:30 2026-07-29 17:20:23.316 | INFO     | flash_head.src.pipeline.flash_head_pipeline:generate:381 - [generate] DENOISE_STEPS total=918.2ms steps=[s0=209.1 s1=220.5 s2=237.9 s3=250.6] n_steps=4
2026-07-29 22:50:23+05:30 2026-07-29 17:20:23,351 [INFO] FlashHeadStreamingEngine: ENGINE_BREAKDOWN deque=0.9ms ctx=0.3ms embed=24.8ms infer=1070.1ms xfer=34.8ms total=1130.9ms
2026-07-29 22:50:23+05:30 2026-07-29 17:20:23.645 | INFO     | flash_head.src.pipeline.flash_head_pipeline:generate:374 - [generate] GPU_BREAKDOWN denoise=932.1ms decode=89.8ms color=11.7ms encode=37.4ms total=1080.2ms
2026-07-29 22:50:23+05:30 2026-07-29 17:20:23.645 | INFO     | flash_head.src.pipeline.flash_head_pipeline:generate:381 - [generate] DENOISE_STEPS total=932.1ms steps=[s0=237.4 s1=243.9 s2=226.4 s3=224.4] n_steps=4
2026-07-29 22:50:23+05:30 2026-07-29 17:20:23,683 [INFO] FlashHeadStreamingEngine: ENGINE_BREAKDOWN deque=0.9ms ctx=0.3ms embed=28.6ms infer=1081.0ms xfer=36.9ms total=1147.7ms
2026-07-29 22:50:23+05:30 2026-07-29 17:20:23,683 [INFO] FlashHeadStreamingEngine: ENGINE_METRICS windowMs=6058 inputSamples=0 inputRateHz=0 pendingSamples=61440 pendingSeconds=3.84 slices=5 avgInferenceMs=1147.2 maxInferenceMs=1277.7 frameQueue=24 audioQueue=0
2026-07-29 22:50:23+05:30 2026-07-29 17:20:23,745 [INFO] VideoPublisher: VIDEO_PUBLISH_METRICS windowMs=5040 frames=126 effectiveFps=25.0 liveFrames=101 repeatedLiveFrames=25 idleFrames=0 maxGapMs=52.5 maxCaptureMs=1.6
2026-07-29 22:50:24+05:30 2026-07-29 17:20:24.493 | INFO     | flash_head.src.pipeline.flash_head_pipeline:generate:374 - [generate] GPU_BREAKDOWN denoise=963.5ms decode=90.6ms color=12.9ms encode=42.2ms total=1117.7ms
2026-07-29 22:50:24+05:30 2026-07-29 17:20:24.493 | INFO     | flash_head.src.pipeline.flash_head_pipeline:generate:381 - [generate] DENOISE_STEPS total=963.5ms steps=[s0=220.5 s1=241.5 s2=228.8 s3=272.6] n_steps=4
2026-07-29 22:50:24+05:30 2026-07-29 17:20:24,531 [INFO] FlashHeadStreamingEngine: ENGINE_BREAKDOWN deque=0.9ms ctx=0.3ms embed=22.4ms infer=1119.8ms xfer=36.3ms total=1179.7ms
2026-07-29 22:50:24+05:30 2026-07-29 17:20:24.880 | INFO     | flash_head.src.pipeline.flash_head_pipeline:generate:374 - [generate] GPU_BREAKDOWN denoise=1005.0ms decode=94.7ms color=12.7ms encode=41.9ms total=1165.1ms
2026-07-29 22:50:24+05:30 2026-07-29 17:20:24.881 | INFO     | flash_head.src.pipeline.flash_head_pipeline:generate:381 - [generate] DENOISE_STEPS total=1005.0ms steps=[s0=227.5 s1=252.4 s2=242.1 s3=283.0] n_steps=4
2026-07-29 22:50:24+05:30 2026-07-29 17:20:24,920 [INFO] FlashHeadStreamingEngine: ENGINE_BREAKDOWN deque=1.0ms ctx=0.3ms embed=30.5ms infer=1166.5ms xfer=38.6ms total=1236.9ms
2026-07-29 22:50:25+05:30 2026-07-29 17:20:25.768 | INFO     | flash_head.src.pipeline.flash_head_pipeline:generate:374 - [generate] GPU_BREAKDOWN denoise=1061.1ms decode=87.3ms color=10.6ms encode=32.0ms total=1201.5ms
2026-07-29 22:50:25+05:30 2026-07-29 17:20:25.769 | INFO     | flash_head.src.pipeline.flash_head_pipeline:generate:381 - [generate] DENOISE_STEPS total=1061.1ms steps=[s0=258.1 s1=267.8 s2=264.3 s3=270.9] n_steps=4
2026-07-29 22:50:25+05:30 2026-07-29 17:20:25,802 [INFO] FlashHeadStreamingEngine: ENGINE_BREAKDOWN deque=0.9ms ctx=0.3ms embed=34.2ms infer=1202.2ms xfer=33.3ms total=1270.9ms
2026-07-29 22:50:25+05:30 2026-07-29 17:20:25,803 [INFO] FlashHeadStreamingEngine: ENGINE_METRICS windowMs=5900 inputSamples=0 inputRateHz=0 pendingSamples=0 pendingSeconds=0.00 slices=5 avgInferenceMs=1116.9 maxInferenceMs=1202.2 frameQueue=24 audioQueue=1
2026-07-29 22:50:25+05:30 2026-07-29 17:20:25.943 | INFO     | flash_head.src.pipeline.flash_head_pipeline:generate:374 - [generate] GPU_BREAKDOWN denoise=887.8ms decode=72.2ms color=6.4ms encode=17.5ms total=984.9ms
2026-07-29 22:50:25+05:30 2026-07-29 17:20:25.943 | INFO     | flash_head.src.pipeline.flash_head_pipeline:generate:381 - [generate] DENOISE_STEPS total=887.8ms steps=[s0=272.8 s1=260.6 s2=233.3 s3=121.1] n_steps=4
2026-07-29 22:50:25+05:30 2026-07-29 17:20:25,978 [INFO] FlashHeadStreamingEngine: ENGINE_BREAKDOWN deque=1.0ms ctx=0.3ms embed=36.3ms infer=985.8ms xfer=34.0ms total=1057.4ms
2026-07-29 22:50:26+05:30 2026-07-29 17:20:26.344 | INFO     | flash_head.src.pipeline.flash_head_pipeline:generate:374 - [generate] GPU_BREAKDOWN denoise=252.0ms decode=72.2ms color=6.4ms encode=17.3ms total=348.6ms
2026-07-29 22:50:26+05:30 2026-07-29 17:20:26.344 | INFO     | flash_head.src.pipeline.flash_head_pipeline:generate:381 - [generate] DENOISE_STEPS total=252.0ms steps=[s0=68.6 s1=61.2 s2=61.5 s3=60.7] n_steps=4
2026-07-29 22:50:26+05:30 2026-07-29 17:20:26,378 [INFO] FlashHeadStreamingEngine: ENGINE_BREAKDOWN deque=1.0ms ctx=0.3ms embed=16.2ms infer=349.1ms xfer=33.2ms total=399.8ms
2026-07-29 22:50:26+05:30 2026-07-29 17:20:26,379 [INFO] streaming.state_manager: [SM] Dropped 7 stale frames to protect A/V sync (qsize now 30)
2026-07-29 22:50:26+05:30 2026-07-29 17:20:26,621 [INFO] VideoPublisher: VIDEO_PUBLISH_METRICS windowMs=5039 frames=126 effectiveFps=25.0 liveFrames=109 repeatedLiveFrames=17 idleFrames=0 maxGapMs=56.7 maxCaptureMs=0.9
2026-07-29 22:50:27+05:30 2026-07-29 17:20:27,265 [INFO] streaming.state_manager: [SM] LIVE -> TRANSITION_TO_IDLE (crossfade 8 frames)
2026-07-29 22:50:27+05:30 2026-07-29 17:20:27.409 | INFO     | flash_head.src.pipeline.flash_head_pipeline:generate:374 - [generate] GPU_BREAKDOWN denoise=317.3ms decode=85.0ms color=6.6ms encode=34.5ms total=443.5ms
2026-07-29 22:50:27+05:30 2026-07-29 17:20:27.409 | INFO     | flash_head.src.pipeline.flash_head_pipeline:generate:381 - [generate] DENOISE_STEPS total=317.3ms steps=[s0=78.3 s1=80.3 s2=81.4 s3=77.3] n_steps=4
2026-07-29 22:50:27+05:30 [METRICS] GPU_util=36% GPU_temp=46C GPU_mem=4.2GB/44.4GB (reserved=5.8GB) RSS=11886MB CPU_user=69.6s CPU_sys=8.6s sessions=3 pool=1/3
2026-07-29 22:50:27+05:30 2026-07-29 17:20:27,450 [INFO] FlashHeadStreamingEngine: ENGINE_BREAKDOWN deque=1.0ms ctx=0.3ms embed=25.1ms infer=443.9ms xfer=40.1ms total=510.4ms
2026-07-29 22:50:27+05:30 2026-07-29 17:20:27,581 [INFO] streaming.state_manager: [SM] TRANSITION_TO_IDLE -> IDLE
2026-07-29 22:50:27+05:30 2026-07-29 17:20:27,737 [INFO] stream_processor: UTTERANCE_DRAIN_COMPLETED session=conc-test-2-50d159 cycles=4 elapsed=16540.0ms
2026-07-29 22:50:27+05:30 2026-07-29 17:20:27,814 [INFO] handler: UTTERANCE_END_RECEIVED session=conc-test-2-50d159
2026-07-29 22:50:28+05:30 2026-07-29 17:20:28.192 | INFO     | flash_head.src.pipeline.flash_head_pipeline:generate:374 - [generate] GPU_BREAKDOWN denoise=279.0ms decode=86.3ms color=7.2ms encode=43.1ms total=415.8ms
2026-07-29 22:50:28+05:30 2026-07-29 17:20:28.192 | INFO     | flash_head.src.pipeline.flash_head_pipeline:generate:381 - [generate] DENOISE_STEPS total=279.0ms steps=[s0=77.4 s1=70.2 s2=69.4 s3=62.1] n_steps=4
2026-07-29 22:50:28+05:30 2026-07-29 17:20:28,224 [WARNING] livekit: livekit::rtc_engine:516:livekit::rtc_engine - failed to connect: Connection("wait_pc_connection timed out"), retrying... (2/3)
2026-07-29 22:50:28+05:30 2026-07-29 17:20:28,233 [INFO] FlashHeadStreamingEngine: ENGINE_BREAKDOWN deque=1.0ms ctx=0.3ms embed=25.3ms infer=416.1ms xfer=40.0ms total=482.6ms
2026-07-29 22:50:28+05:30 2026-07-29 17:20:28,261 [INFO] livekit: livekit_api::signal_client::signal_stream:104:livekit_api::signal_client::signal_stream - connecting to wss://ai-14ksodzi.livekit.cloud/rtc/v1
2026-07-29 22:50:28+05:30 2026-07-29 17:20:28,263 [INFO] streaming.state_manager: [SM] IDLE -> TRANSITION_TO_LIVE (crossfade 8 frames, queue=24)
2026-07-29 22:50:28+05:30 2026-07-29 17:20:28,357 [INFO] stream_processor: UTTERANCE_DRAIN_STARTED session=conc-test-2-50d159
2026-07-29 22:50:28+05:30 2026-07-29 17:20:28,581 [INFO] streaming.state_manager: [SM] TRANSITION_TO_LIVE -> LIVE
2026-07-29 22:50:28+05:30 2026-07-29 17:20:28,786 [INFO] VideoPublisher: VIDEO_PUBLISH_METRICS windowMs=5041 frames=126 effectiveFps=25.0 liveFrames=68 repeatedLiveFrames=25 idleFrames=33 maxGapMs=56.2 maxCaptureMs=1.1
2026-07-29 22:50:29+05:30 2026-07-29 17:20:29,065 [INFO] streaming.state_manager: [SM] LIVE -> TRANSITION_TO_IDLE (crossfade 8 frames)
2026-07-29 22:50:29+05:30 2026-07-29 17:20:29.110 | INFO     | flash_head.src.pipeline.flash_head_pipeline:generate:374 - [generate] GPU_BREAKDOWN denoise=287.4ms decode=72.3ms color=10.3ms encode=17.4ms total=387.6ms
2026-07-29 22:50:29+05:30 2026-07-29 17:20:29.110 | INFO     | flash_head.src.pipeline.flash_head_pipeline:generate:381 - [generate] DENOISE_STEPS total=287.4ms steps=[s0=78.0 s1=73.0 s2=64.9 s3=71.5] n_steps=4
2026-07-29 22:50:29+05:30 2026-07-29 17:20:29,148 [INFO] FlashHeadStreamingEngine: ENGINE_BREAKDOWN deque=0.9ms ctx=0.3ms embed=10.6ms infer=388.5ms xfer=36.7ms total=437.0ms
2026-07-29 22:50:29+05:30 2026-07-29 17:20:29,378 [INFO] streaming.state_manager: [SM] TRANSITION_TO_IDLE -> IDLE
2026-07-29 22:50:29+05:30 2026-07-29 17:20:29,541 [INFO] stream_processor: UTTERANCE_DRAIN_COMPLETED session=conc-test-3-d14b44 cycles=3 elapsed=15526.0ms
2026-07-29 22:50:29+05:30 2026-07-29 17:20:29,544 [INFO] FlashHeadStreamingEngine: ENGINE_METRICS windowMs=5861 inputSamples=1600 inputRateHz=273 pendingSamples=1600 pendingSeconds=0.10 slices=4 avgInferenceMs=736.3 maxInferenceMs=1166.5 frameQueue=0 audioQueue=0
2026-07-29 22:50:30+05:30 2026-07-29 17:20:30,032 [INFO] handler: UTTERANCE_END_RECEIVED session=conc-test-3-d14b44
2026-07-29 22:50:30+05:30 2026-07-29 17:20:30.480 | INFO     | flash_head.src.pipeline.flash_head_pipeline:generate:374 - [generate] GPU_BREAKDOWN denoise=718.9ms decode=108.3ms color=10.7ms encode=59.5ms total=904.6ms
2026-07-29 22:50:30+05:30 2026-07-29 17:20:30.480 | INFO     | flash_head.src.pipeline.flash_head_pipeline:generate:381 - [generate] DENOISE_STEPS total=718.9ms steps=[s0=65.7 s1=160.5 s2=261.0 s3=231.7] n_steps=4
2026-07-29 22:50:30+05:30 2026-07-29 17:20:30,518 [INFO] FlashHeadStreamingEngine: ENGINE_BREAKDOWN deque=1.1ms ctx=0.3ms embed=26.3ms infer=905.7ms xfer=37.6ms total=970.9ms
2026-07-29 22:50:30+05:30 2026-07-29 17:20:30,539 [INFO] streaming.state_manager: [SM] IDLE -> TRANSITION_TO_LIVE (crossfade 8 frames, queue=24)
2026-07-29 22:50:30+05:30 2026-07-29 17:20:30,704 [INFO] streaming.state_manager: [SM] LIVE -> TRANSITION_TO_IDLE (crossfade 8 frames)
2026-07-29 22:50:30+05:30 2026-07-29 17:20:30.772 | INFO     | flash_head.src.pipeline.flash_head_pipeline:generate:374 - [generate] GPU_BREAKDOWN denoise=864.0ms decode=106.4ms color=10.8ms encode=54.0ms total=1045.7ms
2026-07-29 22:50:30+05:30 2026-07-29 17:20:30.772 | INFO     | flash_head.src.pipeline.flash_head_pipeline:generate:381 - [generate] DENOISE_STEPS total=864.0ms steps=[s0=281.9 s1=234.4 s2=166.8 s3=180.9] n_steps=4
2026-07-29 22:50:30+05:30 2026-07-29 17:20:30,811 [INFO] FlashHeadStreamingEngine: ENGINE_BREAKDOWN deque=1.2ms ctx=0.3ms embed=53.2ms infer=1046.5ms xfer=38.7ms total=1139.9ms
2026-07-29 22:50:30+05:30 2026-07-29 17:20:30,812 [INFO] FlashHeadStreamingEngine: ENGINE_METRICS windowMs=5009 inputSamples=252074 inputRateHz=50327 pendingSamples=215040 pendingSeconds=13.44 slices=3 avgInferenceMs=617.0 maxInferenceMs=1046.5 frameQueue=24 audioQueue=1
2026-07-29 22:50:30+05:30 2026-07-29 17:20:30,821 [INFO] streaming.state_manager: [SM] IDLE -> TRANSITION_TO_LIVE (crossfade 8 frames, queue=24)
2026-07-29 22:50:30+05:30 2026-07-29 17:20:30,859 [INFO] streaming.state_manager: [SM] TRANSITION_TO_LIVE -> LIVE
2026-07-29 22:50:31+05:30 2026-07-29 17:20:31,142 [INFO] streaming.state_manager: [SM] TRANSITION_TO_LIVE -> LIVE
2026-07-29 22:50:31+05:30 2026-07-29 17:20:31.600 | INFO     | flash_head.src.pipeline.flash_head_pipeline:generate:374 - [generate] GPU_BREAKDOWN denoise=876.9ms decode=97.1ms color=16.1ms encode=38.9ms total=1041.2ms
2026-07-29 22:50:31+05:30 2026-07-29 17:20:31.600 | INFO     | flash_head.src.pipeline.flash_head_pipeline:generate:381 - [generate] DENOISE_STEPS total=876.9ms steps=[s0=148.1 s1=173.6 s2=265.8 s3=289.4] n_steps=4
2026-07-29 22:50:31+05:30 2026-07-29 17:20:31,638 [INFO] FlashHeadStreamingEngine: ENGINE_BREAKDOWN deque=1.0ms ctx=0.3ms embed=27.2ms infer=1042.8ms xfer=36.2ms total=1107.4ms
2026-07-29 22:50:31+05:30 2026-07-29 17:20:31,662 [INFO] VideoPublisher: VIDEO_PUBLISH_METRICS windowMs=5041 frames=126 effectiveFps=25.0 liveFrames=66 repeatedLiveFrames=15 idleFrames=45 maxGapMs=47.8 maxCaptureMs=1.1
2026-07-29 22:50:31+05:30 2026-07-29 17:20:31.976 | INFO     | flash_head.src.pipeline.flash_head_pipeline:generate:374 - [generate] GPU_BREAKDOWN denoise=981.4ms decode=87.8ms color=11.0ms encode=37.0ms total=1131.2ms
2026-07-29 22:50:31+05:30 2026-07-29 17:20:31.977 | INFO     | flash_head.src.pipeline.flash_head_pipeline:generate:381 - [generate] DENOISE_STEPS total=981.4ms steps=[s0=264.7 s1=278.7 s2=175.0 s3=263.0] n_steps=4
2026-07-29 22:50:32+05:30 2026-07-29 17:20:32,020 [INFO] FlashHeadStreamingEngine: ENGINE_BREAKDOWN deque=0.9ms ctx=0.3ms embed=31.9ms infer=1135.5ms xfer=39.7ms total=1208.3ms
2026-07-29 22:50:32+05:30 [METRICS] GPU_util=25% GPU_temp=44C GPU_mem=4.3GB/44.4GB (reserved=5.8GB) RSS=11886MB CPU_user=77.5s CPU_sys=9.1s sessions=3 pool=1/3
2026-07-29 22:50:32+05:30 2026-07-29 17:20:32.818 | INFO     | flash_head.src.pipeline.flash_head_pipeline:generate:374 - [generate] GPU_BREAKDOWN denoise=942.1ms decode=108.4ms color=10.4ms encode=57.9ms total=1122.4ms
2026-07-29 22:50:32+05:30 2026-07-29 17:20:32.818 | INFO     | flash_head.src.pipeline.flash_head_pipeline:generate:381 - [generate] DENOISE_STEPS total=942.1ms steps=[s0=232.6 s1=226.5 s2=236.7 s3=246.2] n_steps=4
2026-07-29 22:50:32+05:30 2026-07-29 17:20:32,856 [INFO] FlashHeadStreamingEngine: ENGINE_BREAKDOWN deque=1.0ms ctx=0.3ms embed=45.5ms infer=1123.2ms xfer=38.1ms total=1208.1ms
2026-07-29 22:50:33+05:30 2026-07-29 17:20:33.044 | INFO     | flash_head.src.pipeline.flash_head_pipeline:generate:374 - [generate] GPU_BREAKDOWN denoise=852.0ms decode=86.7ms color=25.2ms encode=18.8ms total=995.9ms
2026-07-29 22:50:33+05:30 2026-07-29 17:20:33.044 | INFO     | flash_head.src.pipeline.flash_head_pipeline:generate:381 - [generate] DENOISE_STEPS total=852.0ms steps=[s0=228.5 s1=252.8 s2=218.6 s3=152.1] n_steps=4
2026-07-29 22:50:33+05:30 2026-07-29 17:20:33,087 [INFO] FlashHeadStreamingEngine: ENGINE_BREAKDOWN deque=1.0ms ctx=0.3ms embed=26.5ms infer=996.9ms xfer=42.0ms total=1066.7ms
2026-07-29 22:50:33+05:30 2026-07-29 17:20:33,825 [INFO] VideoPublisher: VIDEO_PUBLISH_METRICS windowMs=5039 frames=126 effectiveFps=25.0 liveFrames=95 repeatedLiveFrames=20 idleFrames=11 maxGapMs=47.5 maxCaptureMs=1.0
2026-07-29 22:50:34+05:30 2026-07-29 17:20:34.047 | INFO     | flash_head.src.pipeline.flash_head_pipeline:generate:374 - [generate] GPU_BREAKDOWN denoise=887.3ms decode=106.9ms color=24.1ms encode=95.2ms total=1132.4ms
2026-07-29 22:50:34+05:30 2026-07-29 17:20:34.047 | INFO     | flash_head.src.pipeline.flash_head_pipeline:generate:381 - [generate] DENOISE_STEPS total=887.3ms steps=[s0=114.3 s1=286.4 s2=242.1 s3=244.5] n_steps=4
2026-07-29 22:50:34+05:30 2026-07-29 17:20:34,085 [INFO] FlashHeadStreamingEngine: ENGINE_BREAKDOWN deque=0.9ms ctx=0.3ms embed=40.6ms infer=1133.5ms xfer=37.0ms total=1212.3ms
2026-07-29 22:50:34+05:30 2026-07-29 17:20:34.107 | INFO     | flash_head.src.pipeline.flash_head_pipeline:generate:374 - [generate] GPU_BREAKDOWN denoise=837.3ms decode=77.0ms color=32.5ms encode=27.8ms total=981.0ms
2026-07-29 22:50:34+05:30 2026-07-29 17:20:34.107 | INFO     | flash_head.src.pipeline.flash_head_pipeline:generate:381 - [generate] DENOISE_STEPS total=837.3ms steps=[s0=282.4 s1=242.4 s2=207.0 s3=105.5] n_steps=4
2026-07-29 22:50:34+05:30 2026-07-29 17:20:34,143 [INFO] FlashHeadStreamingEngine: ENGINE_BREAKDOWN deque=0.9ms ctx=0.3ms embed=37.3ms infer=982.0ms xfer=34.9ms total=1055.5ms
2026-07-29 22:50:35+05:30 2026-07-29 17:20:35.389 | INFO     | flash_head.src.pipeline.flash_head_pipeline:generate:374 - [generate] GPU_BREAKDOWN denoise=1014.1ms decode=145.6ms color=17.3ms encode=40.4ms total=1219.6ms
2026-07-29 22:50:35+05:30 2026-07-29 17:20:35.389 | INFO     | flash_head.src.pipeline.flash_head_pipeline:generate:374 - [generate] GPU_BREAKDOWN denoise=1025.6ms decode=109.7ms color=19.4ms encode=40.4ms total=1252.6ms
2026-07-29 22:50:35+05:30 2026-07-29 17:20:35.390 | INFO     | flash_head.src.pipeline.flash_head_pipeline:generate:381 - [generate] DENOISE_STEPS total=1014.1ms steps=[s0=248.6 s1=241.7 s2=254.3 s3=269.4] n_steps=4
2026-07-29 22:50:35+05:30 2026-07-29 17:20:35.390 | INFO     | flash_head.src.pipeline.flash_head_pipeline:generate:381 - [generate] DENOISE_STEPS total=1025.6ms steps=[s0=262.6 s1=247.8 s2=249.9 s3=265.4] n_steps=4
2026-07-29 22:50:35+05:30 2026-07-29 17:20:35,430 [INFO] FlashHeadStreamingEngine: ENGINE_BREAKDOWN deque=0.9ms ctx=0.3ms embed=42.9ms infer=1253.2ms xfer=40.3ms total=1337.7ms
2026-07-29 22:50:35+05:30 2026-07-29 17:20:35,431 [INFO] FlashHeadStreamingEngine: ENGINE_METRICS windowMs=5886 inputSamples=75200 inputRateHz=12776 pendingSamples=0 pendingSeconds=0.00 slices=5 avgInferenceMs=1091.7 maxInferenceMs=1253.2 frameQueue=24 audioQueue=0
2026-07-29 22:50:35+05:30 2026-07-29 17:20:35,451 [INFO] FlashHeadStreamingEngine: ENGINE_BREAKDOWN deque=0.9ms ctx=0.3ms embed=25.5ms infer=1220.4ms xfer=60.5ms total=1307.6ms
2026-07-29 22:50:36+05:30 2026-07-29 17:20:36,259 [INFO] handler: UTTERANCE_END_RECEIVED session=conc-test-2-50d159
2026-07-29 22:50:36+05:30 2026-07-29 17:20:36,701 [INFO] VideoPublisher: VIDEO_PUBLISH_METRICS windowMs=5038 frames=126 effectiveFps=25.0 liveFrames=95 repeatedLiveFrames=31 idleFrames=0 maxGapMs=45.2 maxCaptureMs=3.9
2026-07-29 22:50:36+05:30 2026-07-29 17:20:36,900 [INFO] streaming.state_manager: [SM] LIVE -> TRANSITION_TO_IDLE (crossfade 8 frames)
2026-07-29 22:50:36+05:30 2026-07-29 17:20:36,909 [INFO] streaming.state_manager: [SM] LIVE -> TRANSITION_TO_IDLE (crossfade 8 frames)
2026-07-29 22:50:37+05:30 2026-07-29 17:20:37.006 | INFO     | flash_head.src.pipeline.flash_head_pipeline:generate:374 - [generate] GPU_BREAKDOWN denoise=1327.0ms decode=130.3ms color=18.4ms encode=43.5ms total=1523.5ms
2026-07-29 22:50:37+05:30 2026-07-29 17:20:37.006 | INFO     | flash_head.src.pipeline.flash_head_pipeline:generate:374 - [generate] GPU_BREAKDOWN denoise=1311.9ms decode=102.8ms color=20.0ms encode=43.5ms total=1555.8ms
2026-07-29 22:50:37+05:30 2026-07-29 17:20:37.007 | INFO     | flash_head.src.pipeline.flash_head_pipeline:generate:381 - [generate] DENOISE_STEPS total=1327.0ms steps=[s0=272.6 s1=275.7 s2=422.1 s3=356.6] n_steps=4
2026-07-29 22:50:37+05:30 2026-07-29 17:20:37.007 | INFO     | flash_head.src.pipeline.flash_head_pipeline:generate:381 - [generate] DENOISE_STEPS total=1311.9ms steps=[s0=276.3 s1=270.6 s2=423.1 s3=341.9] n_steps=4
2026-07-29 22:50:37+05:30 2026-07-29 17:20:37,059 [INFO] FlashHeadStreamingEngine: ENGINE_BREAKDOWN deque=0.9ms ctx=0.3ms embed=30.5ms infer=1526.4ms xfer=50.4ms total=1608.5ms
2026-07-29 22:50:37+05:30 2026-07-29 17:20:37,060 [INFO] FlashHeadStreamingEngine: ENGINE_METRICS windowMs=6248 inputSamples=0 inputRateHz=0 pendingSamples=138240 pendingSeconds=8.64 slices=5 avgInferenceMs=1172.2 maxInferenceMs=1526.4 frameQueue=24 audioQueue=0
2026-07-29 22:50:37+05:30 2026-07-29 17:20:37,070 [INFO] streaming.state_manager: [SM] IDLE -> TRANSITION_TO_LIVE (crossfade 8 frames, queue=24)
2026-07-29 22:50:37+05:30 2026-07-29 17:20:37,103 [INFO] FlashHeadStreamingEngine: ENGINE_BREAKDOWN deque=1.1ms ctx=0.3ms embed=13.3ms infer=1558.4ms xfer=93.7ms total=1666.7ms
2026-07-29 22:50:37+05:30 2026-07-29 17:20:37,139 [INFO] streaming.state_manager: [SM] IDLE -> TRANSITION_TO_LIVE (crossfade 8 frames, queue=24)
2026-07-29 22:50:37+05:30 2026-07-29 17:20:37,383 [INFO] streaming.state_manager: [SM] TRANSITION_TO_LIVE -> LIVE
2026-07-29 22:50:37+05:30 2026-07-29 17:20:37,458 [INFO] streaming.state_manager: [SM] TRANSITION_TO_LIVE -> LIVE
2026-07-29 22:50:37+05:30 [METRICS] GPU_util=19% GPU_temp=43C GPU_mem=4.3GB/44.4GB (reserved=5.8GB) RSS=11886MB CPU_user=87.8s CPU_sys=9.8s sessions=3 pool=1/3
2026-07-29 22:50:38+05:30 2026-07-29 17:20:38,402 [INFO] handler: UTTERANCE_END_RECEIVED session=conc-test-3-d14b44
2026-07-29 22:50:38+05:30 2026-07-29 17:20:38,544 [INFO] streaming.state_manager: [SM] LIVE -> TRANSITION_TO_IDLE (crossfade 8 frames)
2026-07-29 22:50:38+05:30 2026-07-29 17:20:38,626 [INFO] streaming.state_manager: [SM] LIVE -> TRANSITION_TO_IDLE (crossfade 8 frames)
2026-07-29 22:50:38+05:30 2026-07-29 17:20:38.723 | INFO     | flash_head.src.pipeline.flash_head_pipeline:generate:374 - [generate] GPU_BREAKDOWN denoise=1426.7ms decode=90.3ms color=13.1ms encode=90.5ms total=1624.2ms
2026-07-29 22:50:38+05:30 2026-07-29 17:20:38.723 | INFO     | flash_head.src.pipeline.flash_head_pipeline:generate:381 - [generate] DENOISE_STEPS total=1426.7ms steps=[s0=359.8 s1=340.5 s2=365.0 s3=361.4] n_steps=4
2026-07-29 22:50:38+05:30 2026-07-29 17:20:38,786 [INFO] FlashHeadStreamingEngine: ENGINE_BREAKDOWN deque=1.0ms ctx=0.3ms embed=37.5ms infer=1625.5ms xfer=61.7ms total=1726.0ms
2026-07-29 22:50:38+05:30 2026-07-29 17:20:38,823 [INFO] streaming.state_manager: [SM] IDLE -> TRANSITION_TO_LIVE (crossfade 8 frames, queue=24)
2026-07-29 22:50:38+05:30 2026-07-29 17:20:38,829 [INFO] VideoPublisher: VIDEO_PUBLISH_METRICS windowMs=5003 frames=125 effectiveFps=25.0 liveFrames=70 repeatedLiveFrames=35 idleFrames=20 maxGapMs=55.2 maxCaptureMs=3.3
2026-07-29 22:50:38+05:30 2026-07-29 17:20:38.831 | INFO     | flash_head.src.pipeline.flash_head_pipeline:generate:374 - [generate] GPU_BREAKDOWN denoise=1460.1ms decode=102.1ms color=61.7ms encode=46.8ms total=1674.3ms
2026-07-29 22:50:38+05:30 2026-07-29 17:20:38.832 | INFO     | flash_head.src.pipeline.flash_head_pipeline:generate:381 - [generate] DENOISE_STEPS total=1460.1ms steps=[s0=375.9 s1=338.5 s2=387.7 s3=358.0] n_steps=4
2026-07-29 22:50:38+05:30 2026-07-29 17:20:38,889 [INFO] FlashHeadStreamingEngine: ENGINE_BREAKDOWN deque=1.0ms ctx=0.3ms embed=39.7ms infer=1675.3ms xfer=56.7ms total=1772.9ms
2026-07-29 22:50:38+05:30 2026-07-29 17:20:38,898 [INFO] streaming.state_manager: [SM] IDLE -> TRANSITION_TO_LIVE (crossfade 8 frames, queue=24)
2026-07-29 22:50:39+05:30 2026-07-29 17:20:39,141 [INFO] streaming.state_manager: [SM] TRANSITION_TO_LIVE -> LIVE
2026-07-29 22:50:39+05:30 2026-07-29 17:20:39,219 [INFO] streaming.state_manager: [SM] TRANSITION_TO_LIVE -> LIVE
2026-07-29 22:50:40+05:30 2026-07-29 17:20:40.000 | INFO     | flash_head.src.pipeline.flash_head_pipeline:generate:374 - [generate] GPU_BREAKDOWN denoise=995.3ms decode=89.9ms color=11.5ms encode=79.6ms total=1186.0ms
2026-07-29 22:50:40+05:30 2026-07-29 17:20:40.000 | INFO     | flash_head.src.pipeline.flash_head_pipeline:generate:381 - [generate] DENOISE_STEPS total=995.3ms steps=[s0=268.5 s1=254.3 s2=244.4 s3=228.1] n_steps=4
2026-07-29 22:50:40+05:30 2026-07-29 17:20:40,053 [INFO] FlashHeadStreamingEngine: ENGINE_BREAKDOWN deque=0.9ms ctx=0.3ms embed=25.8ms infer=1187.0ms xfer=52.4ms total=1266.5ms
2026-07-29 22:50:40+05:30 2026-07-29 17:20:40.071 | INFO     | flash_head.src.pipeline.flash_head_pipeline:generate:374 - [generate] GPU_BREAKDOWN denoise=978.9ms decode=78.2ms color=47.7ms encode=23.5ms total=1146.3ms
2026-07-29 22:50:40+05:30 2026-07-29 17:20:40.071 | INFO     | flash_head.src.pipeline.flash_head_pipeline:generate:381 - [generate] DENOISE_STEPS total=978.9ms steps=[s0=231.3 s1=252.2 s2=243.1 s3=252.3] n_steps=4
2026-07-29 22:50:40+05:30 2026-07-29 17:20:40,116 [INFO] FlashHeadStreamingEngine: ENGINE_BREAKDOWN deque=1.0ms ctx=0.3ms embed=24.6ms infer=1147.4ms xfer=44.5ms total=1217.8ms
2026-07-29 22:50:41+05:30 2026-07-29 17:20:41.206 | INFO     | flash_head.src.pipeline.flash_head_pipeline:generate:374 - [generate] GPU_BREAKDOWN denoise=907.7ms decode=89.3ms color=79.1ms encode=20.3ms total=1097.8ms
2026-07-29 22:50:41+05:30 2026-07-29 17:20:41.206 | INFO     | flash_head.src.pipeline.flash_head_pipeline:generate:381 - [generate] DENOISE_STEPS total=907.7ms steps=[s0=226.5 s1=229.1 s2=225.0 s3=227.1] n_steps=4
2026-07-29 22:50:41+05:30 2026-07-29 17:20:41,257 [INFO] FlashHeadStreamingEngine: ENGINE_BREAKDOWN deque=0.9ms ctx=0.3ms embed=53.6ms infer=1098.3ms xfer=50.9ms total=1204.1ms
2026-07-29 22:50:41+05:30 2026-07-29 17:20:41.274 | INFO     | flash_head.src.pipeline.flash_head_pipeline:generate:374 - [generate] GPU_BREAKDOWN denoise=949.9ms decode=76.6ms color=65.2ms encode=23.2ms total=1117.8ms
2026-07-29 22:50:41+05:30 2026-07-29 17:20:41.274 | INFO     | flash_head.src.pipeline.flash_head_pipeline:generate:381 - [generate] DENOISE_STEPS total=949.9ms steps=[s0=234.8 s1=219.6 s2=224.6 s3=270.8] n_steps=4
2026-07-29 22:50:41+05:30 2026-07-29 17:20:41,324 [INFO] FlashHeadStreamingEngine: ENGINE_BREAKDOWN deque=1.0ms ctx=0.3ms embed=28.6ms infer=1118.6ms xfer=49.1ms total=1197.5ms
2026-07-29 22:50:41+05:30 2026-07-29 17:20:41,324 [INFO] FlashHeadStreamingEngine: ENGINE_METRICS windowMs=5893 inputSamples=62400 inputRateHz=10588 pendingSamples=960 pendingSeconds=0.06 slices=4 avgInferenceMs=1374.9 maxInferenceMs=1675.3 frameQueue=24 audioQueue=1
2026-07-29 22:50:41+05:30 2026-07-29 17:20:41,742 [INFO] VideoPublisher: VIDEO_PUBLISH_METRICS windowMs=5041 frames=126 effectiveFps=25.0 liveFrames=69 repeatedLiveFrames=28 idleFrames=29 maxGapMs=49.0 maxCaptureMs=1.0
2026-07-29 22:50:42+05:30 2026-07-29 17:20:42.477 | INFO     | flash_head.src.pipeline.flash_head_pipeline:generate:374 - [generate] GPU_BREAKDOWN denoise=967.6ms decode=94.4ms color=11.8ms encode=79.8ms total=1160.5ms
2026-07-29 22:50:42+05:30 2026-07-29 17:20:42.477 | INFO     | flash_head.src.pipeline.flash_head_pipeline:generate:381 - [generate] DENOISE_STEPS total=967.6ms steps=[s0=243.8 s1=237.4 s2=246.2 s3=240.2] n_steps=4
2026-07-29 22:50:42+05:30 2026-07-29 17:20:42,531 [INFO] FlashHeadStreamingEngine: ENGINE_BREAKDOWN deque=0.9ms ctx=0.3ms embed=57.8ms infer=1161.3ms xfer=53.1ms total=1273.4ms
2026-07-29 22:50:42+05:30 2026-07-29 17:20:42,531 [INFO] FlashHeadStreamingEngine: ENGINE_METRICS windowMs=5471 inputSamples=0 inputRateHz=0 pendingSamples=76800 pendingSeconds=4.80 slices=4 avgInferenceMs=1268.0 maxInferenceMs=1625.5 frameQueue=24 audioQueue=1
2026-07-29 22:50:42+05:30 [METRICS] GPU_util=79% GPU_temp=49C GPU_mem=4.5GB/44.4GB (reserved=6.1GB) RSS=11886MB CPU_user=97.8s CPU_sys=10.4s sessions=3 pool=1/3
2026-07-29 22:50:42+05:30 2026-07-29 17:20:42.565 | INFO     | flash_head.src.pipeline.flash_head_pipeline:generate:374 - [generate] GPU_BREAKDOWN denoise=960.2ms decode=80.8ms color=49.0ms encode=38.7ms total=1203.4ms
2026-07-29 22:50:42+05:30 2026-07-29 17:20:42.565 | INFO     | flash_head.src.pipeline.flash_head_pipeline:generate:381 - [generate] DENOISE_STEPS total=960.2ms steps=[s0=239.6 s1=233.0 s2=241.2 s3=246.4] n_steps=4
2026-07-29 22:50:42+05:30 2026-07-29 17:20:42,610 [INFO] FlashHeadStreamingEngine: ENGINE_BREAKDOWN deque=0.9ms ctx=0.3ms embed=28.0ms infer=1204.1ms xfer=44.7ms total=1278.0ms
2026-07-29 22:50:43+05:30 2026-07-29 17:20:43,376 [WARNING] livekit: livekit::rtc_engine:516:livekit::rtc_engine - failed to connect: Connection("wait_pc_connection timed out"), retrying... (3/3)
2026-07-29 22:50:43+05:30 2026-07-29 17:20:43,407 [INFO] livekit: livekit_api::signal_client::signal_stream:104:livekit_api::signal_client::signal_stream - connecting to wss://ai-14ksodzi.livekit.cloud/rtc/v1
2026-07-29 22:50:43+05:30 2026-07-29 17:20:43,864 [INFO] VideoPublisher: VIDEO_PUBLISH_METRICS windowMs=5035 frames=126 effectiveFps=25.0 liveFrames=89 repeatedLiveFrames=30 idleFrames=7 maxGapMs=46.9 maxCaptureMs=1.0
2026-07-29 22:50:43+05:30 2026-07-29 17:20:43,985 [INFO] streaming.state_manager: [SM] LIVE -> TRANSITION_TO_IDLE (crossfade 8 frames)
2026-07-29 22:50:44+05:30 2026-07-29 17:20:44,060 [INFO] streaming.state_manager: [SM] LIVE -> TRANSITION_TO_IDLE (crossfade 8 frames)
2026-07-29 22:50:44+05:30 2026-07-29 17:20:44.062 | INFO     | flash_head.src.pipeline.flash_head_pipeline:generate:374 - [generate] GPU_BREAKDOWN denoise=1296.6ms decode=100.8ms color=11.8ms encode=85.0ms total=1500.3ms
2026-07-29 22:50:44+05:30 2026-07-29 17:20:44.063 | INFO     | flash_head.src.pipeline.flash_head_pipeline:generate:381 - [generate] DENOISE_STEPS total=1296.6ms steps=[s0=274.9 s1=245.2 s2=256.0 s3=520.5] n_steps=4
2026-07-29 22:50:44+05:30 2026-07-29 17:20:44,111 [INFO] FlashHeadStreamingEngine: ENGINE_BREAKDOWN deque=1.0ms ctx=0.3ms embed=29.4ms infer=1502.6ms xfer=46.8ms total=1580.1ms
2026-07-29 22:50:44+05:30 2026-07-29 17:20:44,141 [INFO] streaming.state_manager: [SM] IDLE -> TRANSITION_TO_LIVE (crossfade 8 frames, queue=24)
2026-07-29 22:50:44+05:30 2026-07-29 17:20:44.149 | INFO     | flash_head.src.pipeline.flash_head_pipeline:generate:374 - [generate] GPU_BREAKDOWN denoise=1311.7ms decode=91.8ms color=45.1ms encode=41.8ms total=1499.3ms
2026-07-29 22:50:44+05:30 2026-07-29 17:20:44.149 | INFO     | flash_head.src.pipeline.flash_head_pipeline:generate:381 - [generate] DENOISE_STEPS total=1311.7ms steps=[s0=255.9 s1=247.2 s2=294.9 s3=513.7] n_steps=4
2026-07-29 22:50:44+05:30 2026-07-29 17:20:44,187 [INFO] FlashHeadStreamingEngine: ENGINE_BREAKDOWN deque=1.0ms ctx=0.3ms embed=24.5ms infer=1500.2ms xfer=37.3ms total=1563.2ms
2026-07-29 22:50:44+05:30 2026-07-29 17:20:44,219 [INFO] streaming.state_manager: [SM] IDLE -> TRANSITION_TO_LIVE (crossfade 8 frames, queue=24)
2026-07-29 22:50:44+05:30 2026-07-29 17:20:44,463 [INFO] streaming.state_manager: [SM] TRANSITION_TO_LIVE -> LIVE
2026-07-29 22:50:44+05:30 2026-07-29 17:20:44,538 [INFO] streaming.state_manager: [SM] TRANSITION_TO_LIVE -> LIVE
2026-07-29 22:50:44+05:30 2026-07-29 17:20:44,594 [INFO] handler: UTTERANCE_END_RECEIVED session=conc-test-2-50d159
2026-07-29 22:50:45+05:30 2026-07-29 17:20:45.491 | INFO     | flash_head.src.pipeline.flash_head_pipeline:generate:374 - [generate] GPU_BREAKDOWN denoise=1145.4ms decode=97.0ms color=10.2ms encode=83.6ms total=1343.2ms
2026-07-29 22:50:45+05:30 2026-07-29 17:20:45.492 | INFO     | flash_head.src.pipeline.flash_head_pipeline:generate:381 - [generate] DENOISE_STEPS total=1145.4ms steps=[s0=333.3 s1=287.8 s2=263.4 s3=260.8] n_steps=4
2026-07-29 22:50:45+05:30 2026-07-29 17:20:45,547 [INFO] FlashHeadStreamingEngine: ENGINE_BREAKDOWN deque=0.9ms ctx=0.3ms embed=35.3ms infer=1344.7ms xfer=54.2ms total=1435.5ms
2026-07-29 22:50:45+05:30 2026-07-29 17:20:45.585 | INFO     | flash_head.src.pipeline.flash_head_pipeline:generate:374 - [generate] GPU_BREAKDOWN denoise=1156.8ms decode=89.0ms color=49.9ms encode=43.4ms total=1350.0ms
2026-07-29 22:50:45+05:30 2026-07-29 17:20:45.585 | INFO     | flash_head.src.pipeline.flash_head_pipeline:generate:381 - [generate] DENOISE_STEPS total=1156.8ms steps=[s0=299.0 s1=293.5 s2=253.4 s3=310.8] n_steps=4
2026-07-29 22:50:45+05:30 2026-07-29 17:20:45,651 [INFO] FlashHeadStreamingEngine: ENGINE_BREAKDOWN deque=1.0ms ctx=0.3ms embed=35.8ms infer=1352.2ms xfer=64.2ms total=1453.5ms
2026-07-29 22:50:46+05:30 2026-07-29 17:20:46,782 [INFO] VideoPublisher: VIDEO_PUBLISH_METRICS windowMs=5040 frames=126 effectiveFps=25.0 liveFrames=78 repeatedLiveFrames=36 idleFrames=12 maxGapMs=44.9 maxCaptureMs=2.2
2026-07-29 22:50:46+05:30 2026-07-29 17:20:46,873 [INFO] handler: UTTERANCE_END_RECEIVED session=conc-test-3-d14b44
2026-07-29 22:50:47+05:30 2026-07-29 17:20:47,024 [INFO] streaming.state_manager: [SM] LIVE -> TRANSITION_TO_IDLE (crossfade 8 frames)
2026-07-29 22:50:47+05:30 2026-07-29 17:20:47.040 | INFO     | flash_head.src.pipeline.flash_head_pipeline:generate:374 - [generate] GPU_BREAKDOWN denoise=1335.3ms decode=88.8ms color=7.9ms encode=25.5ms total=1466.2ms
2026-07-29 22:50:47+05:30 2026-07-29 17:20:47.040 | INFO     | flash_head.src.pipeline.flash_head_pipeline:generate:381 - [generate] DENOISE_STEPS total=1335.3ms steps=[s0=350.9 s1=397.6 s2=307.4 s3=279.3] n_steps=4
2026-07-29 22:50:47+05:30 2026-07-29 17:20:47,100 [INFO] streaming.state_manager: [SM] LIVE -> TRANSITION_TO_IDLE (crossfade 8 frames)
2026-07-29 22:50:47+05:30 2026-07-29 17:20:47,120 [INFO] FlashHeadStreamingEngine: ENGINE_BREAKDOWN deque=1.0ms ctx=0.3ms embed=25.2ms infer=1467.0ms xfer=79.0ms total=1572.4ms
2026-07-29 22:50:47+05:30 2026-07-29 17:20:47,141 [INFO] streaming.state_manager: [SM] IDLE -> TRANSITION_TO_LIVE (crossfade 8 frames, queue=24)
2026-07-29 22:50:47+05:30 2026-07-29 17:20:47.239 | INFO     | flash_head.src.pipeline.flash_head_pipeline:generate:374 - [generate] GPU_BREAKDOWN denoise=1281.6ms decode=159.2ms color=16.3ms encode=56.8ms total=1515.1ms
2026-07-29 22:50:47+05:30 2026-07-29 17:20:47.239 | INFO     | flash_head.src.pipeline.flash_head_pipeline:generate:381 - [generate] DENOISE_STEPS total=1281.6ms steps=[s0=369.4 s1=381.7 s2=289.1 s3=241.5] n_steps=4
2026-07-29 22:50:47+05:30 2026-07-29 17:20:47,303 [INFO] FlashHeadStreamingEngine: ENGINE_BREAKDOWN deque=1.0ms ctx=0.3ms embed=50.8ms infer=1516.1ms xfer=63.3ms total=1631.4ms
2026-07-29 22:50:47+05:30 2026-07-29 17:20:47,303 [INFO] FlashHeadStreamingEngine: ENGINE_METRICS windowMs=5979 inputSamples=60800 inputRateHz=10169 pendingSamples=320 pendingSeconds=0.02 slices=4 avgInferenceMs=1393.2 maxInferenceMs=1516.1 frameQueue=24 audioQueue=0
2026-07-29 22:50:47+05:30 2026-07-29 17:20:47,339 [INFO] streaming.state_manager: [SM] IDLE -> TRANSITION_TO_LIVE (crossfade 8 frames, queue=24)
2026-07-29 22:50:47+05:30 2026-07-29 17:20:47,462 [INFO] streaming.state_manager: [SM] TRANSITION_TO_LIVE -> LIVE
2026-07-29 22:50:47+05:30 [METRICS] GPU_util=24% GPU_temp=45C GPU_mem=4.3GB/44.4GB (reserved=6.1GB) RSS=11886MB CPU_user=107.5s CPU_sys=11.1s sessions=3 pool=1/3
2026-07-29 22:50:47+05:30 2026-07-29 17:20:47,658 [INFO] streaming.state_manager: [SM] TRANSITION_TO_LIVE -> LIVE
2026-07-29 22:50:48+05:30 2026-07-29 17:20:48.361 | INFO     | flash_head.src.pipeline.flash_head_pipeline:generate:374 - [generate] GPU_BREAKDOWN denoise=962.4ms decode=87.1ms color=20.3ms encode=88.3ms total=1173.4ms
2026-07-29 22:50:48+05:30 2026-07-29 17:20:48.361 | INFO     | flash_head.src.pipeline.flash_head_pipeline:generate:381 - [generate] DENOISE_STEPS total=962.4ms steps=[s0=214.2 s1=254.6 s2=247.7 s3=245.9] n_steps=4
2026-07-29 22:50:48+05:30 2026-07-29 17:20:48,432 [INFO] FlashHeadStreamingEngine: ENGINE_BREAKDOWN deque=0.9ms ctx=0.3ms embed=66.3ms infer=1174.5ms xfer=70.1ms total=1312.2ms
2026-07-29 22:50:48+05:30 2026-07-29 17:20:48,433 [INFO] FlashHeadStreamingEngine: ENGINE_METRICS windowMs=5901 inputSamples=0 inputRateHz=0 pendingSamples=15360 pendingSeconds=0.96 slices=4 avgInferenceMs=1372.2 maxInferenceMs=1502.6 frameQueue=24 audioQueue=1
2026-07-29 22:50:48+05:30 2026-07-29 17:20:48.446 | INFO     | flash_head.src.pipeline.flash_head_pipeline:generate:374 - [generate] GPU_BREAKDOWN denoise=902.9ms decode=96.3ms color=65.8ms encode=19.3ms total=1091.7ms
2026-07-29 22:50:48+05:30 2026-07-29 17:20:48.446 | INFO     | flash_head.src.pipeline.flash_head_pipeline:generate:381 - [generate] DENOISE_STEPS total=902.9ms steps=[s0=265.2 s1=229.6 s2=262.1 s3=146.0] n_steps=4
2026-07-29 22:50:48+05:30 2026-07-29 17:20:48,516 [INFO] FlashHeadStreamingEngine: ENGINE_BREAKDOWN deque=1.0ms ctx=0.3ms embed=36.0ms infer=1092.5ms xfer=69.5ms total=1199.2ms
2026-07-29 22:50:48+05:30 2026-07-29 17:20:48,866 [INFO] VideoPublisher: VIDEO_PUBLISH_METRICS windowMs=5002 frames=125 effectiveFps=25.0 liveFrames=69 repeatedLiveFrames=33 idleFrames=23 maxGapMs=44.8 maxCaptureMs=1.1
2026-07-29 22:50:49+05:30 2026-07-29 17:20:49.684 | INFO     | flash_head.src.pipeline.flash_head_pipeline:generate:374 - [generate] GPU_BREAKDOWN denoise=986.8ms decode=89.7ms color=10.3ms encode=83.8ms total=1176.4ms
2026-07-29 22:50:49+05:30 2026-07-29 17:20:49.684 | INFO     | flash_head.src.pipeline.flash_head_pipeline:generate:381 - [generate] DENOISE_STEPS total=986.8ms steps=[s0=247.4 s1=250.8 s2=244.0 s3=244.6] n_steps=4
2026-07-29 22:50:49+05:30 2026-07-29 17:20:49,752 [INFO] FlashHeadStreamingEngine: ENGINE_BREAKDOWN deque=0.9ms ctx=0.3ms embed=73.0ms infer=1177.8ms xfer=66.7ms total=1318.7ms
2026-07-29 22:50:49+05:30 2026-07-29 17:20:49.765 | INFO     | flash_head.src.pipeline.flash_head_pipeline:generate:374 - [generate] GPU_BREAKDOWN denoise=1031.7ms decode=84.4ms color=64.7ms encode=17.1ms total=1212.2ms
2026-07-29 22:50:49+05:30 2026-07-29 17:20:49.766 | INFO     | flash_head.src.pipeline.flash_head_pipeline:generate:381 - [generate] DENOISE_STEPS total=1031.7ms steps=[s0=277.1 s1=227.0 s2=238.8 s3=288.8] n_steps=4
2026-07-29 22:50:49+05:30 2026-07-29 17:20:49,834 [INFO] FlashHeadStreamingEngine: ENGINE_BREAKDOWN deque=0.9ms ctx=0.3ms embed=27.3ms infer=1212.6ms xfer=67.9ms total=1309.0ms
2026-07-29 22:50:50+05:30 2026-07-29 17:20:50.219 | INFO     | flash_head.src.pipeline.flash_head_pipeline:generate:374 - [generate] GPU_BREAKDOWN denoise=271.7ms decode=72.5ms color=6.6ms encode=17.1ms total=368.2ms
2026-07-29 22:50:50+05:30 2026-07-29 17:20:50.219 | INFO     | flash_head.src.pipeline.flash_head_pipeline:generate:381 - [generate] DENOISE_STEPS total=271.7ms steps=[s0=72.3 s1=71.8 s2=62.4 s3=65.2] n_steps=4
2026-07-29 22:50:50+05:30 2026-07-29 17:20:50,295 [INFO] FlashHeadStreamingEngine: ENGINE_BREAKDOWN deque=1.0ms ctx=0.3ms embed=10.2ms infer=368.7ms xfer=75.1ms total=455.3ms
2026-07-29 22:50:50+05:30 2026-07-29 17:20:50,298 [INFO] stream_processor: UTTERANCE_DRAIN_STARTED session=conc-test-3-d14b44
2026-07-29 22:50:51+05:30 2026-07-29 17:20:51.174 | INFO     | flash_head.src.pipeline.flash_head_pipeline:generate:374 - [generate] GPU_BREAKDOWN denoise=265.3ms decode=73.0ms color=6.5ms encode=17.2ms total=362.4ms
2026-07-29 22:50:51+05:30 2026-07-29 17:20:51.174 | INFO     | flash_head.src.pipeline.flash_head_pipeline:generate:381 - [generate] DENOISE_STEPS total=265.3ms steps=[s0=68.4 s1=58.5 s2=69.2 s3=69.3] n_steps=4
2026-07-29 22:50:51+05:30 2026-07-29 17:20:51,222 [INFO] FlashHeadStreamingEngine: ENGINE_BREAKDOWN deque=0.9ms ctx=0.3ms embed=9.7ms infer=362.7ms xfer=47.8ms total=421.4ms
2026-07-29 22:50:51+05:30 2026-07-29 17:20:51,224 [INFO] streaming.state_manager: [SM] LIVE -> TRANSITION_TO_IDLE (crossfade 8 frames)
2026-07-29 22:50:51+05:30 2026-07-29 17:20:51,541 [INFO] streaming.state_manager: [SM] TRANSITION_TO_IDLE -> IDLE
2026-07-29 22:50:51+05:30 2026-07-29 17:20:51,684 [INFO] stream_processor: UTTERANCE_DRAIN_COMPLETED session=conc-test-2-50d159 cycles=3 elapsed=23326.6ms
2026-07-29 22:50:51+05:30 2026-07-29 17:20:51,821 [INFO] VideoPublisher: VIDEO_PUBLISH_METRICS windowMs=5039 frames=126 effectiveFps=25.0 liveFrames=91 repeatedLiveFrames=21 idleFrames=14 maxGapMs=45.3 maxCaptureMs=1.0
2026-07-29 22:50:52+05:30 2026-07-29 17:20:52.069 | INFO     | flash_head.src.pipeline.flash_head_pipeline:generate:374 - [generate] GPU_BREAKDOWN denoise=274.4ms decode=72.3ms color=7.9ms encode=17.4ms total=372.2ms
2026-07-29 22:50:52+05:30 2026-07-29 17:20:52.070 | INFO     | flash_head.src.pipeline.flash_head_pipeline:generate:381 - [generate] DENOISE_STEPS total=274.4ms steps=[s0=69.2 s1=65.2 s2=67.5 s3=72.5] n_steps=4
2026-07-29 22:50:52+05:30 2026-07-29 17:20:52,140 [INFO] FlashHeadStreamingEngine: ENGINE_BREAKDOWN deque=0.9ms ctx=0.3ms embed=9.4ms infer=372.8ms xfer=69.6ms total=453.0ms
2026-07-29 22:50:52+05:30 2026-07-29 17:20:52,140 [INFO] streaming.state_manager: [SM] IDLE -> TRANSITION_TO_LIVE (crossfade 8 frames, queue=24)
2026-07-29 22:50:52+05:30 2026-07-29 17:20:52,197 [INFO] stream_processor: UTTERANCE_DRAIN_STARTED session=conc-test-2-50d159
2026-07-29 22:50:52+05:30 2026-07-29 17:20:52,461 [INFO] streaming.state_manager: [SM] TRANSITION_TO_LIVE -> LIVE
2026-07-29 22:50:52+05:30 [METRICS] GPU_util=0% GPU_temp=43C GPU_mem=4.2GB/44.4GB (reserved=6.1GB) RSS=11886MB CPU_user=114.9s CPU_sys=11.7s sessions=3 pool=1/3
2026-07-29 22:50:53+05:30 2026-07-29 17:20:53,008 [INFO] handler: UTTERANCE_END_RECEIVED session=conc-test-2-50d159
2026-07-29 22:50:53+05:30 2026-07-29 17:20:53.043 | INFO     | flash_head.src.pipeline.flash_head_pipeline:generate:374 - [generate] GPU_BREAKDOWN denoise=280.6ms decode=76.4ms color=8.5ms encode=17.0ms total=382.7ms
2026-07-29 22:50:53+05:30 2026-07-29 17:20:53.043 | INFO     | flash_head.src.pipeline.flash_head_pipeline:generate:381 - [generate] DENOISE_STEPS total=280.6ms steps=[s0=70.3 s1=72.3 s2=71.3 s3=66.6] n_steps=4
2026-07-29 22:50:53+05:30 2026-07-29 17:20:53,111 [INFO] FlashHeadStreamingEngine: ENGINE_BREAKDOWN deque=1.0ms ctx=0.3ms embed=11.3ms infer=383.0ms xfer=67.9ms total=463.6ms
2026-07-29 22:50:53+05:30 2026-07-29 17:20:53,223 [INFO] streaming.state_manager: [SM] LIVE -> TRANSITION_TO_IDLE (crossfade 8 frames)
2026-07-29 22:50:53+05:30 2026-07-29 17:20:53,539 [INFO] streaming.state_manager: [SM] TRANSITION_TO_IDLE -> IDLE
2026-07-29 22:50:53+05:30 2026-07-29 17:20:53,668 [INFO] stream_processor: UTTERANCE_DRAIN_COMPLETED session=conc-test-3-d14b44 cycles=2 elapsed=3370.6ms
2026-07-29 22:50:53+05:30 2026-07-29 17:20:53,669 [INFO] FlashHeadStreamingEngine: ENGINE_METRICS windowMs=6365 inputSamples=53674 inputRateHz=8432 pendingSamples=1600 pendingSeconds=0.10 slices=4 avgInferenceMs=759.1 maxInferenceMs=1212.6 frameQueue=0 audioQueue=0
2026-07-29 22:50:53+05:30 2026-07-29 17:20:53,905 [INFO] VideoPublisher: VIDEO_PUBLISH_METRICS windowMs=5039 frames=126 effectiveFps=25.0 liveFrames=74 repeatedLiveFrames=21 idleFrames=31 maxGapMs=42.6 maxCaptureMs=0.9
2026-07-29 22:50:54+05:30 2026-07-29 17:20:54,584 [INFO] streaming.state_manager: [SM] LIVE -> TRANSITION_TO_IDLE (crossfade 8 frames)
2026-07-29 22:50:54+05:30 2026-07-29 17:20:54.783 | INFO     | flash_head.src.pipeline.flash_head_pipeline:generate:374 - [generate] GPU_BREAKDOWN denoise=938.8ms decode=96.9ms color=17.2ms encode=91.5ms total=1158.1ms
2026-07-29 22:50:54+05:30 2026-07-29 17:20:54.783 | INFO     | flash_head.src.pipeline.flash_head_pipeline:generate:381 - [generate] DENOISE_STEPS total=938.8ms steps=[s0=143.5 s1=270.4 s2=252.2 s3=272.7] n_steps=4
2026-07-29 22:50:54+05:30 2026-07-29 17:20:54,844 [INFO] FlashHeadStreamingEngine: ENGINE_BREAKDOWN deque=0.9ms ctx=0.4ms embed=14.8ms infer=1159.2ms xfer=60.4ms total=1235.7ms
2026-07-29 22:50:54+05:30 2026-07-29 17:20:54,844 [INFO] FlashHeadStreamingEngine: ENGINE_METRICS windowMs=6412 inputSamples=252074 inputRateHz=39316 pendingSamples=215040 pendingSeconds=13.44 slices=4 avgInferenceMs=773.2 maxInferenceMs=1177.8 frameQueue=24 audioQueue=0
2026-07-29 22:50:54+05:30 2026-07-29 17:20:54.852 | INFO     | flash_head.src.pipeline.flash_head_pipeline:generate:374 - [generate] GPU_BREAKDOWN denoise=978.7ms decode=100.6ms color=50.3ms encode=18.3ms total=1151.7ms
2026-07-29 22:50:54+05:30 2026-07-29 17:20:54.852 | INFO     | flash_head.src.pipeline.flash_head_pipeline:generate:381 - [generate] DENOISE_STEPS total=978.7ms steps=[s0=277.7 s1=253.2 s2=260.1 s3=187.7] n_steps=4
2026-07-29 22:50:54+05:30 2026-07-29 17:20:54,861 [INFO] streaming.state_manager: [SM] IDLE -> TRANSITION_TO_LIVE (crossfade 8 frames, queue=24)
2026-07-29 22:50:54+05:30 2026-07-29 17:20:54,921 [INFO] FlashHeadStreamingEngine: ENGINE_BREAKDOWN deque=0.9ms ctx=0.3ms embed=22.8ms infer=1154.0ms xfer=66.9ms total=1244.9ms
2026-07-29 22:50:54+05:30 2026-07-29 17:20:54,939 [INFO] streaming.state_manager: [SM] IDLE -> TRANSITION_TO_LIVE (crossfade 8 frames, queue=24)
2026-07-29 22:50:55+05:30 2026-07-29 17:20:55,181 [INFO] streaming.state_manager: [SM] TRANSITION_TO_LIVE -> LIVE
2026-07-29 22:50:55+05:30 2026-07-29 17:20:55,258 [INFO] streaming.state_manager: [SM] TRANSITION_TO_LIVE -> LIVE
2026-07-29 22:50:55+05:30 2026-07-29 17:20:55,298 [INFO] handler: UTTERANCE_END_RECEIVED session=conc-test-3-d14b44
2026-07-29 22:50:56+05:30 2026-07-29 17:20:56.045 | INFO     | flash_head.src.pipeline.flash_head_pipeline:generate:374 - [generate] GPU_BREAKDOWN denoise=941.2ms decode=88.3ms color=79.3ms encode=21.3ms total=1130.5ms
2026-07-29 22:50:56+05:30 2026-07-29 17:20:56.045 | INFO     | flash_head.src.pipeline.flash_head_pipeline:generate:381 - [generate] DENOISE_STEPS total=941.2ms steps=[s0=244.1 s1=243.4 s2=231.4 s3=222.3] n_steps=4
2026-07-29 22:50:56+05:30 2026-07-29 17:20:56,114 [INFO] FlashHeadStreamingEngine: ENGINE_BREAKDOWN deque=1.0ms ctx=0.3ms embed=68.5ms infer=1131.5ms xfer=67.8ms total=1269.1ms
2026-07-29 22:50:56+05:30 2026-07-29 17:20:56.122 | INFO     | flash_head.src.pipeline.flash_head_pipeline:generate:374 - [generate] GPU_BREAKDOWN denoise=946.2ms decode=77.1ms color=81.4ms encode=17.0ms total=1160.9ms
2026-07-29 22:50:56+05:30 2026-07-29 17:20:56.122 | INFO     | flash_head.src.pipeline.flash_head_pipeline:generate:381 - [generate] DENOISE_STEPS total=946.2ms steps=[s0=242.5 s1=242.2 s2=228.6 s3=232.9] n_steps=4
2026-07-29 22:50:56+05:30 2026-07-29 17:20:56,193 [INFO] FlashHeadStreamingEngine: ENGINE_BREAKDOWN deque=1.0ms ctx=0.3ms embed=29.1ms infer=1161.6ms xfer=70.4ms total=1262.3ms
2026-07-29 22:50:56+05:30 2026-07-29 17:20:56,862 [INFO] VideoPublisher: VIDEO_PUBLISH_METRICS windowMs=5040 frames=126 effectiveFps=25.0 liveFrames=56 repeatedLiveFrames=19 idleFrames=51 maxGapMs=45.6 maxCaptureMs=1.0
2026-07-29 22:50:57+05:30 2026-07-29 17:20:57.274 | INFO     | flash_head.src.pipeline.flash_head_pipeline:generate:374 - [generate] GPU_BREAKDOWN denoise=959.7ms decode=86.9ms color=7.3ms encode=25.6ms total=1085.7ms
2026-07-29 22:50:57+05:30 2026-07-29 17:20:57.274 | INFO     | flash_head.src.pipeline.flash_head_pipeline:generate:381 - [generate] DENOISE_STEPS total=959.7ms steps=[s0=205.7 s1=236.3 s2=262.2 s3=255.5] n_steps=4
2026-07-29 22:50:57+05:30 2026-07-29 17:20:57,364 [INFO] FlashHeadStreamingEngine: ENGINE_BREAKDOWN deque=0.9ms ctx=0.3ms embed=72.6ms infer=1086.2ms xfer=89.9ms total=1249.9ms
2026-07-29 22:50:57+05:30 2026-07-29 17:20:57.455 | INFO     | flash_head.src.pipeline.flash_head_pipeline:generate:374 - [generate] GPU_BREAKDOWN denoise=1000.9ms decode=153.1ms color=11.0ms encode=50.6ms total=1216.3ms
2026-07-29 22:50:57+05:30 2026-07-29 17:20:57.455 | INFO     | flash_head.src.pipeline.flash_head_pipeline:generate:381 - [generate] DENOISE_STEPS total=1000.9ms steps=[s0=248.3 s1=235.1 s2=275.6 s3=241.8] n_steps=4
2026-07-29 22:50:57+05:30 2026-07-29 17:20:57,512 [WARNING] VideoPublisher: VIDEO_PUBLISH_GAP gapMs=91.1 targetFps=25 frameSource=repeated_live
2026-07-29 22:50:57+05:30 2026-07-29 17:20:57,514 [WARNING] VideoPublisher: VIDEO_PUBLISH_GAP gapMs=90.5 targetFps=25 frameSource=live
2026-07-29 22:50:57+05:30 2026-07-29 17:20:57,528 [INFO] FlashHeadStreamingEngine: ENGINE_BREAKDOWN deque=0.9ms ctx=0.3ms embed=36.1ms infer=1217.4ms xfer=72.4ms total=1327.0ms
2026-07-29 22:50:57+05:30 [METRICS] GPU_util=19% GPU_temp=47C GPU_mem=4.3GB/44.4GB (reserved=6.1GB) RSS=11886MB CPU_user=123.4s CPU_sys=12.4s sessions=3 pool=1/3
2026-07-29 22:50:58+05:30 2026-07-29 17:20:58,481 [WARNING] stream_processor: LiveKit connect failed (attempt 1/3, 60491.2 ms): engine: connection error: wait_pc_connection timed out. connection_state=0 diag_events=[]
2026-07-29 22:50:58+05:30 Traceback (most recent call last):
2026-07-29 22:50:58+05:30   File "/app/streaming/stream_processor.py", line 479, in _run_streaming_session_native
2026-07-29 22:50:58+05:30     await room.connect(
2026-07-29 22:50:58+05:30   File "/usr/local/lib/python3.12/dist-packages/livekit/rtc/room.py", line 548, in connect
2026-07-29 22:50:58+05:30     raise ConnectError(cb.connect.error)
2026-07-29 22:50:58+05:30 livekit.rtc.room.ConnectError: engine: connection error: wait_pc_connection timed out
2026-07-29 22:50:58+05:30 2026-07-29 17:20:58,482 [ERROR] livekit: livekit_ffi::server::room:338:livekit_ffi::server::room - error while connecting to a room: engine: connection error: wait_pc_connection timed out
2026-07-29 22:50:58+05:30 2026-07-29 17:20:58.594 | INFO     | flash_head.src.pipeline.flash_head_pipeline:generate:374 - [generate] GPU_BREAKDOWN denoise=968.8ms decode=96.7ms color=18.6ms encode=92.2ms total=1189.4ms
2026-07-29 22:50:58+05:30 2026-07-29 17:20:58.594 | INFO     | flash_head.src.pipeline.flash_head_pipeline:generate:381 - [generate] DENOISE_STEPS total=968.8ms steps=[s0=232.5 s1=253.7 s2=236.1 s3=246.5] n_steps=4
2026-07-29 22:50:58+05:30 2026-07-29 17:20:58,665 [INFO] FlashHeadStreamingEngine: ENGINE_BREAKDOWN deque=0.9ms ctx=0.3ms embed=38.9ms infer=1195.6ms xfer=65.4ms total=1301.1ms
2026-07-29 22:50:58+05:30 2026-07-29 17:20:58.699 | INFO     | flash_head.src.pipeline.flash_head_pipeline:generate:374 - [generate] GPU_BREAKDOWN denoise=920.7ms decode=106.5ms color=65.5ms encode=40.0ms total=1135.2ms
2026-07-29 22:50:58+05:30 2026-07-29 17:20:58.699 | INFO     | flash_head.src.pipeline.flash_head_pipeline:generate:381 - [generate] DENOISE_STEPS total=920.7ms steps=[s0=245.7 s1=240.6 s2=247.6 s3=186.8] n_steps=4
2026-07-29 22:50:58+05:30 2026-07-29 17:20:58,761 [INFO] FlashHeadStreamingEngine: ENGINE_BREAKDOWN deque=1.0ms ctx=0.3ms embed=24.1ms infer=1136.7ms xfer=60.3ms total=1222.4ms
2026-07-29 22:50:58+05:30 2026-07-29 17:20:58,761 [INFO] FlashHeadStreamingEngine: ENGINE_METRICS windowMs=5092 inputSamples=60800 inputRateHz=11941 pendingSamples=960 pendingSeconds=0.06 slices=4 avgInferenceMs=1167.4 maxInferenceMs=1217.4 frameQueue=24 audioQueue=1
2026-07-29 22:50:58+05:30 2026-07-29 17:20:58,944 [INFO] VideoPublisher: VIDEO_PUBLISH_METRICS windowMs=5039 frames=126 effectiveFps=25.0 liveFrames=76 repeatedLiveFrames=35 idleFrames=15 maxGapMs=90.5 maxCaptureMs=1.2
2026-07-29 22:50:59+05:30 2026-07-29 17:20:59,486 [INFO] stream_processor: [NATIVE-DIAG] room.connect() attempt 2/3 starting | RoomOptions: auto_subscribe=True single_peer_connection=True connect_timeout=45.0 | url=wss://ai-14ksodzi.livekit.cloud
2026-07-29 22:50:59+05:30 2026-07-29 17:20:59,513 [INFO] livekit: livekit_api::signal_client::signal_stream:104:livekit_api::signal_client::signal_stream - connecting to wss://ai-14ksodzi.livekit.cloud/rtc/v1
2026-07-29 22:51:00+05:30 2026-07-29 17:21:00.066 | INFO     | flash_head.src.pipeline.flash_head_pipeline:generate:374 - [generate] GPU_BREAKDOWN denoise=1234.6ms decode=91.4ms color=7.3ms encode=25.6ms total=1369.6ms
2026-07-29 22:51:00+05:30 2026-07-29 17:21:00.066 | INFO     | flash_head.src.pipeline.flash_head_pipeline:generate:381 - [generate] DENOISE_STEPS total=1234.6ms steps=[s0=240.1 s1=252.5 s2=248.2 s3=493.7] n_steps=4
2026-07-29 22:51:00+05:30 2026-07-29 17:21:00,143 [INFO] streaming.state_manager: [SM] LIVE -> TRANSITION_TO_IDLE (crossfade 8 frames)
2026-07-29 22:51:00+05:30 2026-07-29 17:21:00,147 [INFO] FlashHeadStreamingEngine: ENGINE_BREAKDOWN deque=1.0ms ctx=0.3ms embed=29.1ms infer=1370.2ms xfer=80.2ms total=1480.8ms
2026-07-29 22:51:00+05:30 2026-07-29 17:21:00,147 [INFO] FlashHeadStreamingEngine: ENGINE_METRICS windowMs=5302 inputSamples=0 inputRateHz=0 pendingSamples=153600 pendingSeconds=9.60 slices=4 avgInferenceMs=1195.9 maxInferenceMs=1370.2 frameQueue=24 audioQueue=0
2026-07-29 22:51:00+05:30 2026-07-29 17:21:00,182 [INFO] streaming.state_manager: [SM] IDLE -> TRANSITION_TO_LIVE (crossfade 8 frames, queue=24)
2026-07-29 22:51:00+05:30 2026-07-29 17:21:00,221 [INFO] streaming.state_manager: [SM] LIVE -> TRANSITION_TO_IDLE (crossfade 8 frames)
2026-07-29 22:51:00+05:30 2026-07-29 17:21:00.267 | INFO     | flash_head.src.pipeline.flash_head_pipeline:generate:374 - [generate] GPU_BREAKDOWN denoise=1214.7ms decode=152.1ms color=14.0ms encode=67.9ms total=1450.6ms
2026-07-29 22:51:00+05:30 2026-07-29 17:21:00.267 | INFO     | flash_head.src.pipeline.flash_head_pipeline:generate:381 - [generate] DENOISE_STEPS total=1214.7ms steps=[s0=240.7 s1=253.1 s2=340.9 s3=380.0] n_steps=4
2026-07-29 22:51:00+05:30 2026-07-29 17:21:00,343 [INFO] FlashHeadStreamingEngine: ENGINE_BREAKDOWN deque=0.9ms ctx=0.3ms embed=43.7ms infer=1452.1ms xfer=74.3ms total=1571.4ms
2026-07-29 22:51:00+05:30 2026-07-29 17:21:00,379 [INFO] streaming.state_manager: [SM] IDLE -> TRANSITION_TO_LIVE (crossfade 8 frames, queue=24)
2026-07-29 22:51:00+05:30 2026-07-29 17:21:00,501 [INFO] streaming.state_manager: [SM] TRANSITION_TO_LIVE -> LIVE
2026-07-29 22:51:00+05:30 2026-07-29 17:21:00,698 [INFO] streaming.state_manager: [SM] TRANSITION_TO_LIVE -> LIVE
2026-07-29 22:51:01+05:30 2026-07-29 17:21:01,450 [INFO] handler: UTTERANCE_END_RECEIVED session=conc-test-2-50d159
2026-07-29 22:51:01+05:30 2026-07-29 17:21:01.644 | INFO     | flash_head.src.pipeline.flash_head_pipeline:generate:374 - [generate] GPU_BREAKDOWN denoise=1227.4ms decode=88.7ms color=23.1ms encode=90.9ms total=1444.1ms
2026-07-29 22:51:01+05:30 2026-07-29 17:21:01.644 | INFO     | flash_head.src.pipeline.flash_head_pipeline:generate:381 - [generate] DENOISE_STEPS total=1227.4ms steps=[s0=235.8 s1=328.3 s2=349.4 s3=313.9] n_steps=4
2026-07-29 22:51:01+05:30 2026-07-29 17:21:01,665 [INFO] streaming.state_manager: [SM] LIVE -> TRANSITION_TO_IDLE (crossfade 8 frames)
2026-07-29 22:51:01+05:30 2026-07-29 17:21:01,705 [INFO] FlashHeadStreamingEngine: ENGINE_BREAKDOWN deque=0.9ms ctx=0.3ms embed=51.4ms infer=1445.0ms xfer=60.1ms total=1557.7ms
2026-07-29 22:51:01+05:30 2026-07-29 17:21:01.736 | INFO     | flash_head.src.pipeline.flash_head_pipeline:generate:374 - [generate] GPU_BREAKDOWN denoise=1139.2ms decode=94.1ms color=55.4ms encode=36.0ms total=1327.6ms
2026-07-29 22:51:01+05:30 2026-07-29 17:21:01.736 | INFO     | flash_head.src.pipeline.flash_head_pipeline:generate:381 - [generate] DENOISE_STEPS total=1139.2ms steps=[s0=343.1 s1=345.7 s2=313.0 s3=137.4] n_steps=4
2026-07-29 22:51:01+05:30 2026-07-29 17:21:01,740 [INFO] streaming.state_manager: [SM] IDLE -> TRANSITION_TO_LIVE (crossfade 8 frames, queue=24)
2026-07-29 22:51:01+05:30 2026-07-29 17:21:01,806 [INFO] FlashHeadStreamingEngine: ENGINE_BREAKDOWN deque=1.0ms ctx=0.3ms embed=48.1ms infer=1328.9ms xfer=69.3ms total=1447.6ms
2026-07-29 22:51:01+05:30 2026-07-29 17:21:01,902 [INFO] VideoPublisher: VIDEO_PUBLISH_METRICS windowMs=5040 frames=126 effectiveFps=25.0 liveFrames=75 repeatedLiveFrames=39 idleFrames=12 maxGapMs=91.1 maxCaptureMs=1.3
2026-07-29 22:51:02+05:30 2026-07-29 17:21:02,062 [INFO] streaming.state_manager: [SM] TRANSITION_TO_LIVE -> LIVE
2026-07-29 22:51:02+05:30 [METRICS] GPU_util=26% GPU_temp=46C GPU_mem=4.4GB/44.4GB (reserved=6.1GB) RSS=11886MB CPU_user=133.2s CPU_sys=13.0s sessions=3 pool=1/3
2026-07-29 22:51:03+05:30 2026-07-29 17:21:03.073 | INFO     | flash_head.src.pipeline.flash_head_pipeline:generate:374 - [generate] GPU_BREAKDOWN denoise=1146.1ms decode=88.1ms color=13.0ms encode=88.8ms total=1343.8ms
2026-07-29 22:51:03+05:30 2026-07-29 17:21:03.073 | INFO     | flash_head.src.pipeline.flash_head_pipeline:generate:381 - [generate] DENOISE_STEPS total=1146.1ms steps=[s0=313.6 s1=266.3 s2=279.3 s3=287.0] n_steps=4
2026-07-29 22:51:03+05:30 2026-07-29 17:21:03,131 [INFO] FlashHeadStreamingEngine: ENGINE_BREAKDOWN deque=0.9ms ctx=0.3ms embed=22.6ms infer=1344.9ms xfer=56.8ms total=1425.6ms
2026-07-29 22:51:03+05:30 2026-07-29 17:21:03.146 | INFO     | flash_head.src.pipeline.flash_head_pipeline:generate:374 - [generate] GPU_BREAKDOWN denoise=1108.1ms decode=100.0ms color=52.3ms encode=20.4ms total=1285.7ms
2026-07-29 22:51:03+05:30 2026-07-29 17:21:03.146 | INFO     | flash_head.src.pipeline.flash_head_pipeline:generate:381 - [generate] DENOISE_STEPS total=1108.1ms steps=[s0=273.0 s1=290.6 s2=289.8 s3=254.6] n_steps=4
2026-07-29 22:51:03+05:30 2026-07-29 17:21:03,202 [INFO] FlashHeadStreamingEngine: ENGINE_BREAKDOWN deque=1.0ms ctx=0.3ms embed=30.6ms infer=1286.7ms xfer=55.2ms total=1373.7ms
2026-07-29 22:51:03+05:30 2026-07-29 17:21:03,682 [INFO] handler: UTTERANCE_END_RECEIVED session=conc-test-3-d14b44
2026-07-29 22:51:03+05:30 2026-07-29 17:21:03,944 [INFO] VideoPublisher: VIDEO_PUBLISH_METRICS windowMs=5000 frames=125 effectiveFps=25.0 liveFrames=72 repeatedLiveFrames=34 idleFrames=19 maxGapMs=44.4 maxCaptureMs=1.0
2026-07-29 22:51:04+05:30 2026-07-29 17:21:04.285 | INFO     | flash_head.src.pipeline.flash_head_pipeline:generate:374 - [generate] GPU_BREAKDOWN denoise=954.5ms decode=87.3ms color=10.3ms encode=34.9ms total=1090.7ms
2026-07-29 22:51:04+05:30 2026-07-29 17:21:04.285 | INFO     | flash_head.src.pipeline.flash_head_pipeline:generate:381 - [generate] DENOISE_STEPS total=954.5ms steps=[s0=246.7 s1=250.7 s2=227.9 s3=229.3] n_steps=4
2026-07-29 22:51:04+05:30 2026-07-29 17:21:04,375 [INFO] FlashHeadStreamingEngine: ENGINE_BREAKDOWN deque=0.9ms ctx=0.3ms embed=61.6ms infer=1096.1ms xfer=85.2ms total=1244.1ms
2026-07-29 22:51:04+05:30 2026-07-29 17:21:04.442 | INFO     | flash_head.src.pipeline.flash_head_pipeline:generate:374 - [generate] GPU_BREAKDOWN denoise=991.4ms decode=98.8ms color=32.2ms encode=69.7ms total=1194.5ms
2026-07-29 22:51:04+05:30 2026-07-29 17:21:04.442 | INFO     | flash_head.src.pipeline.flash_head_pipeline:generate:381 - [generate] DENOISE_STEPS total=991.4ms steps=[s0=275.3 s1=238.5 s2=226.8 s3=250.9] n_steps=4
2026-07-29 22:51:04+05:30 2026-07-29 17:21:04,501 [INFO] FlashHeadStreamingEngine: ENGINE_BREAKDOWN deque=1.0ms ctx=0.3ms embed=35.7ms infer=1195.5ms xfer=58.5ms total=1290.9ms
2026-07-29 22:51:04+05:30 2026-07-29 17:21:04,501 [INFO] FlashHeadStreamingEngine: ENGINE_METRICS windowMs=5740 inputSamples=60800 inputRateHz=10592 pendingSamples=320 pendingSeconds=0.02 slices=4 avgInferenceMs=1315.8 maxInferenceMs=1452.1 frameQueue=24 audioQueue=0
2026-07-29 22:51:05+05:30 2026-07-29 17:21:05.523 | INFO     | flash_head.src.pipeline.flash_head_pipeline:generate:374 - [generate] GPU_BREAKDOWN denoise=914.4ms decode=84.9ms color=22.1ms encode=90.4ms total=1124.7ms
2026-07-29 22:51:05+05:30 2026-07-29 17:21:05.523 | INFO     | flash_head.src.pipeline.flash_head_pipeline:generate:381 - [generate] DENOISE_STEPS total=914.4ms steps=[s0=191.5 s1=251.7 s2=217.7 s3=253.5] n_steps=4
2026-07-29 22:51:05+05:30 2026-07-29 17:21:05,585 [INFO] FlashHeadStreamingEngine: ENGINE_BREAKDOWN deque=0.9ms ctx=0.4ms embed=21.7ms infer=1125.4ms xfer=61.6ms total=1210.0ms
2026-07-29 22:51:05+05:30 2026-07-29 17:21:05,587 [INFO] FlashHeadStreamingEngine: ENGINE_METRICS windowMs=5440 inputSamples=0 inputRateHz=0 pendingSamples=92160 pendingSeconds=5.76 slices=4 avgInferenceMs=1252.8 maxInferenceMs=1445.0 frameQueue=24 audioQueue=0
2026-07-29 22:51:05+05:30 2026-07-29 17:21:05.615 | INFO     | flash_head.src.pipeline.flash_head_pipeline:generate:374 - [generate] GPU_BREAKDOWN denoise=879.9ms decode=102.0ms color=57.0ms encode=34.4ms total=1076.1ms
2026-07-29 22:51:05+05:30 2026-07-29 17:21:05.615 | INFO     | flash_head.src.pipeline.flash_head_pipeline:generate:381 - [generate] DENOISE_STEPS total=879.9ms steps=[s0=261.5 s1=225.8 s2=251.5 s3=141.2] n_steps=4
2026-07-29 22:51:05+05:30 2026-07-29 17:21:05,674 [INFO] FlashHeadStreamingEngine: ENGINE_BREAKDOWN deque=1.0ms ctx=0.3ms embed=22.2ms infer=1076.9ms xfer=58.8ms total=1159.2ms
2026-07-29 22:51:06+05:30 2026-07-29 17:21:06.850 | INFO     | flash_head.src.pipeline.flash_head_pipeline:generate:374 - [generate] GPU_BREAKDOWN denoise=1044.8ms decode=93.1ms color=10.3ms encode=84.9ms total=1238.9ms
2026-07-29 22:51:06+05:30 2026-07-29 17:21:06.850 | INFO     | flash_head.src.pipeline.flash_head_pipeline:generate:381 - [generate] DENOISE_STEPS total=1044.8ms steps=[s0=283.7 s1=236.4 s2=278.6 s3=246.0] n_steps=4
2026-07-29 22:51:06+05:30 2026-07-29 17:21:06,905 [INFO] FlashHeadStreamingEngine: ENGINE_BREAKDOWN deque=1.0ms ctx=0.3ms embed=22.3ms infer=1240.0ms xfer=54.2ms total=1317.7ms
2026-07-29 22:51:06+05:30 2026-07-29 17:21:06.940 | INFO     | flash_head.src.pipeline.flash_head_pipeline:generate:374 - [generate] GPU_BREAKDOWN denoise=1036.5ms decode=86.0ms color=50.1ms encode=40.3ms total=1226.3ms
2026-07-29 22:51:06+05:30 2026-07-29 17:21:06.940 | INFO     | flash_head.src.pipeline.flash_head_pipeline:generate:381 - [generate] DENOISE_STEPS total=1036.5ms steps=[s0=250.9 s1=229.9 s2=280.1 s3=275.6] n_steps=4
2026-07-29 22:51:06+05:30 2026-07-29 17:21:06,941 [INFO] VideoPublisher: VIDEO_PUBLISH_METRICS windowMs=5039 frames=126 effectiveFps=25.0 liveFrames=93 repeatedLiveFrames=33 idleFrames=0 maxGapMs=44.9 maxCaptureMs=1.3
2026-07-29 22:51:06+05:30 2026-07-29 17:21:06,989 [INFO] FlashHeadStreamingEngine: ENGINE_BREAKDOWN deque=0.9ms ctx=0.3ms embed=29.6ms infer=1226.9ms xfer=48.4ms total=1306.2ms
2026-07-29 22:51:07+05:30 [METRICS] GPU_util=26% GPU_temp=47C GPU_mem=4.4GB/44.4GB (reserved=6.1GB) RSS=11886MB CPU_user=143.3s CPU_sys=13.7s sessions=3 pool=1/3
2026-07-29 22:51:08+05:30 2026-07-29 17:21:08.077 | INFO     | flash_head.src.pipeline.flash_head_pipeline:generate:374 - [generate] GPU_BREAKDOWN denoise=1015.8ms decode=88.1ms color=7.8ms encode=25.2ms total=1147.1ms
2026-07-29 22:51:08+05:30 2026-07-29 17:21:08.078 | INFO     | flash_head.src.pipeline.flash_head_pipeline:generate:381 - [generate] DENOISE_STEPS total=1015.8ms steps=[s0=260.9 s1=250.1 s2=251.0 s3=253.8] n_steps=4
2026-07-29 22:51:08+05:30 2026-07-29 17:21:08,158 [INFO] FlashHeadStreamingEngine: ENGINE_BREAKDOWN deque=0.9ms ctx=0.3ms embed=23.8ms infer=1147.9ms xfer=79.7ms total=1252.6ms
2026-07-29 22:51:08+05:30 2026-07-29 17:21:08.280 | INFO     | flash_head.src.pipeline.flash_head_pipeline:generate:374 - [generate] GPU_BREAKDOWN denoise=1000.6ms decode=161.2ms color=12.8ms encode=62.2ms total=1237.8ms
2026-07-29 22:51:08+05:30 2026-07-29 17:21:08.280 | INFO     | flash_head.src.pipeline.flash_head_pipeline:generate:381 - [generate] DENOISE_STEPS total=1000.6ms steps=[s0=262.3 s1=255.1 s2=253.2 s3=230.0] n_steps=4
2026-07-29 22:51:08+05:30 2026-07-29 17:21:08,359 [INFO] FlashHeadStreamingEngine: ENGINE_BREAKDOWN deque=0.9ms ctx=0.3ms embed=42.5ms infer=1239.5ms xfer=77.0ms total=1360.2ms
2026-07-29 22:51:08+05:30 2026-07-29 17:21:08,946 [INFO] VideoPublisher: VIDEO_PUBLISH_METRICS windowMs=5001 frames=125 effectiveFps=25.0 liveFrames=95 repeatedLiveFrames=30 idleFrames=0 maxGapMs=45.1 maxCaptureMs=1.0
2026-07-29 22:51:09+05:30 2026-07-29 17:21:09,622 [INFO] streaming.state_manager: [SM] LIVE -> TRANSITION_TO_IDLE (crossfade 8 frames)
2026-07-29 22:51:09+05:30 2026-07-29 17:21:09.632 | INFO     | flash_head.src.pipeline.flash_head_pipeline:generate:374 - [generate] GPU_BREAKDOWN denoise=1206.1ms decode=88.9ms color=15.2ms encode=91.2ms total=1414.3ms
2026-07-29 22:51:09+05:30 2026-07-29 17:21:09.633 | INFO     | flash_head.src.pipeline.flash_head_pipeline:generate:381 - [generate] DENOISE_STEPS total=1206.1ms steps=[s0=227.8 s1=295.4 s2=366.1 s3=316.9] n_steps=4
2026-07-29 22:51:09+05:30 2026-07-29 17:21:09,697 [INFO] FlashHeadStreamingEngine: ENGINE_BREAKDOWN deque=1.0ms ctx=0.3ms embed=58.4ms infer=1416.9ms xfer=62.2ms total=1538.8ms
2026-07-29 22:51:09+05:30 2026-07-29 17:21:09,705 [INFO] streaming.state_manager: [SM] IDLE -> TRANSITION_TO_LIVE (crossfade 8 frames, queue=24)
2026-07-29 22:51:09+05:30 2026-07-29 17:21:09.707 | INFO     | flash_head.src.pipeline.flash_head_pipeline:generate:374 - [generate] GPU_BREAKDOWN denoise=1135.1ms decode=97.9ms color=57.2ms encode=17.2ms total=1309.5ms
2026-07-29 22:51:09+05:30 2026-07-29 17:21:09.707 | INFO     | flash_head.src.pipeline.flash_head_pipeline:generate:381 - [generate] DENOISE_STEPS total=1135.1ms steps=[s0=282.2 s1=352.5 s2=334.5 s3=165.9] n_steps=4
2026-07-29 22:51:09+05:30 2026-07-29 17:21:09,769 [INFO] FlashHeadStreamingEngine: ENGINE_BREAKDOWN deque=1.0ms ctx=0.3ms embed=27.2ms infer=1313.1ms xfer=58.4ms total=1399.9ms
2026-07-29 22:51:09+05:30 2026-07-29 17:21:09,769 [INFO] FlashHeadStreamingEngine: ENGINE_METRICS windowMs=5267 inputSamples=62400 inputRateHz=11846 pendingSamples=1280 pendingSeconds=0.08 slices=4 avgInferenceMs=1214.1 maxInferenceMs=1313.1 frameQueue=24 audioQueue=0
2026-07-29 22:51:09+05:30 2026-07-29 17:21:09,867 [INFO] handler: UTTERANCE_END_RECEIVED session=conc-test-2-50d159
2026-07-29 22:51:10+05:30 2026-07-29 17:21:10,022 [INFO] streaming.state_manager: [SM] TRANSITION_TO_LIVE -> LIVE
2026-07-29 22:51:10+05:30 2026-07-29 17:21:10.973 | INFO     | flash_head.src.pipeline.flash_head_pipeline:generate:374 - [generate] GPU_BREAKDOWN denoise=1022.8ms decode=88.7ms color=22.2ms encode=20.3ms total=1214.1ms
2026-07-29 22:51:10+05:30 2026-07-29 17:21:10.974 | INFO     | flash_head.src.pipeline.flash_head_pipeline:generate:381 - [generate] DENOISE_STEPS total=1022.8ms steps=[s0=273.2 s1=242.3 s2=244.3 s3=262.9] n_steps=4
2026-07-29 22:51:11+05:30 2026-07-29 17:21:11,037 [INFO] FlashHeadStreamingEngine: ENGINE_BREAKDOWN deque=0.9ms ctx=0.3ms embed=60.8ms infer=1215.0ms xfer=62.7ms total=1339.7ms
2026-07-29 22:51:11+05:30 2026-07-29 17:21:11,037 [INFO] FlashHeadStreamingEngine: ENGINE_METRICS windowMs=5450 inputSamples=0 inputRateHz=0 pendingSamples=30720 pendingSeconds=1.92 slices=4 avgInferenceMs=1255.0 maxInferenceMs=1416.9 frameQueue=24 audioQueue=0
2026-07-29 22:51:11+05:30 2026-07-29 17:21:11.046 | INFO     | flash_head.src.pipeline.flash_head_pipeline:generate:374 - [generate] GPU_BREAKDOWN denoise=1049.0ms decode=79.7ms color=76.3ms encode=16.9ms total=1222.4ms
2026-07-29 22:51:11+05:30 2026-07-29 17:21:11.046 | INFO     | flash_head.src.pipeline.flash_head_pipeline:generate:381 - [generate] DENOISE_STEPS total=1049.0ms steps=[s0=262.4 s1=244.7 s2=245.0 s3=296.9] n_steps=4
2026-07-29 22:51:11+05:30 2026-07-29 17:21:11,107 [INFO] FlashHeadStreamingEngine: ENGINE_BREAKDOWN deque=1.1ms ctx=0.3ms embed=33.4ms infer=1223.3ms xfer=60.1ms total=1318.1ms
2026-07-29 22:51:11+05:30 2026-07-29 17:21:11,942 [INFO] VideoPublisher: VIDEO_PUBLISH_METRICS windowMs=5000 frames=125 effectiveFps=25.0 liveFrames=93 repeatedLiveFrames=32 idleFrames=0 maxGapMs=47.1 maxCaptureMs=1.0
2026-07-29 22:51:12+05:30 2026-07-29 17:21:12,082 [INFO] handler: UTTERANCE_END_RECEIVED session=conc-test-3-d14b44
2026-07-29 22:51:12+05:30 2026-07-29 17:21:12.416 | INFO     | flash_head.src.pipeline.flash_head_pipeline:generate:374 - [generate] GPU_BREAKDOWN denoise=1100.3ms decode=85.7ms color=15.9ms encode=40.3ms total=1314.8ms
2026-07-29 22:51:12+05:30 2026-07-29 17:21:12.416 | INFO     | flash_head.src.pipeline.flash_head_pipeline:generate:374 - [generate] GPU_BREAKDOWN denoise=1079.1ms decode=104.6ms color=15.7ms encode=40.6ms total=1265.0ms
2026-07-29 22:51:12+05:30 2026-07-29 17:21:12.416 | INFO     | flash_head.src.pipeline.flash_head_pipeline:generate:381 - [generate] DENOISE_STEPS total=1100.3ms steps=[s0=269.9 s1=278.1 s2=268.9 s3=283.4] n_steps=4
2026-07-29 22:51:12+05:30 2026-07-29 17:21:12.416 | INFO     | flash_head.src.pipeline.flash_head_pipeline:generate:381 - [generate] DENOISE_STEPS total=1079.1ms steps=[s0=253.1 s1=274.6 s2=279.5 s3=271.9] n_steps=4
2026-07-29 22:51:12+05:30 2026-07-29 17:21:12,481 [INFO] FlashHeadStreamingEngine: ENGINE_BREAKDOWN deque=0.9ms ctx=0.3ms embed=62.4ms infer=1315.6ms xfer=64.9ms total=1444.1ms
2026-07-29 22:51:12+05:30 2026-07-29 17:21:12,529 [INFO] FlashHeadStreamingEngine: ENGINE_BREAKDOWN deque=1.0ms ctx=0.3ms embed=30.6ms infer=1265.7ms xfer=112.2ms total=1409.8ms
2026-07-29 22:51:12+05:30 [METRICS] GPU_util=20% GPU_temp=48C GPU_mem=4.4GB/44.4GB (reserved=6.1GB) RSS=11886MB CPU_user=152.8s CPU_sys=14.4s sessions=3 pool=1/3
2026-07-29 22:51:13+05:30 2026-07-29 17:21:13.722 | INFO     | flash_head.src.pipeline.flash_head_pipeline:generate:374 - [generate] GPU_BREAKDOWN denoise=1003.5ms decode=89.1ms color=12.8ms encode=89.8ms total=1199.1ms
2026-07-29 22:51:13+05:30 2026-07-29 17:21:13.722 | INFO     | flash_head.src.pipeline.flash_head_pipeline:generate:381 - [generate] DENOISE_STEPS total=1003.5ms steps=[s0=241.8 s1=239.8 s2=275.6 s3=246.3] n_steps=4
2026-07-29 22:51:13+05:30 2026-07-29 17:21:13,768 [INFO] FlashHeadStreamingEngine: ENGINE_BREAKDOWN deque=0.9ms ctx=0.3ms embed=39.4ms infer=1200.3ms xfer=45.4ms total=1286.3ms
2026-07-29 22:51:13+05:30 2026-07-29 17:21:13.780 | INFO     | flash_head.src.pipeline.flash_head_pipeline:generate:374 - [generate] GPU_BREAKDOWN denoise=1047.6ms decode=100.2ms color=41.0ms encode=17.0ms total=1210.9ms
2026-07-29 22:51:13+05:30 2026-07-29 17:21:13.780 | INFO     | flash_head.src.pipeline.flash_head_pipeline:generate:381 - [generate] DENOISE_STEPS total=1047.6ms steps=[s0=247.4 s1=254.2 s2=263.2 s3=282.8] n_steps=4
2026-07-29 22:51:13+05:30 2026-07-29 17:21:13,833 [INFO] FlashHeadStreamingEngine: ENGINE_BREAKDOWN deque=1.0ms ctx=0.3ms embed=25.0ms infer=1211.2ms xfer=52.7ms total=1290.1ms
2026-07-29 22:51:13+05:30 2026-07-29 17:21:13,986 [INFO] VideoPublisher: VIDEO_PUBLISH_METRICS windowMs=5040 frames=126 effectiveFps=25.0 liveFrames=75 repeatedLiveFrames=41 idleFrames=10 maxGapMs=48.6 maxCaptureMs=1.2
2026-07-29 22:51:14+05:30 2026-07-29 17:21:14.200 | INFO     | flash_head.src.pipeline.flash_head_pipeline:generate:374 - [generate] GPU_BREAKDOWN denoise=248.4ms decode=75.8ms color=6.4ms encode=19.4ms total=350.3ms
2026-07-29 22:51:14+05:30 2026-07-29 17:21:14.200 | INFO     | flash_head.src.pipeline.flash_head_pipeline:generate:381 - [generate] DENOISE_STEPS total=248.4ms steps=[s0=65.8 s1=56.2 s2=69.7 s3=56.7] n_steps=4
2026-07-29 22:51:14+05:30 2026-07-29 17:21:14,259 [INFO] FlashHeadStreamingEngine: ENGINE_BREAKDOWN deque=1.0ms ctx=0.3ms embed=10.2ms infer=350.7ms xfer=58.4ms total=420.5ms
2026-07-29 22:51:14+05:30 2026-07-29 17:21:14,259 [INFO] streaming.state_manager: [SM] Dropped 7 stale frames to protect A/V sync (qsize now 30)
2026-07-29 22:51:14+05:30 2026-07-29 17:21:14,267 [INFO] stream_processor: UTTERANCE_DRAIN_STARTED session=conc-test-3-d14b44
2026-07-29 22:51:14+05:30 2026-07-29 17:21:14,469 [INFO] handler: WS_REQUEST_RECEIVED session=conc-test-1-2111da origin= ip=172.20.34.19
2026-07-29 22:51:14+05:30 2026-07-29 17:21:14,469 [INFO] handler: WS_CONNECT session=conc-test-1-2111da origin= ip=172.20.34.19 handlerMs=0.5
2026-07-29 22:51:14+05:30 2026-07-29 17:21:14,606 [WARNING] livekit: livekit::rtc_engine:516:livekit::rtc_engine - failed to connect: Connection("wait_pc_connection timed out"), retrying... (1/3)
2026-07-29 22:51:14+05:30 2026-07-29 17:21:14,632 [INFO] livekit: livekit_api::signal_client::signal_stream:104:livekit_api::signal_client::signal_stream - connecting to wss://ai-14ksodzi.livekit.cloud/rtc/v1
2026-07-29 22:51:14+05:30 2026-07-29 17:21:14,883 [INFO] stream_processor: Successfully connected to LiveKit room=prewarm-4cd6035a (attempt 2, 15396.6 ms). events=0
2026-07-29 22:51:14+05:30 2026-07-29 17:21:14,883 [INFO] stream_processor: [NATIVE-DIAG] post-connect state: connection_state=1 local_participant_identity=aivatar-worker-prewarm-4cd6035a
2026-07-29 22:51:14+05:30 2026-07-29 17:21:14,888 [INFO] stream_processor: [NATIVE-DIAG] {'event': 'connection_state_changed', 't': 76.898, 'state': '1'}
2026-07-29 22:51:14+05:30 2026-07-29 17:21:14,981 [INFO] stream_processor: IDLE_FALLBACK_PUBLISHED session=conc-test-1-2111da
2026-07-29 22:51:14+05:30 2026-07-29 17:21:14,984 [INFO] VideoPublisher: [VP-DIAG] First non-None frame received after 0 None ticks (~0.0s). Creating track...
2026-07-29 22:51:14+05:30 2026-07-29 17:21:14,984 [INFO] VideoPublisher: [VP-DIAG] Creating video track 512x512
2026-07-29 22:51:14+05:30 2026-07-29 17:21:14,985 [INFO] VideoPublisher: [VP-DIAG] Calling publish_track()...
2026-07-29 22:51:14+05:30 2026-07-29 17:21:14,991 [INFO] VideoPublisher: [VP-DIAG] publish_track() completed in 5.7 ms
2026-07-29 22:51:14+05:30 2026-07-29 17:21:14,995 [INFO] stream_processor: IDLE_TRACK_PUBLISHED session=conc-test-1-2111da room=prewarm-4cd6035a
2026-07-29 22:51:14+05:30 2026-07-29 17:21:14,997 [INFO] stream_processor: [NATIVE-DIAG] {'event': 'local_track_published', 't': 77.007, 'sid': 'TR_VC8HKeuEXWG7HW', 'kind': 2}
2026-07-29 22:51:14+05:30 2026-07-29 17:21:14,998 [INFO] livekit: livekit::room::e2ee::manager:179:livekit::room::e2ee::manager - packet_trailer not enabled for published track TR_VC8HKeuEXWG7HW from aivatar-worker-prewarm-4cd6035a
2026-07-29 22:51:15+05:30 2026-07-29 17:21:15,012 [INFO] livekit: livekit::rtc_engine::peer_transport:447:livekit::rtc_engine::peer_transport - Applying x-google-start-bitrate=2700 kbps (ultimate_bps=Some(3000000))
2026-07-29 22:51:15+05:30 2026-07-29 17:21:15,013 [INFO] livekit: livekit::rtc_engine::peer_transport:455:livekit::rtc_engine::peer_transport - SDP munged successfully for video codec
2026-07-29 22:51:15+05:30 2026-07-29 17:21:15,225 [INFO] streaming.state_manager: [SM] LIVE -> TRANSITION_TO_IDLE (crossfade 8 frames)
2026-07-29 22:51:15+05:30 2026-07-29 17:21:15,288 [INFO] stream_processor: Prepared avatar for session=conc-test-1-2111da source=https://raw.githubusercontent.com/pk24100/aivatar-images/main/Gemini_Generated_Image_w71c52w71c52w71c.png in 291.6 ms
2026-07-29 22:51:15+05:30 2026-07-29 17:21:15,541 [INFO] streaming.state_manager: [SM] TRANSITION_TO_IDLE -> IDLE
2026-07-29 22:51:15+05:30 2026-07-29 17:21:15,708 [INFO] stream_processor: UTTERANCE_DRAIN_COMPLETED session=conc-test-2-50d159 cycles=3 elapsed=23511.3ms
2026-07-29 22:51:15+05:30 2026-07-29 17:21:15,981 [INFO] streaming.state_manager: [SM] LIVE -> TRANSITION_TO_IDLE (crossfade 8 frames)
2026-07-29 22:51:16+05:30 2026-07-29 17:21:16.009 | INFO     | flash_head.src.pipeline.flash_head_pipeline:generate:374 - [generate] GPU_BREAKDOWN denoise=910.5ms decode=133.6ms color=27.4ms encode=83.3ms total=1161.7ms
2026-07-29 22:51:16+05:30 2026-07-29 17:21:16.009 | INFO     | flash_head.src.pipeline.flash_head_pipeline:generate:381 - [generate] DENOISE_STEPS total=910.5ms steps=[s0=100.8 s1=257.3 s2=234.9 s3=317.6] n_steps=4
2026-07-29 22:51:16+05:30 2026-07-29 17:21:16,074 [INFO] FlashHeadStreamingEngine: ENGINE_BREAKDOWN deque=0.9ms ctx=0.4ms embed=46.5ms infer=1163.1ms xfer=63.7ms total=1274.6ms
2026-07-29 22:51:16+05:30 2026-07-29 17:21:16,074 [INFO] FlashHeadStreamingEngine: ENGINE_METRICS windowMs=6305 inputSamples=66474 inputRateHz=10543 pendingSamples=0 pendingSeconds=0.00 slices=5 avgInferenceMs=1042.8 maxInferenceMs=1265.7 frameQueue=24 audioQueue=0
2026-07-29 22:51:16+05:30 2026-07-29 17:21:16,099 [INFO] streaming.state_manager: [SM] IDLE -> TRANSITION_TO_LIVE (crossfade 8 frames, queue=24)
2026-07-29 22:51:16+05:30 2026-07-29 17:21:16,419 [INFO] streaming.state_manager: [SM] TRANSITION_TO_LIVE -> LIVE
2026-07-29 22:51:16+05:30 2026-07-29 17:21:16,982 [INFO] VideoPublisher: VIDEO_PUBLISH_METRICS windowMs=5040 frames=126 effectiveFps=25.0 liveFrames=83 repeatedLiveFrames=32 idleFrames=11 maxGapMs=45.2 maxCaptureMs=1.0
2026-07-29 22:51:17+05:30 2026-07-29 17:21:17.008 | INFO     | flash_head.src.pipeline.flash_head_pipeline:generate:374 - [generate] GPU_BREAKDOWN denoise=1517.0ms decode=103.6ms color=13.5ms encode=39.6ms total=1679.6ms
2026-07-29 22:51:17+05:30 2026-07-29 17:21:17.008 | INFO     | flash_head.src.pipeline.flash_head_pipeline:generate:381 - [generate] DENOISE_STEPS total=1517.0ms steps=[s0=308.5 s1=521.1 s2=334.9 s3=352.5] n_steps=4
2026-07-29 22:51:17+05:30 2026-07-29 17:21:17,071 [INFO] FlashHeadStreamingEngine: ENGINE_BREAKDOWN deque=1.0ms ctx=0.2ms embed=31.4ms infer=1680.3ms xfer=61.9ms total=1774.8ms
2026-07-29 22:51:17+05:30 2026-07-29 17:21:17,073 [INFO] AudioPublisher: [AP-DIAG] Calling publish_track()...
2026-07-29 22:51:17+05:30 2026-07-29 17:21:17,082 [INFO] AudioPublisher: [AP-DIAG] publish_track() completed in 8.6 ms (16000 Hz, 1 ch)
2026-07-29 22:51:17+05:30 2026-07-29 17:21:17,085 [INFO] stream_processor: [NATIVE-DIAG] {'event': 'local_track_published', 't': 79.095, 'sid': 'TR_AM2JJuFUFCFNr9', 'kind': 1}
2026-07-29 22:51:17+05:30 2026-07-29 17:21:17,113 [INFO] streaming.state_manager: [SM] IDLE -> TRANSITION_TO_LIVE (crossfade 8 frames, queue=24)
2026-07-29 22:51:17+05:30 2026-07-29 17:21:17,114 [INFO] livekit: livekit::rtc_engine::peer_transport:447:livekit::rtc_engine::peer_transport - Applying x-google-start-bitrate=2700 kbps (ultimate_bps=Some(3000000))
2026-07-29 22:51:17+05:30 2026-07-29 17:21:17,424 [INFO] streaming.state_manager: [SM] TRANSITION_TO_LIVE -> LIVE
2026-07-29 22:51:17+05:30 2026-07-29 17:21:17.562 | INFO     | flash_head.src.pipeline.flash_head_pipeline:generate:374 - [generate] GPU_BREAKDOWN denoise=1622.5ms decode=93.6ms color=19.0ms encode=42.8ms total=1786.9ms
2026-07-29 22:51:17+05:30 2026-07-29 17:21:17.562 | INFO     | flash_head.src.pipeline.flash_head_pipeline:generate:381 - [generate] DENOISE_STEPS total=1622.5ms steps=[s0=472.5 s1=387.0 s2=319.9 s3=443.1] n_steps=4
2026-07-29 22:51:17+05:30 2026-07-29 17:21:17,580 [INFO] streaming.state_manager: [SM] LIVE -> TRANSITION_TO_IDLE (crossfade 8 frames)
2026-07-29 22:51:17+05:30 2026-07-29 17:21:17,632 [INFO] FlashHeadStreamingEngine: ENGINE_BREAKDOWN deque=1.0ms ctx=0.3ms embed=54.5ms infer=1788.3ms xfer=68.4ms total=1912.4ms
2026-07-29 22:51:17+05:30 2026-07-29 17:21:17,632 [INFO] FlashHeadStreamingEngine: ENGINE_METRICS windowMs=6595 inputSamples=16000 inputRateHz=2426 pendingSamples=640 pendingSeconds=0.04 slices=3 avgInferenceMs=1434.7 maxInferenceMs=1788.3 frameQueue=24 audioQueue=1
2026-07-29 22:51:17+05:30 2026-07-29 17:21:17,662 [INFO] streaming.state_manager: [SM] IDLE -> TRANSITION_TO_LIVE (crossfade 8 frames, queue=24)
2026-07-29 22:51:17+05:30 [METRICS] GPU_util=62% GPU_temp=47C GPU_mem=4.3GB/44.4GB (reserved=6.1GB) RSS=11886MB CPU_user=161.9s CPU_sys=15.1s sessions=3 pool=0/3
2026-07-29 22:51:17+05:30 2026-07-29 17:21:17,899 [INFO] streaming.state_manager: [SM] TRANSITION_TO_IDLE -> IDLE
2026-07-29 22:51:17+05:30 2026-07-29 17:21:17,982 [INFO] streaming.state_manager: [SM] TRANSITION_TO_LIVE -> LIVE
2026-07-29 22:51:18+05:30 2026-07-29 17:21:18,062 [INFO] stream_processor: UTTERANCE_DRAIN_COMPLETED session=conc-test-3-d14b44 cycles=2 elapsed=3795.2ms
2026-07-29 22:51:18+05:30 2026-07-29 17:21:18,152 [INFO] handler: UTTERANCE_END_RECEIVED session=conc-test-1-2111da
2026-07-29 22:51:18+05:30 2026-07-29 17:21:18,230 [INFO] handler: UTTERANCE_END_RECEIVED session=conc-test-2-50d159
2026-07-29 22:51:18+05:30 2026-07-29 17:21:18,586 [INFO] streaming.state_manager: [SM] LIVE -> TRANSITION_TO_IDLE (crossfade 8 frames)
2026-07-29 22:51:18+05:30 2026-07-29 17:21:18,902 [INFO] streaming.state_manager: [SM] TRANSITION_TO_IDLE -> IDLE
2026-07-29 22:51:19+05:30 2026-07-29 17:21:19,025 [INFO] VideoPublisher: VIDEO_PUBLISH_METRICS windowMs=5039 frames=126 effectiveFps=25.0 liveFrames=35 repeatedLiveFrames=22 idleFrames=69 maxGapMs=47.7 maxCaptureMs=2.2
2026-07-29 22:51:19+05:30 2026-07-29 17:21:19,146 [INFO] streaming.state_manager: [SM] LIVE -> TRANSITION_TO_IDLE (crossfade 8 frames)
2026-07-29 22:51:19+05:30 2026-07-29 17:21:19.415 | INFO     | flash_head.src.pipeline.flash_head_pipeline:generate:374 - [generate] GPU_BREAKDOWN denoise=1969.2ms decode=124.1ms color=19.1ms encode=77.0ms total=2198.3ms
2026-07-29 22:51:19+05:30 2026-07-29 17:21:19.415 | INFO     | flash_head.src.pipeline.flash_head_pipeline:generate:381 - [generate] DENOISE_STEPS total=1969.2ms steps=[s0=283.1 s1=406.7 s2=578.5 s3=701.0] n_steps=4
2026-07-29 22:51:19+05:30 2026-07-29 17:21:19,461 [INFO] streaming.state_manager: [SM] TRANSITION_TO_IDLE -> IDLE
2026-07-29 22:51:19+05:30 2026-07-29 17:21:19,485 [INFO] FlashHeadStreamingEngine: ENGINE_BREAKDOWN deque=1.0ms ctx=0.2ms embed=113.0ms infer=2199.7ms xfer=68.1ms total=2382.0ms
2026-07-29 22:51:19+05:30 2026-07-29 17:21:19,502 [INFO] streaming.state_manager: [SM] IDLE -> TRANSITION_TO_LIVE (crossfade 8 frames, queue=24)
2026-07-29 22:51:19+05:30 2026-07-29 17:21:19,602 [INFO] stream_processor: [NATIVE-DIAG] {'event': 'quality_changed', 't': 81.613, 'participant': 'aivatar-worker-prewarm-4cd6035a', 'quality': '2'}
2026-07-29 22:51:19+05:30 2026-07-29 17:21:19,823 [INFO] streaming.state_manager: [SM] TRANSITION_TO_LIVE -> LIVE
2026-07-29 22:51:19+05:30 2026-07-29 17:21:19,988 [INFO] VideoPublisher: VIDEO_PUBLISH_METRICS windowMs=5007 frames=126 effectiveFps=25.2 liveFrames=22 repeatedLiveFrames=12 idleFrames=92 maxGapMs=55.2 maxCaptureMs=1.1
2026-07-29 22:51:20+05:30 2026-07-29 17:21:20.329 | INFO     | flash_head.src.pipeline.flash_head_pipeline:generate:374 - [generate] GPU_BREAKDOWN denoise=2428.7ms decode=123.1ms color=18.6ms encode=74.2ms total=2648.0ms
2026-07-29 22:51:20+05:30 2026-07-29 17:21:20.329 | INFO     | flash_head.src.pipeline.flash_head_pipeline:generate:381 - [generate] DENOISE_STEPS total=2428.7ms steps=[s0=351.7 s1=699.0 s2=618.9 s3=759.1] n_steps=4
2026-07-29 22:51:20+05:30 2026-07-29 17:21:20,365 [INFO] FlashHeadStreamingEngine: ENGINE_BREAKDOWN deque=1.0ms ctx=0.3ms embed=38.1ms infer=2649.1ms xfer=35.2ms total=2723.7ms
2026-07-29 22:51:20+05:30 2026-07-29 17:21:20,383 [INFO] streaming.state_manager: [SM] IDLE -> TRANSITION_TO_LIVE (crossfade 8 frames, queue=24)
2026-07-29 22:51:20+05:30 2026-07-29 17:21:20,483 [INFO] handler: UTTERANCE_END_RECEIVED session=conc-test-3-d14b44
2026-07-29 22:51:20+05:30 2026-07-29 17:21:20,702 [INFO] streaming.state_manager: [SM] TRANSITION_TO_LIVE -> LIVE
2026-07-29 22:51:20+05:30 2026-07-29 17:21:20,986 [INFO] streaming.state_manager: [SM] LIVE -> TRANSITION_TO_IDLE (crossfade 8 frames)
2026-07-29 22:51:21+05:30 2026-07-29 17:21:21.115 | INFO     | flash_head.src.pipeline.flash_head_pipeline:generate:374 - [generate] GPU_BREAKDOWN denoise=2731.8ms decode=130.5ms color=28.3ms encode=72.5ms total=2973.8ms
2026-07-29 22:51:21+05:30 2026-07-29 17:21:21.115 | INFO     | flash_head.src.pipeline.flash_head_pipeline:generate:381 - [generate] DENOISE_STEPS total=2731.8ms steps=[s0=729.9 s1=612.3 s2=749.6 s3=639.9] n_steps=4
2026-07-29 22:51:21+05:30 2026-07-29 17:21:21,149 [INFO] FlashHeadStreamingEngine: ENGINE_BREAKDOWN deque=0.9ms ctx=0.3ms embed=58.5ms infer=2975.4ms xfer=32.6ms total=3067.7ms
2026-07-29 22:51:21+05:30 2026-07-29 17:21:21,149 [INFO] FlashHeadStreamingEngine: ENGINE_METRICS windowMs=5075 inputSamples=16000 inputRateHz=3153 pendingSamples=640 pendingSeconds=0.04 slices=1 avgInferenceMs=2975.4 maxInferenceMs=2975.4 frameQueue=24 audioQueue=0
2026-07-29 22:51:21+05:30 2026-07-29 17:21:21,179 [INFO] streaming.state_manager: [SM] IDLE -> TRANSITION_TO_LIVE (crossfade 8 frames, queue=24)
2026-07-29 22:51:21+05:30 2026-07-29 17:21:21,303 [INFO] streaming.state_manager: [SM] TRANSITION_TO_IDLE -> IDLE
2026-07-29 22:51:21+05:30 2026-07-29 17:21:21,498 [INFO] streaming.state_manager: [SM] TRANSITION_TO_LIVE -> LIVE
2026-07-29 22:51:21+05:30 2026-07-29 17:21:21,872 [INFO] streaming.state_manager: [SM] LIVE -> TRANSITION_TO_IDLE (crossfade 8 frames)
2026-07-29 22:51:22+05:30 2026-07-29 17:21:22,023 [INFO] VideoPublisher: VIDEO_PUBLISH_METRICS windowMs=5041 frames=126 effectiveFps=25.0 liveFrames=16 repeatedLiveFrames=12 idleFrames=98 maxGapMs=47.0 maxCaptureMs=1.6
2026-07-29 22:51:22+05:30 2026-07-29 17:21:22,182 [INFO] streaming.state_manager: [SM] TRANSITION_TO_IDLE -> IDLE
2026-07-29 22:51:22+05:30 2026-07-29 17:21:22.445 | INFO     | flash_head.src.pipeline.flash_head_pipeline:generate:374 - [generate] GPU_BREAKDOWN denoise=2666.2ms decode=120.0ms color=20.7ms encode=71.5ms total=2890.0ms
2026-07-29 22:51:22+05:30 2026-07-29 17:21:22.445 | INFO     | flash_head.src.pipeline.flash_head_pipeline:generate:381 - [generate] DENOISE_STEPS total=2666.2ms steps=[s0=681.5 s1=642.3 s2=664.7 s3=677.7] n_steps=4
2026-07-29 22:51:22+05:30 2026-07-29 17:21:22,533 [INFO] FlashHeadStreamingEngine: ENGINE_BREAKDOWN deque=1.0ms ctx=0.2ms embed=56.5ms infer=2891.7ms xfer=86.7ms total=3036.1ms
2026-07-29 22:51:22+05:30 2026-07-29 17:21:22,533 [INFO] FlashHeadStreamingEngine: ENGINE_METRICS windowMs=7537 inputSamples=46400 inputRateHz=6156 pendingSamples=320 pendingSeconds=0.02 slices=3 avgInferenceMs=2257.2 maxInferenceMs=2891.7 frameQueue=24 audioQueue=0
2026-07-29 22:51:22+05:30 2026-07-29 17:21:22,543 [INFO] streaming.state_manager: [SM] IDLE -> TRANSITION_TO_LIVE (crossfade 8 frames, queue=24)
2026-07-29 22:51:22+05:30 2026-07-29 17:21:22,662 [INFO] streaming.state_manager: [SM] LIVE -> TRANSITION_TO_IDLE (crossfade 8 frames)
2026-07-29 22:51:22+05:30 [METRICS] GPU_util=13% GPU_temp=46C GPU_mem=4.3GB/44.4GB (reserved=6.1GB) RSS=11886MB CPU_user=173.9s CPU_sys=16.0s sessions=3 pool=0/3
2026-07-29 22:51:22+05:30 2026-07-29 17:21:22,862 [INFO] streaming.state_manager: [SM] TRANSITION_TO_LIVE -> LIVE
2026-07-29 22:51:22+05:30 2026-07-29 17:21:22,978 [INFO] streaming.state_manager: [SM] TRANSITION_TO_IDLE -> IDLE
2026-07-29 22:51:23+05:30 2026-07-29 17:21:23.293 | INFO     | flash_head.src.pipeline.flash_head_pipeline:generate:374 - [generate] GPU_BREAKDOWN denoise=2618.6ms decode=125.6ms color=25.9ms encode=82.7ms total=2862.4ms
2026-07-29 22:51:23+05:30 2026-07-29 17:21:23.294 | INFO     | flash_head.src.pipeline.flash_head_pipeline:generate:381 - [generate] DENOISE_STEPS total=2618.6ms steps=[s0=586.6 s1=731.7 s2=604.3 s3=696.1] n_steps=4
2026-07-29 22:51:23+05:30 2026-07-29 17:21:23,389 [INFO] FlashHeadStreamingEngine: ENGINE_BREAKDOWN deque=1.0ms ctx=0.3ms embed=52.4ms infer=2865.0ms xfer=93.3ms total=3012.0ms
2026-07-29 22:51:23+05:30 2026-07-29 17:21:23,390 [INFO] FlashHeadStreamingEngine: ENGINE_METRICS windowMs=5758 inputSamples=30400 inputRateHz=5280 pendingSamples=320 pendingSeconds=0.02 slices=2 avgInferenceMs=2757.1 maxInferenceMs=2865.0 frameQueue=24 audioQueue=0
2026-07-29 22:51:23+05:30 2026-07-29 17:21:23,420 [INFO] streaming.state_manager: [SM] IDLE -> TRANSITION_TO_LIVE (crossfade 8 frames, queue=24)
2026-07-29 22:51:23+05:30 2026-07-29 17:21:23,742 [INFO] streaming.state_manager: [SM] TRANSITION_TO_LIVE -> LIVE
2026-07-29 22:51:24+05:30 2026-07-29 17:21:24,026 [INFO] streaming.state_manager: [SM] LIVE -> TRANSITION_TO_IDLE (crossfade 8 frames)
2026-07-29 22:51:24+05:30 2026-07-29 17:21:24,066 [INFO] VideoPublisher: VIDEO_PUBLISH_METRICS windowMs=5039 frames=126 effectiveFps=25.0 liveFrames=26 repeatedLiveFrames=14 idleFrames=86 maxGapMs=49.1 maxCaptureMs=1.5
2026-07-29 22:51:24+05:30 2026-07-29 17:21:24.290 | INFO     | flash_head.src.pipeline.flash_head_pipeline:generate:374 - [generate] GPU_BREAKDOWN denoise=2797.4ms decode=136.6ms color=22.5ms encode=83.3ms total=3056.2ms
2026-07-29 22:51:24+05:30 2026-07-29 17:21:24.290 | INFO     | flash_head.src.pipeline.flash_head_pipeline:generate:381 - [generate] DENOISE_STEPS total=2797.4ms steps=[s0=690.5 s1=591.5 s2=659.4 s3=856.2] n_steps=4
2026-07-29 22:51:24+05:30 2026-07-29 17:21:24,343 [INFO] streaming.state_manager: [SM] TRANSITION_TO_IDLE -> IDLE
2026-07-29 22:51:24+05:30 2026-07-29 17:21:24,389 [INFO] FlashHeadStreamingEngine: ENGINE_BREAKDOWN deque=1.0ms ctx=0.3ms embed=70.8ms infer=3058.2ms xfer=97.1ms total=3227.3ms
2026-07-29 22:51:24+05:30 2026-07-29 17:21:24,419 [INFO] streaming.state_manager: [SM] IDLE -> TRANSITION_TO_LIVE (crossfade 8 frames, queue=24)
2026-07-29 22:51:24+05:30 2026-07-29 17:21:24,738 [INFO] streaming.state_manager: [SM] TRANSITION_TO_LIVE -> LIVE
2026-07-29 22:51:24+05:30 2026-07-29 17:21:24,906 [INFO] streaming.state_manager: [SM] LIVE -> TRANSITION_TO_IDLE (crossfade 8 frames)
2026-07-29 22:51:24+05:30 2026-07-29 17:21:24,991 [INFO] VideoPublisher: VIDEO_PUBLISH_METRICS windowMs=5002 frames=125 effectiveFps=25.0 liveFrames=29 repeatedLiveFrames=24 idleFrames=72 maxGapMs=44.7 maxCaptureMs=1.3
2026-07-29 22:51:25+05:30 2026-07-29 17:21:25,223 [INFO] streaming.state_manager: [SM] TRANSITION_TO_IDLE -> IDLE
2026-07-29 22:51:25+05:30 2026-07-29 17:21:25,901 [INFO] streaming.state_manager: [SM] LIVE -> TRANSITION_TO_IDLE (crossfade 8 frames)
2026-07-29 22:51:26+05:30 2026-07-29 17:21:26.002 | INFO     | flash_head.src.pipeline.flash_head_pipeline:generate:374 - [generate] GPU_BREAKDOWN denoise=3134.5ms decode=142.2ms color=29.4ms encode=85.1ms total=3397.5ms
2026-07-29 22:51:26+05:30 2026-07-29 17:21:26.002 | INFO     | flash_head.src.pipeline.flash_head_pipeline:generate:381 - [generate] DENOISE_STEPS total=3134.5ms steps=[s0=579.9 s1=857.1 s2=848.6 s3=848.9] n_steps=4
2026-07-29 22:51:26+05:30 2026-07-29 17:21:26,039 [INFO] FlashHeadStreamingEngine: ENGINE_BREAKDOWN deque=1.0ms ctx=0.2ms embed=48.4ms infer=3398.9ms xfer=35.6ms total=3484.1ms
2026-07-29 22:51:26+05:30 2026-07-29 17:21:26,062 [INFO] streaming.state_manager: [SM] IDLE -> TRANSITION_TO_LIVE (crossfade 8 frames, queue=24)
2026-07-29 22:51:26+05:30 2026-07-29 17:21:26,220 [INFO] streaming.state_manager: [SM] TRANSITION_TO_IDLE -> IDLE
2026-07-29 22:51:26+05:30 2026-07-29 17:21:26,383 [INFO] streaming.state_manager: [SM] TRANSITION_TO_LIVE -> LIVE
2026-07-29 22:51:26+05:30 2026-07-29 17:21:26,572 [INFO] handler: UTTERANCE_END_RECEIVED session=conc-test-1-2111da
2026-07-29 22:51:26+05:30 2026-07-29 17:21:26,645 [INFO] handler: UTTERANCE_END_RECEIVED session=conc-test-2-50d159
2026-07-29 22:51:27+05:30 2026-07-29 17:21:27,061 [INFO] VideoPublisher: VIDEO_PUBLISH_METRICS windowMs=5038 frames=126 effectiveFps=25.0 liveFrames=20 repeatedLiveFrames=24 idleFrames=82 maxGapMs=54.2 maxCaptureMs=2.0
2026-07-29 22:51:27+05:30 2026-07-29 17:21:27.138 | INFO     | flash_head.src.pipeline.flash_head_pipeline:generate:374 - [generate] GPU_BREAKDOWN denoise=3444.1ms decode=126.0ms color=21.8ms encode=83.9ms total=3684.8ms
2026-07-29 22:51:27+05:30 2026-07-29 17:21:27.138 | INFO     | flash_head.src.pipeline.flash_head_pipeline:generate:381 - [generate] DENOISE_STEPS total=3444.1ms steps=[s0=731.0 s1=934.4 s2=769.0 s3=1009.7] n_steps=4
2026-07-29 22:51:27+05:30 2026-07-29 17:21:27,180 [INFO] FlashHeadStreamingEngine: ENGINE_BREAKDOWN deque=0.9ms ctx=0.3ms embed=51.0ms infer=3689.2ms xfer=37.5ms total=3778.9ms
2026-07-29 22:51:27+05:30 2026-07-29 17:21:27,183 [INFO] streaming.state_manager: [SM] IDLE -> TRANSITION_TO_LIVE (crossfade 8 frames, queue=24)
2026-07-29 22:51:27+05:30 2026-07-29 17:21:27,503 [INFO] streaming.state_manager: [SM] TRANSITION_TO_LIVE -> LIVE
2026-07-29 22:51:27+05:30 2026-07-29 17:21:27,551 [INFO] streaming.state_manager: [SM] LIVE -> TRANSITION_TO_IDLE (crossfade 8 frames)
2026-07-29 22:51:27+05:30 [METRICS] GPU_util=16% GPU_temp=47C GPU_mem=4.4GB/44.4GB (reserved=6.1GB) RSS=11886MB CPU_user=185.6s CPU_sys=17.0s sessions=3 pool=0/3
2026-07-29 22:51:27+05:30 2026-07-29 17:21:27,862 [INFO] streaming.state_manager: [SM] TRANSITION_TO_IDLE -> IDLE
2026-07-29 22:51:28+05:30 2026-07-29 17:21:28.012 | INFO     | flash_head.src.pipeline.flash_head_pipeline:generate:374 - [generate] GPU_BREAKDOWN denoise=3296.2ms decode=130.0ms color=25.9ms encode=87.4ms total=3546.9ms
2026-07-29 22:51:28+05:30 2026-07-29 17:21:28.012 | INFO     | flash_head.src.pipeline.flash_head_pipeline:generate:381 - [generate] DENOISE_STEPS total=3296.2ms steps=[s0=891.1 s1=777.0 s2=898.2 s3=729.8] n_steps=4
2026-07-29 22:51:28+05:30 2026-07-29 17:21:28,049 [INFO] FlashHeadStreamingEngine: ENGINE_BREAKDOWN deque=0.9ms ctx=0.3ms embed=58.9ms infer=3548.3ms xfer=35.8ms total=3644.3ms
2026-07-29 22:51:28+05:30 2026-07-29 17:21:28,050 [INFO] FlashHeadStreamingEngine: ENGINE_METRICS windowMs=6900 inputSamples=30400 inputRateHz=4406 pendingSamples=320 pendingSeconds=0.02 slices=2 avgInferenceMs=3303.2 maxInferenceMs=3548.3 frameQueue=24 audioQueue=1
2026-07-29 22:51:28+05:30 2026-07-29 17:21:28,059 [INFO] streaming.state_manager: [SM] IDLE -> TRANSITION_TO_LIVE (crossfade 8 frames, queue=24)
2026-07-29 22:51:28+05:30 2026-07-29 17:21:28,379 [INFO] streaming.state_manager: [SM] TRANSITION_TO_LIVE -> LIVE
2026-07-29 22:51:28+05:30 2026-07-29 17:21:28,667 [INFO] streaming.state_manager: [SM] LIVE -> TRANSITION_TO_IDLE (crossfade 8 frames)
2026-07-29 22:51:28+05:30 2026-07-29 17:21:28,913 [INFO] handler: UTTERANCE_END_RECEIVED session=conc-test-3-d14b44
2026-07-29 22:51:28+05:30 2026-07-29 17:21:28,983 [INFO] streaming.state_manager: [SM] TRANSITION_TO_IDLE -> IDLE
2026-07-29 22:51:29+05:30 2026-07-29 17:21:29,106 [INFO] VideoPublisher: VIDEO_PUBLISH_METRICS windowMs=5040 frames=126 effectiveFps=25.0 liveFrames=25 repeatedLiveFrames=24 idleFrames=77 maxGapMs=52.9 maxCaptureMs=1.7
2026-07-29 22:51:29+05:30 2026-07-29 17:21:29.400 | INFO     | flash_head.src.pipeline.flash_head_pipeline:generate:374 - [generate] GPU_BREAKDOWN denoise=3053.9ms decode=122.6ms color=19.0ms encode=71.2ms total=3278.1ms
2026-07-29 22:51:29+05:30 2026-07-29 17:21:29.400 | INFO     | flash_head.src.pipeline.flash_head_pipeline:generate:381 - [generate] DENOISE_STEPS total=3053.9ms steps=[s0=909.8 s1=728.4 s2=646.7 s3=768.9] n_steps=4
2026-07-29 22:51:29+05:30 2026-07-29 17:21:29,437 [INFO] FlashHeadStreamingEngine: ENGINE_BREAKDOWN deque=1.0ms ctx=0.2ms embed=64.5ms infer=3279.5ms xfer=35.4ms total=3380.6ms
2026-07-29 22:51:29+05:30 2026-07-29 17:21:29,437 [INFO] FlashHeadStreamingEngine: ENGINE_METRICS windowMs=6903 inputSamples=30400 inputRateHz=4404 pendingSamples=0 pendingSeconds=0.00 slices=2 avgInferenceMs=3339.2 maxInferenceMs=3398.9 frameQueue=24 audioQueue=0
2026-07-29 22:51:29+05:30 2026-07-29 17:21:29,463 [INFO] streaming.state_manager: [SM] IDLE -> TRANSITION_TO_LIVE (crossfade 8 frames, queue=24)
2026-07-29 22:51:29+05:30 2026-07-29 17:21:29,541 [INFO] streaming.state_manager: [SM] LIVE -> TRANSITION_TO_IDLE (crossfade 8 frames)
2026-07-29 22:51:29+05:30 2026-07-29 17:21:29,783 [INFO] streaming.state_manager: [SM] TRANSITION_TO_LIVE -> LIVE
2026-07-29 22:51:29+05:30 2026-07-29 17:21:29,859 [INFO] streaming.state_manager: [SM] TRANSITION_TO_IDLE -> IDLE
2026-07-29 22:51:30+05:30 2026-07-29 17:21:30,029 [INFO] VideoPublisher: VIDEO_PUBLISH_METRICS windowMs=5037 frames=126 effectiveFps=25.0 liveFrames=24 repeatedLiveFrames=12 idleFrames=90 maxGapMs=53.7 maxCaptureMs=1.9
2026-07-29 22:51:30+05:30 2026-07-29 17:21:30.242 | INFO     | flash_head.src.pipeline.flash_head_pipeline:generate:374 - [generate] GPU_BREAKDOWN denoise=2752.7ms decode=132.9ms color=21.5ms encode=76.2ms total=2990.2ms
2026-07-29 22:51:30+05:30 2026-07-29 17:21:30.243 | INFO     | flash_head.src.pipeline.flash_head_pipeline:generate:381 - [generate] DENOISE_STEPS total=2752.7ms steps=[s0=659.0 s1=802.3 s2=595.9 s3=695.5] n_steps=4
2026-07-29 22:51:30+05:30 2026-07-29 17:21:30,279 [INFO] FlashHeadStreamingEngine: ENGINE_BREAKDOWN deque=0.9ms ctx=0.3ms embed=51.9ms infer=2992.3ms xfer=34.9ms total=3080.3ms
2026-07-29 22:51:30+05:30 2026-07-29 17:21:30,280 [INFO] FlashHeadStreamingEngine: ENGINE_METRICS windowMs=6889 inputSamples=30400 inputRateHz=4413 pendingSamples=0 pendingSeconds=0.00 slices=2 avgInferenceMs=3340.8 maxInferenceMs=3689.2 frameQueue=24 audioQueue=1
2026-07-29 22:51:30+05:30 2026-07-29 17:21:30,302 [INFO] streaming.state_manager: [SM] IDLE -> TRANSITION_TO_LIVE (crossfade 8 frames, queue=24)
2026-07-29 22:51:30+05:30 2026-07-29 17:21:30,623 [INFO] streaming.state_manager: [SM] TRANSITION_TO_LIVE -> LIVE
2026-07-29 22:51:30+05:30 2026-07-29 17:21:30,944 [INFO] streaming.state_manager: [SM] LIVE -> TRANSITION_TO_IDLE (crossfade 8 frames)
2026-07-29 22:51:31+05:30 2026-07-29 17:21:31.041 | INFO     | flash_head.src.pipeline.flash_head_pipeline:generate:374 - [generate] GPU_BREAKDOWN denoise=2697.5ms decode=115.5ms color=19.7ms encode=70.4ms total=2920.0ms
2026-07-29 22:51:31+05:30 2026-07-29 17:21:31.041 | INFO     | flash_head.src.pipeline.flash_head_pipeline:generate:381 - [generate] DENOISE_STEPS total=2697.5ms steps=[s0=789.1 s1=521.8 s2=708.8 s3=677.8] n_steps=4
2026-07-29 22:51:31+05:30 2026-07-29 17:21:31,077 [INFO] FlashHeadStreamingEngine: ENGINE_BREAKDOWN deque=1.0ms ctx=0.3ms embed=46.9ms infer=2921.2ms xfer=35.1ms total=3004.5ms
2026-07-29 22:51:31+05:30 2026-07-29 17:21:31,098 [INFO] streaming.state_manager: [SM] IDLE -> TRANSITION_TO_LIVE (crossfade 8 frames, queue=24)
2026-07-29 22:51:31+05:30 2026-07-29 17:21:31,263 [INFO] streaming.state_manager: [SM] TRANSITION_TO_IDLE -> IDLE
2026-07-29 22:51:31+05:30 2026-07-29 17:21:31,419 [INFO] streaming.state_manager: [SM] TRANSITION_TO_LIVE -> LIVE
2026-07-29 22:51:31+05:30 2026-07-29 17:21:31,790 [INFO] streaming.state_manager: [SM] LIVE -> TRANSITION_TO_IDLE (crossfade 8 frames)
2026-07-29 22:51:32+05:30 2026-07-29 17:21:32,102 [INFO] VideoPublisher: VIDEO_PUBLISH_METRICS windowMs=5040 frames=126 effectiveFps=25.0 liveFrames=34 repeatedLiveFrames=13 idleFrames=79 maxGapMs=45.9 maxCaptureMs=1.3
2026-07-29 22:51:32+05:30 2026-07-29 17:21:32,103 [INFO] streaming.state_manager: [SM] TRANSITION_TO_IDLE -> IDLE
2026-07-29 22:51:32+05:30 2026-07-29 17:21:32.289 | INFO     | flash_head.src.pipeline.flash_head_pipeline:generate:374 - [generate] GPU_BREAKDOWN denoise=2552.8ms decode=133.1ms color=17.7ms encode=82.7ms total=2793.8ms
2026-07-29 22:51:32+05:30 2026-07-29 17:21:32.290 | INFO     | flash_head.src.pipeline.flash_head_pipeline:generate:381 - [generate] DENOISE_STEPS total=2552.8ms steps=[s0=649.0 s1=674.8 s2=443.8 s3=785.3] n_steps=4
2026-07-29 22:51:32+05:30 2026-07-29 17:21:32,327 [INFO] FlashHeadStreamingEngine: ENGINE_BREAKDOWN deque=1.0ms ctx=0.2ms embed=47.1ms infer=2797.2ms xfer=34.3ms total=2879.7ms
2026-07-29 22:51:32+05:30 2026-07-29 17:21:32,343 [INFO] streaming.state_manager: [SM] IDLE -> TRANSITION_TO_LIVE (crossfade 8 frames, queue=24)
2026-07-29 22:51:32+05:30 2026-07-29 17:21:32,582 [INFO] streaming.state_manager: [SM] LIVE -> TRANSITION_TO_IDLE (crossfade 8 frames)
2026-07-29 22:51:32+05:30 2026-07-29 17:21:32,665 [INFO] streaming.state_manager: [SM] TRANSITION_TO_LIVE -> LIVE
2026-07-29 22:51:32+05:30 [METRICS] GPU_util=14% GPU_temp=46C GPU_mem=4.3GB/44.4GB (reserved=6.1GB) RSS=11886MB CPU_user=197.4s CPU_sys=18.0s sessions=3 pool=0/3
2026-07-29 22:51:32+05:30 2026-07-29 17:21:32,898 [INFO] streaming.state_manager: [SM] TRANSITION_TO_IDLE -> IDLE
2026-07-29 22:51:33+05:30 2026-07-29 17:21:33.490 | INFO     | flash_head.src.pipeline.flash_head_pipeline:generate:374 - [generate] GPU_BREAKDOWN denoise=2869.6ms decode=138.5ms color=30.9ms encode=93.1ms total=3146.0ms
2026-07-29 22:51:33+05:30 2026-07-29 17:21:33.490 | INFO     | flash_head.src.pipeline.flash_head_pipeline:generate:381 - [generate] DENOISE_STEPS total=2869.6ms steps=[s0=602.9 s1=678.9 s2=763.5 s3=824.3] n_steps=4
2026-07-29 22:51:33+05:30 2026-07-29 17:21:33,528 [INFO] FlashHeadStreamingEngine: ENGINE_BREAKDOWN deque=1.0ms ctx=0.3ms embed=49.3ms infer=3147.9ms xfer=36.3ms total=3234.8ms
2026-07-29 22:51:33+05:30 2026-07-29 17:21:33,543 [INFO] streaming.state_manager: [SM] IDLE -> TRANSITION_TO_LIVE (crossfade 8 frames, queue=24)
2026-07-29 22:51:33+05:30 2026-07-29 17:21:33,827 [INFO] streaming.state_manager: [SM] LIVE -> TRANSITION_TO_IDLE (crossfade 8 frames)
2026-07-29 22:51:33+05:30 2026-07-29 17:21:33,862 [INFO] streaming.state_manager: [SM] TRANSITION_TO_LIVE -> LIVE
2026-07-29 22:51:34+05:30 2026-07-29 17:21:34,107 [INFO] VideoPublisher: VIDEO_PUBLISH_METRICS windowMs=5000 frames=125 effectiveFps=25.0 liveFrames=24 repeatedLiveFrames=12 idleFrames=89 maxGapMs=48.2 maxCaptureMs=1.5
2026-07-29 22:51:34+05:30 2026-07-29 17:21:34,142 [INFO] streaming.state_manager: [SM] TRANSITION_TO_IDLE -> IDLE
2026-07-29 22:51:34+05:30 2026-07-29 17:21:34.451 | INFO     | flash_head.src.pipeline.flash_head_pipeline:generate:374 - [generate] GPU_BREAKDOWN denoise=3053.3ms decode=136.0ms color=25.2ms encode=85.7ms total=3313.8ms
2026-07-29 22:51:34+05:30 2026-07-29 17:21:34.451 | INFO     | flash_head.src.pipeline.flash_head_pipeline:generate:381 - [generate] DENOISE_STEPS total=3053.3ms steps=[s0=742.8 s1=715.0 s2=771.3 s3=824.2] n_steps=4
2026-07-29 22:51:34+05:30 2026-07-29 17:21:34,487 [INFO] FlashHeadStreamingEngine: ENGINE_BREAKDOWN deque=1.0ms ctx=0.3ms embed=47.6ms infer=3315.4ms xfer=34.4ms total=3398.6ms
2026-07-29 22:51:34+05:30 2026-07-29 17:21:34,487 [INFO] FlashHeadStreamingEngine: ENGINE_METRICS windowMs=6437 inputSamples=30400 inputRateHz=4723 pendingSamples=0 pendingSeconds=0.00 slices=2 avgInferenceMs=3118.3 maxInferenceMs=3315.4 frameQueue=24 audioQueue=0
2026-07-29 22:51:34+05:30 2026-07-29 17:21:34,499 [INFO] streaming.state_manager: [SM] IDLE -> TRANSITION_TO_LIVE (crossfade 8 frames, queue=24)
2026-07-29 22:51:34+05:30 2026-07-29 17:21:34,818 [INFO] streaming.state_manager: [SM] TRANSITION_TO_LIVE -> LIVE
2026-07-29 22:51:35+05:30 2026-07-29 17:21:35,030 [INFO] streaming.state_manager: [SM] LIVE -> TRANSITION_TO_IDLE (crossfade 8 frames)
2026-07-29 22:51:35+05:30 2026-07-29 17:21:35,068 [INFO] VideoPublisher: VIDEO_PUBLISH_METRICS windowMs=5039 frames=126 effectiveFps=25.0 liveFrames=27 repeatedLiveFrames=24 idleFrames=75 maxGapMs=50.3 maxCaptureMs=1.2
2026-07-29 22:51:35+05:30 2026-07-29 17:21:35,132 [INFO] handler: UTTERANCE_END_RECEIVED session=conc-test-1-2111da
2026-07-29 22:51:35+05:30 2026-07-29 17:21:35,204 [INFO] handler: UTTERANCE_END_RECEIVED session=conc-test-2-50d159
2026-07-29 22:51:35+05:30 2026-07-29 17:21:35,343 [INFO] streaming.state_manager: [SM] TRANSITION_TO_IDLE -> IDLE
2026-07-29 22:51:35+05:30 2026-07-29 17:21:35.658 | INFO     | flash_head.src.pipeline.flash_head_pipeline:generate:374 - [generate] GPU_BREAKDOWN denoise=2994.3ms decode=146.5ms color=22.0ms encode=84.9ms total=3254.1ms
2026-07-29 22:51:35+05:30 2026-07-29 17:21:35.658 | INFO     | flash_head.src.pipeline.flash_head_pipeline:generate:381 - [generate] DENOISE_STEPS total=2994.3ms steps=[s0=826.3 s1=650.8 s2=660.9 s3=856.3] n_steps=4
2026-07-29 22:51:35+05:30 2026-07-29 17:21:35,696 [INFO] FlashHeadStreamingEngine: ENGINE_BREAKDOWN deque=0.9ms ctx=0.2ms embed=51.8ms infer=3256.6ms xfer=35.0ms total=3344.5ms
2026-07-29 22:51:35+05:30 2026-07-29 17:21:35,696 [INFO] FlashHeadStreamingEngine: ENGINE_METRICS windowMs=6259 inputSamples=32000 inputRateHz=5113 pendingSamples=1280 pendingSeconds=0.08 slices=2 avgInferenceMs=3026.9 maxInferenceMs=3256.6 frameQueue=24 audioQueue=0
2026-07-29 22:51:35+05:30 2026-07-29 17:21:35,702 [INFO] streaming.state_manager: [SM] IDLE -> TRANSITION_TO_LIVE (crossfade 8 frames, queue=24)
2026-07-29 22:51:35+05:30 2026-07-29 17:21:35,982 [INFO] streaming.state_manager: [SM] LIVE -> TRANSITION_TO_IDLE (crossfade 8 frames)
2026-07-29 22:51:36+05:30 2026-07-29 17:21:36,028 [INFO] streaming.state_manager: [SM] TRANSITION_TO_LIVE -> LIVE
2026-07-29 22:51:36+05:30 2026-07-29 17:21:36,300 [INFO] streaming.state_manager: [SM] TRANSITION_TO_IDLE -> IDLE
2026-07-29 22:51:37+05:30 2026-07-29 17:21:37,102 [INFO] VideoPublisher: VIDEO_PUBLISH_METRICS windowMs=5000 frames=125 effectiveFps=25.0 liveFrames=17 repeatedLiveFrames=23 idleFrames=85 maxGapMs=52.4 maxCaptureMs=1.4
2026-07-29 22:51:37+05:30 2026-07-29 17:21:37.136 | INFO     | flash_head.src.pipeline.flash_head_pipeline:generate:374 - [generate] GPU_BREAKDOWN denoise=3264.1ms decode=125.9ms color=35.9ms encode=83.4ms total=3520.8ms
2026-07-29 22:51:37+05:30 2026-07-29 17:21:37.136 | INFO     | flash_head.src.pipeline.flash_head_pipeline:generate:381 - [generate] DENOISE_STEPS total=3264.1ms steps=[s0=721.2 s1=864.4 s2=776.3 s3=902.2] n_steps=4
2026-07-29 22:51:37+05:30 2026-07-29 17:21:37,184 [INFO] streaming.state_manager: [SM] LIVE -> TRANSITION_TO_IDLE (crossfade 8 frames)
2026-07-29 22:51:37+05:30 2026-07-29 17:21:37,192 [INFO] FlashHeadStreamingEngine: ENGINE_BREAKDOWN deque=0.9ms ctx=0.3ms embed=61.5ms infer=3522.2ms xfer=55.3ms total=3640.2ms
2026-07-29 22:51:37+05:30 2026-07-29 17:21:37,193 [INFO] FlashHeadStreamingEngine: ENGINE_METRICS windowMs=6913 inputSamples=32000 inputRateHz=4629 pendingSamples=1280 pendingSeconds=0.08 slices=2 avgInferenceMs=3335.1 maxInferenceMs=3522.2 frameQueue=24 audioQueue=0
2026-07-29 22:51:37+05:30 2026-07-29 17:21:37,221 [INFO] streaming.state_manager: [SM] IDLE -> TRANSITION_TO_LIVE (crossfade 8 frames, queue=24)
2026-07-29 22:51:37+05:30 2026-07-29 17:21:37,503 [INFO] streaming.state_manager: [SM] TRANSITION_TO_IDLE -> IDLE
2026-07-29 22:51:37+05:30 2026-07-29 17:21:37,542 [INFO] streaming.state_manager: [SM] TRANSITION_TO_LIVE -> LIVE
2026-07-29 22:51:37+05:30 [METRICS] GPU_util=16% GPU_temp=46C GPU_mem=4.3GB/44.4GB (reserved=6.1GB) RSS=11886MB CPU_user=209.3s CPU_sys=18.9s sessions=3 pool=0/3
2026-07-29 22:51:37+05:30 2026-07-29 17:21:37,953 [INFO] handler: UTTERANCE_END_RECEIVED session=conc-test-3-d14b44
2026-07-29 22:51:38+05:30 2026-07-29 17:21:38.009 | INFO     | flash_head.src.pipeline.flash_head_pipeline:generate:374 - [generate] GPU_BREAKDOWN denoise=3211.2ms decode=128.4ms color=21.8ms encode=73.7ms total=3445.5ms
2026-07-29 22:51:38+05:30 2026-07-29 17:21:38.009 | INFO     | flash_head.src.pipeline.flash_head_pipeline:generate:381 - [generate] DENOISE_STEPS total=3211.2ms steps=[s0=875.1 s1=802.5 s2=775.7 s3=757.9] n_steps=4
2026-07-29 22:51:38+05:30 2026-07-29 17:21:38,070 [INFO] FlashHeadStreamingEngine: ENGINE_BREAKDOWN deque=1.0ms ctx=0.3ms embed=61.8ms infer=3447.3ms xfer=59.3ms total=3569.7ms
2026-07-29 22:51:38+05:30 2026-07-29 17:21:38,099 [INFO] streaming.state_manager: [SM] IDLE -> TRANSITION_TO_LIVE (crossfade 8 frames, queue=24)
2026-07-29 22:51:38+05:30 2026-07-29 17:21:38,419 [INFO] streaming.state_manager: [SM] TRANSITION_TO_LIVE -> LIVE
2026-07-29 22:51:38+05:30 2026-07-29 17:21:38,704 [INFO] streaming.state_manager: [SM] LIVE -> TRANSITION_TO_IDLE (crossfade 8 frames)
2026-07-29 22:51:39+05:30 2026-07-29 17:21:39,023 [INFO] streaming.state_manager: [SM] TRANSITION_TO_IDLE -> IDLE
2026-07-29 22:51:39+05:30 2026-07-29 17:21:39.035 | INFO     | flash_head.src.pipeline.flash_head_pipeline:generate:374 - [generate] GPU_BREAKDOWN denoise=3017.8ms decode=128.5ms color=34.3ms encode=78.9ms total=3271.0ms
2026-07-29 22:51:39+05:30 2026-07-29 17:21:39.035 | INFO     | flash_head.src.pipeline.flash_head_pipeline:generate:381 - [generate] DENOISE_STEPS total=3017.8ms steps=[s0=885.0 s1=676.1 s2=607.8 s3=848.9] n_steps=4
2026-07-29 22:51:39+05:30 2026-07-29 17:21:39,113 [INFO] FlashHeadStreamingEngine: ENGINE_BREAKDOWN deque=1.0ms ctx=0.2ms embed=47.4ms infer=3274.0ms xfer=74.8ms total=3397.3ms
2026-07-29 22:51:39+05:30 2026-07-29 17:21:39,146 [INFO] VideoPublisher: VIDEO_PUBLISH_METRICS windowMs=5039 frames=126 effectiveFps=25.0 liveFrames=27 repeatedLiveFrames=24 idleFrames=75 maxGapMs=47.1 maxCaptureMs=1.7
2026-07-29 22:51:39+05:30 2026-07-29 17:21:39,147 [INFO] streaming.state_manager: [SM] IDLE -> TRANSITION_TO_LIVE (crossfade 8 frames, queue=24)
2026-07-29 22:51:39+05:30 2026-07-29 17:21:39,463 [INFO] streaming.state_manager: [SM] TRANSITION_TO_LIVE -> LIVE
2026-07-29 22:51:39+05:30 2026-07-29 17:21:39,581 [INFO] streaming.state_manager: [SM] LIVE -> TRANSITION_TO_IDLE (crossfade 8 frames)
2026-07-29 22:51:39+05:30 2026-07-29 17:21:39,899 [INFO] streaming.state_manager: [SM] TRANSITION_TO_IDLE -> IDLE
2026-07-29 22:51:40+05:30 2026-07-29 17:21:40,070 [INFO] VideoPublisher: VIDEO_PUBLISH_METRICS windowMs=5001 frames=125 effectiveFps=25.0 liveFrames=33 repeatedLiveFrames=12 idleFrames=80 maxGapMs=45.1 maxCaptureMs=1.7
2026-07-29 22:51:40+05:30 2026-07-29 17:21:40.301 | INFO     | flash_head.src.pipeline.flash_head_pipeline:generate:374 - [generate] GPU_BREAKDOWN denoise=2774.7ms decode=142.1ms color=21.1ms encode=93.3ms total=3041.4ms
2026-07-29 22:51:40+05:30 2026-07-29 17:21:40.301 | INFO     | flash_head.src.pipeline.flash_head_pipeline:generate:381 - [generate] DENOISE_STEPS total=2774.7ms steps=[s0=655.0 s1=849.3 s2=467.2 s3=803.2] n_steps=4
2026-07-29 22:51:40+05:30 2026-07-29 17:21:40,359 [INFO] FlashHeadStreamingEngine: ENGINE_BREAKDOWN deque=1.0ms ctx=0.3ms embed=49.2ms infer=3046.5ms xfer=53.1ms total=3150.1ms
2026-07-29 22:51:40+05:30 2026-07-29 17:21:40,380 [INFO] streaming.state_manager: [SM] IDLE -> TRANSITION_TO_LIVE (crossfade 8 frames, queue=24)
2026-07-29 22:51:40+05:30 2026-07-29 17:21:40,626 [INFO] streaming.state_manager: [SM] LIVE -> TRANSITION_TO_IDLE (crossfade 8 frames)
2026-07-29 22:51:40+05:30 2026-07-29 17:21:40,702 [INFO] streaming.state_manager: [SM] TRANSITION_TO_LIVE -> LIVE
2026-07-29 22:51:40+05:30 2026-07-29 17:21:40,943 [INFO] streaming.state_manager: [SM] TRANSITION_TO_IDLE -> IDLE
2026-07-29 22:51:41+05:30 2026-07-29 17:21:41.617 | INFO     | flash_head.src.pipeline.flash_head_pipeline:generate:374 - [generate] GPU_BREAKDOWN denoise=3160.9ms decode=140.8ms color=35.4ms encode=103.6ms total=3454.7ms
2026-07-29 22:51:41+05:30 2026-07-29 17:21:41.618 | INFO     | flash_head.src.pipeline.flash_head_pipeline:generate:381 - [generate] DENOISE_STEPS total=3160.9ms steps=[s0=754.2 s1=771.1 s2=787.1 s3=848.5] n_steps=4
2026-07-29 22:51:41+05:30 2026-07-29 17:21:41,657 [INFO] FlashHeadStreamingEngine: ENGINE_BREAKDOWN deque=1.0ms ctx=0.3ms embed=74.7ms infer=3457.1ms xfer=37.2ms total=3570.3ms
2026-07-29 22:51:41+05:30 2026-07-29 17:21:41,657 [INFO] FlashHeadStreamingEngine: ENGINE_METRICS windowMs=7170 inputSamples=32000 inputRateHz=4463 pendingSamples=1280 pendingSeconds=0.08 slices=2 avgInferenceMs=3452.2 maxInferenceMs=3457.1 frameQueue=24 audioQueue=1
2026-07-29 22:51:41+05:30 2026-07-29 17:21:41,660 [INFO] streaming.state_manager: [SM] IDLE -> TRANSITION_TO_LIVE (crossfade 8 frames, queue=24)
2026-07-29 22:51:41+05:30 2026-07-29 17:21:41,870 [INFO] streaming.state_manager: [SM] LIVE -> TRANSITION_TO_IDLE (crossfade 8 frames)
2026-07-29 22:51:41+05:30 2026-07-29 17:21:41,979 [INFO] streaming.state_manager: [SM] TRANSITION_TO_LIVE -> LIVE
2026-07-29 22:51:42+05:30 2026-07-29 17:21:42,142 [INFO] VideoPublisher: VIDEO_PUBLISH_METRICS windowMs=5039 frames=126 effectiveFps=25.0 liveFrames=22 repeatedLiveFrames=12 idleFrames=92 maxGapMs=63.7 maxCaptureMs=1.3
2026-07-29 22:51:42+05:30 2026-07-29 17:21:42,183 [INFO] streaming.state_manager: [SM] TRANSITION_TO_IDLE -> IDLE
2026-07-29 22:51:42+05:30 2026-07-29 17:21:42.720 | INFO     | flash_head.src.pipeline.flash_head_pipeline:generate:374 - [generate] GPU_BREAKDOWN denoise=3288.2ms decode=124.8ms color=32.5ms encode=85.4ms total=3539.9ms
2026-07-29 22:51:42+05:30 2026-07-29 17:21:42.720 | INFO     | flash_head.src.pipeline.flash_head_pipeline:generate:381 - [generate] DENOISE_STEPS total=3288.2ms steps=[s0=812.3 s1=759.7 s2=788.0 s3=928.2] n_steps=4
2026-07-29 22:51:42+05:30 2026-07-29 17:21:42,784 [INFO] FlashHeadStreamingEngine: ENGINE_BREAKDOWN deque=1.0ms ctx=0.3ms embed=53.0ms infer=3541.8ms xfer=62.5ms total=3658.5ms
2026-07-29 22:51:42+05:30 2026-07-29 17:21:42,785 [INFO] FlashHeadStreamingEngine: ENGINE_METRICS windowMs=7089 inputSamples=30400 inputRateHz=4289 pendingSamples=960 pendingSeconds=0.06 slices=2 avgInferenceMs=3407.9 maxInferenceMs=3541.8 frameQueue=24 audioQueue=0
2026-07-29 22:51:42+05:30 2026-07-29 17:21:42,822 [INFO] streaming.state_manager: [SM] IDLE -> TRANSITION_TO_LIVE (crossfade 8 frames, queue=24)
2026-07-29 22:51:42+05:30 [METRICS] GPU_util=19% GPU_temp=46C GPU_mem=4.3GB/44.4GB (reserved=6.1GB) RSS=11886MB CPU_user=221.2s CPU_sys=19.9s sessions=3 pool=0/3
2026-07-29 22:51:43+05:30 2026-07-29 17:21:43,142 [INFO] streaming.state_manager: [SM] LIVE -> TRANSITION_TO_IDLE (crossfade 8 frames)
2026-07-29 22:51:43+05:30 2026-07-29 17:21:43,146 [INFO] streaming.state_manager: [SM] TRANSITION_TO_LIVE -> LIVE
2026-07-29 22:51:43+05:30 2026-07-29 17:21:43,458 [INFO] streaming.state_manager: [SM] TRANSITION_TO_IDLE -> IDLE
2026-07-29 22:51:43+05:30 2026-07-29 17:21:43.982 | INFO     | flash_head.src.pipeline.flash_head_pipeline:generate:374 - [generate] GPU_BREAKDOWN denoise=3263.1ms decode=147.2ms color=34.2ms encode=88.7ms total=3545.3ms
2026-07-29 22:51:43+05:30 2026-07-29 17:21:43.983 | INFO     | flash_head.src.pipeline.flash_head_pipeline:generate:381 - [generate] DENOISE_STEPS total=3263.1ms steps=[s0=837.3 s1=858.4 s2=544.5 s3=1022.8] n_steps=4
2026-07-29 22:51:44+05:30 2026-07-29 17:21:44,050 [INFO] FlashHeadStreamingEngine: ENGINE_BREAKDOWN deque=1.0ms ctx=0.3ms embed=61.9ms infer=3549.8ms xfer=64.0ms total=3677.0ms
2026-07-29 22:51:44+05:30 2026-07-29 17:21:44,051 [INFO] FlashHeadStreamingEngine: ENGINE_METRICS windowMs=6858 inputSamples=30400 inputRateHz=4433 pendingSamples=960 pendingSeconds=0.06 slices=2 avgInferenceMs=3298.2 maxInferenceMs=3549.8 frameQueue=24 audioQueue=0
2026-07-29 22:51:44+05:30 2026-07-29 17:21:44,062 [INFO] streaming.state_manager: [SM] IDLE -> TRANSITION_TO_LIVE (crossfade 8 frames, queue=24)
2026-07-29 22:51:44+05:30 2026-07-29 17:21:44,186 [INFO] VideoPublisher: VIDEO_PUBLISH_METRICS windowMs=5040 frames=126 effectiveFps=25.0 liveFrames=17 repeatedLiveFrames=12 idleFrames=97 maxGapMs=65.7 maxCaptureMs=1.8
2026-07-29 22:51:44+05:30 2026-07-29 17:21:44,238 [INFO] handler: UTTERANCE_END_RECEIVED session=conc-test-1-2111da
2026-07-29 22:51:44+05:30 2026-07-29 17:21:44,310 [INFO] streaming.state_manager: [SM] LIVE -> TRANSITION_TO_IDLE (crossfade 8 frames)
2026-07-29 22:51:44+05:30 2026-07-29 17:21:44,370 [INFO] handler: UTTERANCE_END_RECEIVED session=conc-test-2-50d159
2026-07-29 22:51:44+05:30 2026-07-29 17:21:44,383 [INFO] streaming.state_manager: [SM] TRANSITION_TO_LIVE -> LIVE
2026-07-29 22:51:44+05:30 2026-07-29 17:21:44,622 [INFO] streaming.state_manager: [SM] TRANSITION_TO_IDLE -> IDLE
2026-07-29 22:51:45+05:30 2026-07-29 17:21:45.098 | INFO     | flash_head.src.pipeline.flash_head_pipeline:generate:374 - [generate] GPU_BREAKDOWN denoise=3110.2ms decode=118.1ms color=23.2ms encode=74.9ms total=3339.6ms
2026-07-29 22:51:45+05:30 2026-07-29 17:21:45.098 | INFO     | flash_head.src.pipeline.flash_head_pipeline:generate:381 - [generate] DENOISE_STEPS total=3110.2ms steps=[s0=836.3 s1=935.9 s2=586.3 s3=751.7] n_steps=4
2026-07-29 22:51:45+05:30 2026-07-29 17:21:45,107 [INFO] VideoPublisher: VIDEO_PUBLISH_METRICS windowMs=5036 frames=126 effectiveFps=25.0 liveFrames=18 repeatedLiveFrames=24 idleFrames=84 maxGapMs=62.7 maxCaptureMs=2.2
2026-07-29 22:51:45+05:30 2026-07-29 17:21:45,164 [INFO] FlashHeadStreamingEngine: ENGINE_BREAKDOWN deque=1.0ms ctx=0.3ms embed=75.5ms infer=3342.6ms xfer=64.0ms total=3483.5ms
2026-07-29 22:51:45+05:30 2026-07-29 17:21:45,184 [INFO] streaming.state_manager: [SM] IDLE -> TRANSITION_TO_LIVE (crossfade 8 frames, queue=24)
2026-07-29 22:51:45+05:30 2026-07-29 17:21:45,499 [INFO] streaming.state_manager: [SM] TRANSITION_TO_LIVE -> LIVE
2026-07-29 22:51:45+05:30 2026-07-29 17:21:45,546 [INFO] streaming.state_manager: [SM] LIVE -> TRANSITION_TO_IDLE (crossfade 8 frames)
2026-07-29 22:51:45+05:30 2026-07-29 17:21:45,863 [INFO] streaming.state_manager: [SM] TRANSITION_TO_IDLE -> IDLE
2026-07-29 22:51:46+05:30 2026-07-29 17:21:46.276 | INFO     | flash_head.src.pipeline.flash_head_pipeline:generate:374 - [generate] GPU_BREAKDOWN denoise=3174.4ms decode=126.5ms color=24.3ms encode=72.6ms total=3417.9ms
2026-07-29 22:51:46+05:30 2026-07-29 17:21:46.276 | INFO     | flash_head.src.pipeline.flash_head_pipeline:generate:381 - [generate] DENOISE_STEPS total=3174.4ms steps=[s0=991.8 s1=795.8 s2=688.4 s3=698.4] n_steps=4
2026-07-29 22:51:46+05:30 2026-07-29 17:21:46,341 [INFO] FlashHeadStreamingEngine: ENGINE_BREAKDOWN deque=1.0ms ctx=0.3ms embed=53.6ms infer=3420.8ms xfer=62.3ms total=3538.0ms
2026-07-29 22:51:46+05:30 2026-07-29 17:21:46,344 [INFO] streaming.state_manager: [SM] IDLE -> TRANSITION_TO_LIVE (crossfade 8 frames, queue=24)
2026-07-29 22:51:46+05:30 2026-07-29 17:21:46,665 [INFO] streaming.state_manager: [SM] LIVE -> TRANSITION_TO_IDLE (crossfade 8 frames)
2026-07-29 22:51:46+05:30 2026-07-29 17:21:46,665 [INFO] streaming.state_manager: [SM] TRANSITION_TO_LIVE -> LIVE
2026-07-29 22:51:46+05:30 2026-07-29 17:21:46,979 [INFO] streaming.state_manager: [SM] TRANSITION_TO_IDLE -> IDLE
2026-07-29 22:51:47+05:30 2026-07-29 17:21:47,052 [INFO] handler: UTTERANCE_END_RECEIVED session=conc-test-3-d14b44
2026-07-29 22:51:47+05:30 2026-07-29 17:21:47,142 [INFO] VideoPublisher: VIDEO_PUBLISH_METRICS windowMs=5000 frames=125 effectiveFps=25.0 liveFrames=29 repeatedLiveFrames=24 idleFrames=72 maxGapMs=72.3 maxCaptureMs=1.4
2026-07-29 22:51:47+05:30 2026-07-29 17:21:47.177 | INFO     | flash_head.src.pipeline.flash_head_pipeline:generate:374 - [generate] GPU_BREAKDOWN denoise=2819.6ms decode=115.1ms color=24.6ms encode=70.3ms total=3043.0ms
2026-07-29 22:51:47+05:30 2026-07-29 17:21:47.177 | INFO     | flash_head.src.pipeline.flash_head_pipeline:generate:381 - [generate] DENOISE_STEPS total=2819.6ms steps=[s0=753.1 s1=680.4 s2=613.1 s3=773.0] n_steps=4
2026-07-29 22:51:47+05:30 2026-07-29 17:21:47,244 [INFO] FlashHeadStreamingEngine: ENGINE_BREAKDOWN deque=1.0ms ctx=0.3ms embed=60.2ms infer=3045.5ms xfer=64.7ms total=3171.7ms
2026-07-29 22:51:47+05:30 2026-07-29 17:21:47,261 [INFO] streaming.state_manager: [SM] IDLE -> TRANSITION_TO_LIVE (crossfade 8 frames, queue=24)
2026-07-29 22:51:47+05:30 2026-07-29 17:21:47,583 [INFO] streaming.state_manager: [SM] TRANSITION_TO_LIVE -> LIVE
2026-07-29 22:51:47+05:30 2026-07-29 17:21:47,829 [INFO] streaming.state_manager: [SM] LIVE -> TRANSITION_TO_IDLE (crossfade 8 frames)
2026-07-29 22:51:47+05:30 2026-07-29 17:21:47.961 | INFO     | flash_head.src.pipeline.flash_head_pipeline:generate:374 - [generate] GPU_BREAKDOWN denoise=2499.2ms decode=118.6ms color=24.7ms encode=72.9ms total=2725.3ms
2026-07-29 22:51:47+05:30 2026-07-29 17:21:47.961 | INFO     | flash_head.src.pipeline.flash_head_pipeline:generate:381 - [generate] DENOISE_STEPS total=2499.2ms steps=[s0=682.6 s1=614.4 s2=548.3 s3=653.8] n_steps=4
2026-07-29 22:51:48+05:30 2026-07-29 17:21:48,023 [INFO] FlashHeadStreamingEngine: ENGINE_BREAKDOWN deque=1.0ms ctx=0.3ms embed=57.1ms infer=2726.5ms xfer=60.4ms total=2845.2ms
2026-07-29 22:51:48+05:30 2026-07-29 17:21:48,024 [INFO] FlashHeadStreamingEngine: ENGINE_METRICS windowMs=6366 inputSamples=30400 inputRateHz=4775 pendingSamples=960 pendingSeconds=0.06 slices=2 avgInferenceMs=3034.6 maxInferenceMs=3342.6 frameQueue=24 audioQueue=0
2026-07-29 22:51:48+05:30 2026-07-29 17:21:48,027 [INFO] streaming.state_manager: [SM] IDLE -> TRANSITION_TO_LIVE (crossfade 8 frames, queue=24)
2026-07-29 22:51:48+05:30 [METRICS] GPU_util=19% GPU_temp=50C GPU_mem=4.4GB/44.4GB (reserved=6.1GB) RSS=11886MB CPU_user=233.0s CPU_sys=20.9s sessions=3 pool=0/3
2026-07-29 22:51:48+05:30 2026-07-29 17:21:48,142 [INFO] streaming.state_manager: [SM] TRANSITION_TO_IDLE -> IDLE
2026-07-29 22:51:48+05:30 2026-07-29 17:21:48,339 [INFO] streaming.state_manager: [SM] TRANSITION_TO_LIVE -> LIVE
2026-07-29 22:51:48+05:30 2026-07-29 17:21:48,747 [INFO] streaming.state_manager: [SM] LIVE -> TRANSITION_TO_IDLE (crossfade 8 frames)
2026-07-29 22:51:49+05:30 2026-07-29 17:21:49,062 [INFO] streaming.state_manager: [SM] TRANSITION_TO_IDLE -> IDLE
2026-07-29 22:51:49+05:30 2026-07-29 17:21:49,225 [INFO] VideoPublisher: VIDEO_PUBLISH_METRICS windowMs=5038 frames=126 effectiveFps=25.0 liveFrames=34 repeatedLiveFrames=24 idleFrames=68 maxGapMs=74.7 maxCaptureMs=1.1
2026-07-29 22:51:49+05:30 2026-07-29 17:21:49.238 | INFO     | flash_head.src.pipeline.flash_head_pipeline:generate:374 - [generate] GPU_BREAKDOWN denoise=2587.5ms decode=121.9ms color=20.6ms encode=72.8ms total=2817.8ms
2026-07-29 22:51:49+05:30 2026-07-29 17:21:49.239 | INFO     | flash_head.src.pipeline.flash_head_pipeline:generate:381 - [generate] DENOISE_STEPS total=2587.5ms steps=[s0=655.9 s1=653.7 s2=615.9 s3=661.8] n_steps=4
2026-07-29 22:51:49+05:30 2026-07-29 17:21:49,312 [INFO] FlashHeadStreamingEngine: ENGINE_BREAKDOWN deque=1.0ms ctx=0.3ms embed=48.9ms infer=2819.8ms xfer=71.5ms total=2941.5ms
2026-07-29 22:51:49+05:30 2026-07-29 17:21:49,312 [INFO] FlashHeadStreamingEngine: ENGINE_METRICS windowMs=6527 inputSamples=30400 inputRateHz=4657 pendingSamples=640 pendingSeconds=0.04 slices=2 avgInferenceMs=3120.3 maxInferenceMs=3420.8 frameQueue=24 audioQueue=0
2026-07-29 22:51:49+05:30 2026-07-29 17:21:49,342 [INFO] streaming.state_manager: [SM] IDLE -> TRANSITION_TO_LIVE (crossfade 8 frames, queue=24)
2026-07-29 22:51:49+05:30 2026-07-29 17:21:49,502 [INFO] streaming.state_manager: [SM] LIVE -> TRANSITION_TO_IDLE (crossfade 8 frames)
2026-07-29 22:51:49+05:30 2026-07-29 17:21:49,662 [INFO] streaming.state_manager: [SM] TRANSITION_TO_LIVE -> LIVE
2026-07-29 22:51:49+05:30 2026-07-29 17:21:49,820 [INFO] streaming.state_manager: [SM] TRANSITION_TO_IDLE -> IDLE
2026-07-29 22:51:50+05:30 2026-07-29 17:21:50,108 [INFO] VideoPublisher: VIDEO_PUBLISH_METRICS windowMs=5001 frames=125 effectiveFps=25.0 liveFrames=29 repeatedLiveFrames=12 idleFrames=84 maxGapMs=74.4 maxCaptureMs=3.1
2026-07-29 22:51:50+05:30 2026-07-29 17:21:50.264 | INFO     | flash_head.src.pipeline.flash_head_pipeline:generate:374 - [generate] GPU_BREAKDOWN denoise=2707.5ms decode=143.5ms color=18.3ms encode=80.2ms total=2956.3ms
2026-07-29 22:51:50+05:30 2026-07-29 17:21:50.265 | INFO     | flash_head.src.pipeline.flash_head_pipeline:generate:381 - [generate] DENOISE_STEPS total=2707.5ms steps=[s0=557.5 s1=732.4 s2=588.0 s3=829.6] n_steps=4
2026-07-29 22:51:50+05:30 2026-07-29 17:21:50,339 [INFO] FlashHeadStreamingEngine: ENGINE_BREAKDOWN deque=0.9ms ctx=0.3ms embed=51.9ms infer=2959.8ms xfer=71.5ms total=3084.4ms
2026-07-29 22:51:50+05:30 2026-07-29 17:21:50,339 [INFO] FlashHeadStreamingEngine: ENGINE_METRICS windowMs=6289 inputSamples=30400 inputRateHz=4834 pendingSamples=640 pendingSeconds=0.04 slices=2 avgInferenceMs=3002.7 maxInferenceMs=3045.5 frameQueue=24 audioQueue=0
2026-07-29 22:51:50+05:30 2026-07-29 17:21:50,344 [INFO] streaming.state_manager: [SM] IDLE -> TRANSITION_TO_LIVE (crossfade 8 frames, queue=24)
2026-07-29 22:51:50+05:30 2026-07-29 17:21:50,662 [INFO] streaming.state_manager: [SM] TRANSITION_TO_LIVE -> LIVE
2026-07-29 22:51:50+05:30 2026-07-29 17:21:50,825 [INFO] streaming.state_manager: [SM] LIVE -> TRANSITION_TO_IDLE (crossfade 8 frames)
2026-07-29 22:51:51+05:30 2026-07-29 17:21:51,143 [INFO] streaming.state_manager: [SM] TRANSITION_TO_IDLE -> IDLE
2026-07-29 22:51:51+05:30 2026-07-29 17:21:51.151 | INFO     | flash_head.src.pipeline.flash_head_pipeline:generate:374 - [generate] GPU_BREAKDOWN denoise=2813.1ms decode=120.2ms color=26.3ms encode=79.6ms total=3046.9ms
2026-07-29 22:51:51+05:30 2026-07-29 17:21:51.152 | INFO     | flash_head.src.pipeline.flash_head_pipeline:generate:381 - [generate] DENOISE_STEPS total=2813.1ms steps=[s0=680.2 s1=665.8 s2=715.2 s3=751.9] n_steps=4
2026-07-29 22:51:51+05:30 2026-07-29 17:21:51,220 [INFO] FlashHeadStreamingEngine: ENGINE_BREAKDOWN deque=1.0ms ctx=0.3ms embed=53.9ms infer=3049.3ms xfer=66.2ms total=3170.7ms
2026-07-29 22:51:51+05:30 2026-07-29 17:21:51,220 [INFO] streaming.state_manager: [SM] IDLE -> TRANSITION_TO_LIVE (crossfade 8 frames, queue=24)
2026-07-29 22:51:51+05:30 2026-07-29 17:21:51,539 [INFO] streaming.state_manager: [SM] TRANSITION_TO_LIVE -> LIVE
2026-07-29 22:51:51+05:30 2026-07-29 17:21:51,827 [INFO] streaming.state_manager: [SM] LIVE -> TRANSITION_TO_IDLE (crossfade 8 frames)
2026-07-29 22:51:52+05:30 2026-07-29 17:21:52,143 [INFO] streaming.state_manager: [SM] TRANSITION_TO_IDLE -> IDLE
2026-07-29 22:51:52+05:30 2026-07-29 17:21:52,182 [INFO] VideoPublisher: VIDEO_PUBLISH_METRICS windowMs=5040 frames=126 effectiveFps=25.0 liveFrames=34 repeatedLiveFrames=12 idleFrames=80 maxGapMs=74.7 maxCaptureMs=1.1
2026-07-29 22:51:52+05:30 2026-07-29 17:21:52,701 [INFO] streaming.state_manager: [SM] LIVE -> TRANSITION_TO_IDLE (crossfade 8 frames)
2026-07-29 22:51:52+05:30 2026-07-29 17:21:52.928 | INFO     | flash_head.src.pipeline.flash_head_pipeline:generate:374 - [generate] GPU_BREAKDOWN denoise=3263.8ms decode=139.5ms color=36.0ms encode=101.4ms total=3548.6ms
2026-07-29 22:51:52+05:30 2026-07-29 17:21:52.928 | INFO     | flash_head.src.pipeline.flash_head_pipeline:generate:381 - [generate] DENOISE_STEPS total=3263.8ms steps=[s0=784.6 s1=751.4 s2=774.8 s3=953.0] n_steps=4
2026-07-29 22:51:52+05:30 2026-07-29 17:21:52,997 [INFO] FlashHeadStreamingEngine: ENGINE_BREAKDOWN deque=1.0ms ctx=0.3ms embed=53.4ms infer=3550.0ms xfer=67.8ms total=3672.5ms
2026-07-29 22:51:53+05:30 2026-07-29 17:21:53,019 [INFO] streaming.state_manager: [SM] TRANSITION_TO_IDLE -> IDLE
2026-07-29 22:51:53+05:30 2026-07-29 17:21:53,027 [INFO] streaming.state_manager: [SM] IDLE -> TRANSITION_TO_LIVE (crossfade 8 frames, queue=24)
2026-07-29 22:51:53+05:30 [METRICS] GPU_util=21% GPU_temp=46C GPU_mem=4.3GB/44.4GB (reserved=6.1GB) RSS=11886MB CPU_user=244.9s CPU_sys=21.7s sessions=3 pool=0/3
2026-07-29 22:51:53+05:30 2026-07-29 17:21:53,344 [INFO] streaming.state_manager: [SM] TRANSITION_TO_LIVE -> LIVE
2026-07-29 22:51:53+05:30 2026-07-29 17:21:53,391 [INFO] handler: UTTERANCE_END_RECEIVED session=conc-test-1-2111da
2026-07-29 22:51:53+05:30 2026-07-29 17:21:53,512 [INFO] handler: UTTERANCE_END_RECEIVED session=conc-test-2-50d159
2026-07-29 22:51:54+05:30 2026-07-29 17:21:54.083 | INFO     | flash_head.src.pipeline.flash_head_pipeline:generate:374 - [generate] GPU_BREAKDOWN denoise=3398.9ms decode=130.8ms color=25.1ms encode=104.8ms total=3665.2ms
2026-07-29 22:51:54+05:30 2026-07-29 17:21:54.083 | INFO     | flash_head.src.pipeline.flash_head_pipeline:generate:381 - [generate] DENOISE_STEPS total=3398.9ms steps=[s0=639.4 s1=945.7 s2=864.4 s3=949.3] n_steps=4
2026-07-29 22:51:54+05:30 2026-07-29 17:21:54,152 [INFO] FlashHeadStreamingEngine: ENGINE_BREAKDOWN deque=1.0ms ctx=0.3ms embed=55.6ms infer=3666.8ms xfer=67.9ms total=3791.6ms
2026-07-29 22:51:54+05:30 2026-07-29 17:21:54,183 [INFO] streaming.state_manager: [SM] IDLE -> TRANSITION_TO_LIVE (crossfade 8 frames, queue=24)
2026-07-29 22:51:54+05:30 2026-07-29 17:21:54,226 [INFO] VideoPublisher: VIDEO_PUBLISH_METRICS windowMs=5001 frames=125 effectiveFps=25.0 liveFrames=17 repeatedLiveFrames=12 idleFrames=96 maxGapMs=46.5 maxCaptureMs=3.1
2026-07-29 22:51:54+05:30 2026-07-29 17:21:54,502 [INFO] streaming.state_manager: [SM] TRANSITION_TO_LIVE -> LIVE
2026-07-29 22:51:54+05:30 2026-07-29 17:21:54,510 [INFO] streaming.state_manager: [SM] LIVE -> TRANSITION_TO_IDLE (crossfade 8 frames)
2026-07-29 22:51:54+05:30 2026-07-29 17:21:54,823 [INFO] streaming.state_manager: [SM] TRANSITION_TO_IDLE -> IDLE
2026-07-29 22:51:55+05:30 2026-07-29 17:21:55,116 [INFO] VideoPublisher: VIDEO_PUBLISH_METRICS windowMs=5007 frames=125 effectiveFps=25.0 liveFrames=22 repeatedLiveFrames=24 idleFrames=79 maxGapMs=46.3 maxCaptureMs=2.6
2026-07-29 22:51:55+05:30 2026-07-29 17:21:55.286 | INFO     | flash_head.src.pipeline.flash_head_pipeline:generate:374 - [generate] GPU_BREAKDOWN denoise=3636.9ms decode=150.4ms color=35.3ms encode=155.1ms total=3981.8ms
2026-07-29 22:51:55+05:30 2026-07-29 17:21:55.287 | INFO     | flash_head.src.pipeline.flash_head_pipeline:generate:381 - [generate] DENOISE_STEPS total=3636.9ms steps=[s0=938.1 s1=917.4 s2=840.9 s3=940.5] n_steps=4
2026-07-29 22:51:55+05:30 2026-07-29 17:21:55,394 [INFO] FlashHeadStreamingEngine: ENGINE_BREAKDOWN deque=1.0ms ctx=0.3ms embed=60.7ms infer=3983.9ms xfer=105.7ms total=4151.5ms
2026-07-29 22:51:55+05:30 2026-07-29 17:21:55,394 [INFO] FlashHeadStreamingEngine: ENGINE_METRICS windowMs=7370 inputSamples=30400 inputRateHz=4125 pendingSamples=640 pendingSeconds=0.04 slices=2 avgInferenceMs=3516.6 maxInferenceMs=3983.9 frameQueue=24 audioQueue=0
2026-07-29 22:51:55+05:30 2026-07-29 17:21:55,418 [INFO] streaming.state_manager: [SM] IDLE -> TRANSITION_TO_LIVE (crossfade 8 frames, queue=24)
2026-07-29 22:51:55+05:30 2026-07-29 17:21:55,653 [INFO] handler: UTTERANCE_END_RECEIVED session=conc-test-3-d14b44
2026-07-29 22:51:55+05:30 2026-07-29 17:21:55,666 [INFO] streaming.state_manager: [SM] LIVE -> TRANSITION_TO_IDLE (crossfade 8 frames)
2026-07-29 22:51:55+05:30 2026-07-29 17:21:55,739 [INFO] streaming.state_manager: [SM] TRANSITION_TO_LIVE -> LIVE
2026-07-29 22:51:55+05:30 2026-07-29 17:21:55,983 [INFO] streaming.state_manager: [SM] TRANSITION_TO_IDLE -> IDLE
2026-07-29 22:51:56+05:30 2026-07-29 17:21:56.633 | INFO     | flash_head.src.pipeline.flash_head_pipeline:generate:374 - [generate] GPU_BREAKDOWN denoise=3315.1ms decode=120.6ms color=28.7ms encode=73.2ms total=3548.2ms
2026-07-29 22:51:56+05:30 2026-07-29 17:21:56.634 | INFO     | flash_head.src.pipeline.flash_head_pipeline:generate:381 - [generate] DENOISE_STEPS total=3315.1ms steps=[s0=866.3 s1=945.9 s2=828.2 s3=674.6] n_steps=4
2026-07-29 22:51:56+05:30 2026-07-29 17:21:56,729 [INFO] FlashHeadStreamingEngine: ENGINE_BREAKDOWN deque=0.9ms ctx=0.3ms embed=75.4ms infer=3550.1ms xfer=93.6ms total=3720.4ms
2026-07-29 22:51:56+05:30 2026-07-29 17:21:56,729 [INFO] FlashHeadStreamingEngine: ENGINE_METRICS windowMs=7416 inputSamples=30400 inputRateHz=4099 pendingSamples=320 pendingSeconds=0.02 slices=2 avgInferenceMs=3550.1 maxInferenceMs=3550.1 frameQueue=24 audioQueue=0
2026-07-29 22:51:56+05:30 2026-07-29 17:21:56,742 [INFO] streaming.state_manager: [SM] IDLE -> TRANSITION_TO_LIVE (crossfade 8 frames, queue=24)
2026-07-29 22:51:56+05:30 2026-07-29 17:21:56,901 [INFO] streaming.state_manager: [SM] LIVE -> TRANSITION_TO_IDLE (crossfade 8 frames)
2026-07-29 22:51:57+05:30 2026-07-29 17:21:57,063 [INFO] streaming.state_manager: [SM] TRANSITION_TO_LIVE -> LIVE
2026-07-29 22:51:57+05:30 2026-07-29 17:21:57,218 [INFO] streaming.state_manager: [SM] TRANSITION_TO_IDLE -> IDLE
2026-07-29 22:51:57+05:30 2026-07-29 17:21:57,222 [INFO] VideoPublisher: VIDEO_PUBLISH_METRICS windowMs=5039 frames=126 effectiveFps=25.0 liveFrames=17 repeatedLiveFrames=24 idleFrames=85 maxGapMs=46.7 maxCaptureMs=1.3
2026-07-29 22:51:57+05:30 2026-07-29 17:21:57.446 | INFO     | flash_head.src.pipeline.flash_head_pipeline:generate:374 - [generate] GPU_BREAKDOWN denoise=2999.0ms decode=118.6ms color=18.5ms encode=75.6ms total=3226.5ms
2026-07-29 22:51:57+05:30 2026-07-29 17:21:57.446 | INFO     | flash_head.src.pipeline.flash_head_pipeline:generate:381 - [generate] DENOISE_STEPS total=2999.0ms steps=[s0=880.9 s1=832.1 s2=599.3 s3=686.7] n_steps=4
2026-07-29 22:51:57+05:30 2026-07-29 17:21:57,545 [INFO] FlashHeadStreamingEngine: ENGINE_BREAKDOWN deque=0.9ms ctx=0.3ms embed=54.2ms infer=3228.5ms xfer=97.7ms total=3381.6ms
2026-07-29 22:51:57+05:30 2026-07-29 17:21:57,546 [INFO] FlashHeadStreamingEngine: ENGINE_METRICS windowMs=7206 inputSamples=30400 inputRateHz=4219 pendingSamples=320 pendingSeconds=0.02 slices=2 avgInferenceMs=3447.7 maxInferenceMs=3666.8 frameQueue=24 audioQueue=1
2026-07-29 22:51:57+05:30 2026-07-29 17:21:57,583 [INFO] streaming.state_manager: [SM] IDLE -> TRANSITION_TO_LIVE (crossfade 8 frames, queue=24)
2026-07-29 22:51:57+05:30 2026-07-29 17:21:57,903 [INFO] streaming.state_manager: [SM] TRANSITION_TO_LIVE -> LIVE
2026-07-29 22:51:58+05:30 [METRICS] GPU_util=16% GPU_temp=46C GPU_mem=4.3GB/44.4GB (reserved=6.1GB) RSS=11886MB CPU_user=256.3s CPU_sys=22.7s sessions=3 pool=0/3
2026-07-29 22:51:58+05:30 2026-07-29 17:21:58.209 | INFO     | flash_head.src.pipeline.flash_head_pipeline:generate:374 - [generate] GPU_BREAKDOWN denoise=2510.4ms decode=131.2ms color=21.6ms encode=76.1ms total=2752.2ms
2026-07-29 22:51:58+05:30 2026-07-29 17:21:58.209 | INFO     | flash_head.src.pipeline.flash_head_pipeline:generate:381 - [generate] DENOISE_STEPS total=2510.4ms steps=[s0=675.9 s1=439.3 s2=703.6 s3=691.5] n_steps=4
2026-07-29 22:51:58+05:30 2026-07-29 17:21:58,224 [INFO] streaming.state_manager: [SM] LIVE -> TRANSITION_TO_IDLE (crossfade 8 frames)
2026-07-29 22:51:58+05:30 2026-07-29 17:21:58,310 [INFO] FlashHeadStreamingEngine: ENGINE_BREAKDOWN deque=1.0ms ctx=0.3ms embed=48.6ms infer=2754.6ms xfer=98.7ms total=2903.1ms
2026-07-29 22:51:58+05:30 2026-07-29 17:21:58,339 [INFO] streaming.state_manager: [SM] IDLE -> TRANSITION_TO_LIVE (crossfade 8 frames, queue=24)
2026-07-29 22:51:58+05:30 2026-07-29 17:21:58,542 [INFO] streaming.state_manager: [SM] TRANSITION_TO_IDLE -> IDLE
2026-07-29 22:51:58+05:30 2026-07-29 17:21:58,658 [INFO] streaming.state_manager: [SM] TRANSITION_TO_LIVE -> LIVE
2026-07-29 22:51:59+05:30 2026-07-29 17:21:59,066 [INFO] streaming.state_manager: [SM] LIVE -> TRANSITION_TO_IDLE (crossfade 8 frames)
2026-07-29 22:51:59+05:30 2026-07-29 17:21:59,228 [INFO] VideoPublisher: VIDEO_PUBLISH_METRICS windowMs=5001 frames=125 effectiveFps=25.0 liveFrames=34 repeatedLiveFrames=24 idleFrames=67 maxGapMs=45.3 maxCaptureMs=2.4
2026-07-29 22:51:59+05:30 2026-07-29 17:21:59,382 [INFO] streaming.state_manager: [SM] TRANSITION_TO_IDLE -> IDLE
2026-07-29 22:51:59+05:30 2026-07-29 17:21:59,821 [INFO] streaming.state_manager: [SM] LIVE -> TRANSITION_TO_IDLE (crossfade 8 frames)
2026-07-29 22:51:59+05:30 2026-07-29 17:21:59.993 | INFO     | flash_head.src.pipeline.flash_head_pipeline:generate:374 - [generate] GPU_BREAKDOWN denoise=2940.3ms decode=126.1ms color=26.7ms encode=86.8ms total=3191.5ms
2026-07-29 22:51:59+05:30 2026-07-29 17:21:59.993 | INFO     | flash_head.src.pipeline.flash_head_pipeline:generate:381 - [generate] DENOISE_STEPS total=2940.3ms steps=[s0=579.3 s1=726.2 s2=823.3 s3=811.4] n_steps=4
2026-07-29 22:52:00+05:30 2026-07-29 17:22:00,084 [INFO] FlashHeadStreamingEngine: ENGINE_BREAKDOWN deque=0.9ms ctx=0.3ms embed=48.9ms infer=3193.2ms xfer=90.1ms total=3333.4ms
2026-07-29 22:52:00+05:30 2026-07-29 17:22:00,103 [INFO] streaming.state_manager: [SM] IDLE -> TRANSITION_TO_LIVE (crossfade 8 frames, queue=24)
2026-07-29 22:52:00+05:30 2026-07-29 17:22:00,138 [INFO] streaming.state_manager: [SM] TRANSITION_TO_IDLE -> IDLE
2026-07-29 22:52:00+05:30 2026-07-29 17:22:00,149 [INFO] VideoPublisher: VIDEO_PUBLISH_METRICS windowMs=5030 frames=126 effectiveFps=25.1 liveFrames=17 repeatedLiveFrames=12 idleFrames=97 maxGapMs=46.6 maxCaptureMs=1.4
2026-07-29 22:52:00+05:30 2026-07-29 17:22:00,422 [INFO] streaming.state_manager: [SM] TRANSITION_TO_LIVE -> LIVE
2026-07-29 22:52:00+05:30 2026-07-29 17:22:00.922 | INFO     | flash_head.src.pipeline.flash_head_pipeline:generate:374 - [generate] GPU_BREAKDOWN denoise=3012.2ms decode=131.1ms color=40.3ms encode=107.1ms total=3302.2ms
2026-07-29 22:52:00+05:30 2026-07-29 17:22:00.922 | INFO     | flash_head.src.pipeline.flash_head_pipeline:generate:381 - [generate] DENOISE_STEPS total=3012.2ms steps=[s0=493.8 s1=879.2 s2=811.7 s3=827.5] n_steps=4
2026-07-29 22:52:01+05:30 2026-07-29 17:22:01,023 [INFO] FlashHeadStreamingEngine: ENGINE_BREAKDOWN deque=1.0ms ctx=0.3ms embed=55.4ms infer=3304.0ms xfer=99.0ms total=3459.7ms
2026-07-29 22:52:01+05:30 2026-07-29 17:22:01,063 [INFO] streaming.state_manager: [SM] IDLE -> TRANSITION_TO_LIVE (crossfade 8 frames, queue=24)
2026-07-29 22:52:01+05:30 2026-07-29 17:22:01,384 [INFO] streaming.state_manager: [SM] TRANSITION_TO_LIVE -> LIVE
2026-07-29 22:52:01+05:30 2026-07-29 17:22:01,589 [INFO] streaming.state_manager: [SM] LIVE -> TRANSITION_TO_IDLE (crossfade 8 frames)
2026-07-29 22:52:01+05:30 2026-07-29 17:22:01,886 [INFO] handler: UTTERANCE_END_RECEIVED session=conc-test-1-2111da
2026-07-29 22:52:01+05:30 2026-07-29 17:22:01,902 [INFO] streaming.state_manager: [SM] TRANSITION_TO_IDLE -> IDLE
2026-07-29 22:52:01+05:30 2026-07-29 17:22:01,969 [INFO] handler: UTTERANCE_END_RECEIVED session=conc-test-2-50d159
2026-07-29 22:52:02+05:30 2026-07-29 17:22:02.024 | INFO     | flash_head.src.pipeline.flash_head_pipeline:generate:374 - [generate] GPU_BREAKDOWN denoise=3381.6ms decode=138.8ms color=23.7ms encode=93.6ms total=3650.0ms
2026-07-29 22:52:02+05:30 2026-07-29 17:22:02.024 | INFO     | flash_head.src.pipeline.flash_head_pipeline:generate:381 - [generate] DENOISE_STEPS total=3381.6ms steps=[s0=822.4 s1=731.7 s2=842.3 s3=985.2] n_steps=4
2026-07-29 22:52:02+05:30 2026-07-29 17:22:02,110 [INFO] FlashHeadStreamingEngine: ENGINE_BREAKDOWN deque=0.9ms ctx=0.3ms embed=49.1ms infer=3653.9ms xfer=81.8ms total=3786.0ms
2026-07-29 22:52:02+05:30 2026-07-29 17:22:02,110 [INFO] FlashHeadStreamingEngine: ENGINE_METRICS windowMs=6716 inputSamples=30400 inputRateHz=4526 pendingSamples=320 pendingSeconds=0.02 slices=2 avgInferenceMs=3204.2 maxInferenceMs=3653.9 frameQueue=24 audioQueue=0
2026-07-29 22:52:02+05:30 2026-07-29 17:22:02,139 [INFO] streaming.state_manager: [SM] IDLE -> TRANSITION_TO_LIVE (crossfade 8 frames, queue=24)
2026-07-29 22:52:02+05:30 2026-07-29 17:22:02,261 [INFO] VideoPublisher: VIDEO_PUBLISH_METRICS windowMs=5039 frames=126 effectiveFps=25.0 liveFrames=17 repeatedLiveFrames=12 idleFrames=97 maxGapMs=46.7 maxCaptureMs=2.3
2026-07-29 22:52:02+05:30 2026-07-29 17:22:02,458 [INFO] streaming.state_manager: [SM] TRANSITION_TO_LIVE -> LIVE
2026-07-29 22:52:02+05:30 2026-07-29 17:22:02,549 [INFO] streaming.state_manager: [SM] LIVE -> TRANSITION_TO_IDLE (crossfade 8 frames)
2026-07-29 22:52:02+05:30 2026-07-29 17:22:02,863 [INFO] streaming.state_manager: [SM] TRANSITION_TO_IDLE -> IDLE
2026-07-29 22:52:03+05:30 [METRICS] GPU_util=15% GPU_temp=46C GPU_mem=4.3GB/44.4GB (reserved=6.1GB) RSS=11886MB CPU_user=268.4s CPU_sys=23.6s sessions=3 pool=0/3
2026-07-29 22:52:03+05:30 2026-07-29 17:22:03,621 [INFO] streaming.state_manager: [SM] LIVE -> TRANSITION_TO_IDLE (crossfade 8 frames)
2026-07-29 22:52:03+05:30 2026-07-29 17:22:03.663 | INFO     | flash_head.src.pipeline.flash_head_pipeline:generate:374 - [generate] GPU_BREAKDOWN denoise=3247.1ms decode=128.4ms color=20.4ms encode=93.9ms total=3498.5ms
2026-07-29 22:52:03+05:30 2026-07-29 17:22:03.664 | INFO     | flash_head.src.pipeline.flash_head_pipeline:generate:381 - [generate] DENOISE_STEPS total=3247.1ms steps=[s0=613.3 s1=984.6 s2=804.6 s3=844.6] n_steps=4
2026-07-29 22:52:03+05:30 2026-07-29 17:22:03,744 [INFO] FlashHeadStreamingEngine: ENGINE_BREAKDOWN deque=1.0ms ctx=0.3ms embed=66.4ms infer=3501.3ms xfer=78.3ms total=3647.2ms
2026-07-29 22:52:03+05:30 2026-07-29 17:22:03,745 [INFO] FlashHeadStreamingEngine: ENGINE_METRICS windowMs=7016 inputSamples=30400 inputRateHz=4333 pendingSamples=0 pendingSeconds=0.00 slices=2 avgInferenceMs=3347.2 maxInferenceMs=3501.3 frameQueue=24 audioQueue=0
2026-07-29 22:52:03+05:30 2026-07-29 17:22:03,786 [INFO] streaming.state_manager: [SM] IDLE -> TRANSITION_TO_LIVE (crossfade 8 frames, queue=24)
2026-07-29 22:52:03+05:30 2026-07-29 17:22:03,939 [INFO] streaming.state_manager: [SM] TRANSITION_TO_IDLE -> IDLE
2026-07-29 22:52:04+05:30 2026-07-29 17:22:04,106 [INFO] streaming.state_manager: [SM] TRANSITION_TO_LIVE -> LIVE
2026-07-29 22:52:04+05:30 2026-07-29 17:22:04,123 [INFO] handler: UTTERANCE_END_RECEIVED session=conc-test-3-d14b44
2026-07-29 22:52:04+05:30 2026-07-29 17:22:04,266 [INFO] VideoPublisher: VIDEO_PUBLISH_METRICS windowMs=5038 frames=126 effectiveFps=25.0 liveFrames=17 repeatedLiveFrames=12 idleFrames=97 maxGapMs=45.8 maxCaptureMs=1.6
2026-07-29 22:52:04+05:30 2026-07-29 17:22:04.604 | INFO     | flash_head.src.pipeline.flash_head_pipeline:generate:374 - [generate] GPU_BREAKDOWN denoise=3253.3ms decode=126.0ms color=28.2ms encode=75.0ms total=3489.6ms
2026-07-29 22:52:04+05:30 2026-07-29 17:22:04.604 | INFO     | flash_head.src.pipeline.flash_head_pipeline:generate:381 - [generate] DENOISE_STEPS total=3253.3ms steps=[s0=854.8 s1=863.2 s2=752.4 s3=782.9] n_steps=4
2026-07-29 22:52:04+05:30 2026-07-29 17:22:04,692 [INFO] FlashHeadStreamingEngine: ENGINE_BREAKDOWN deque=1.0ms ctx=0.3ms embed=67.6ms infer=3491.7ms xfer=86.5ms total=3647.0ms
2026-07-29 22:52:04+05:30 2026-07-29 17:22:04,693 [INFO] FlashHeadStreamingEngine: ENGINE_METRICS windowMs=7147 inputSamples=30400 inputRateHz=4253 pendingSamples=0 pendingSeconds=0.00 slices=2 avgInferenceMs=3397.8 maxInferenceMs=3491.7 frameQueue=24 audioQueue=0
2026-07-29 22:52:04+05:30 2026-07-29 17:22:04,703 [INFO] streaming.state_manager: [SM] IDLE -> TRANSITION_TO_LIVE (crossfade 8 frames, queue=24)
2026-07-29 22:52:05+05:30 2026-07-29 17:22:05,022 [INFO] streaming.state_manager: [SM] TRANSITION_TO_LIVE -> LIVE
2026-07-29 22:52:05+05:30 2026-07-29 17:22:05,149 [INFO] VideoPublisher: VIDEO_PUBLISH_METRICS windowMs=5000 frames=125 effectiveFps=25.0 liveFrames=34 repeatedLiveFrames=22 idleFrames=69 maxGapMs=45.4 maxCaptureMs=1.2
2026-07-29 22:52:05+05:30 2026-07-29 17:22:05,247 [INFO] handler: WS_CLOSED session=conc-test-2-50d159 ip=172.20.34.19
2026-07-29 22:52:05+05:30 2026-07-29 17:22:05,247 [INFO] handler: WS_CONNECTION_LOST session=conc-test-2-50d159 ip=172.20.34.19
2026-07-29 22:52:05+05:30 2026-07-29 17:22:05,247 [INFO] aiohttp.access: 172.20.34.19 [29/Jul/2026:17:20:06 +0000] "GET /ws/conc-test-2-50d159 HTTP/1.1" 101 0 "-" "Python/3.14 websockets/16.1.1"
2026-07-29 22:52:05+05:30 2026-07-29 17:22:05,268 [INFO] streaming.state_manager: [SM] LIVE -> TRANSITION_TO_IDLE (crossfade 8 frames)
2026-07-29 22:52:05+05:30 CONNECT /ws/conc-test-2-50d159 -> 101 Switching Protocols  (duration: 119.1 s, execution: 119.1 s)
2026-07-29 22:52:05+05:30 2026-07-29 17:22:05.514 | INFO     | flash_head.src.pipeline.flash_head_pipeline:generate:374 - [generate] GPU_BREAKDOWN denoise=3088.8ms decode=121.3ms color=23.2ms encode=73.9ms total=3320.0ms
2026-07-29 22:52:05+05:30 2026-07-29 17:22:05.514 | INFO     | flash_head.src.pipeline.flash_head_pipeline:generate:381 - [generate] DENOISE_STEPS total=3088.8ms steps=[s0=771.7 s1=806.1 s2=725.8 s3=785.2] n_steps=4
2026-07-29 22:52:05+05:30 2026-07-29 17:22:05,584 [INFO] streaming.state_manager: [SM] TRANSITION_TO_IDLE -> IDLE
2026-07-29 22:52:05+05:30 2026-07-29 17:22:05,609 [INFO] FlashHeadStreamingEngine: ENGINE_BREAKDOWN deque=0.9ms ctx=0.3ms embed=68.0ms infer=3321.5ms xfer=94.1ms total=3484.8ms
2026-07-29 22:52:05+05:30 2026-07-29 17:22:05,618 [INFO] streaming.state_manager: [SM] IDLE -> TRANSITION_TO_LIVE (crossfade 8 frames, queue=24)
2026-07-29 22:52:05+05:30 2026-07-29 17:22:05,799 [INFO] handler: WS_CLOSED session=conc-test-1-2111da ip=172.20.34.19
2026-07-29 22:52:05+05:30 2026-07-29 17:22:05,799 [INFO] handler: WS_CONNECTION_LOST session=conc-test-1-2111da ip=172.20.34.19
2026-07-29 22:52:05+05:30 2026-07-29 17:22:05,799 [INFO] aiohttp.access: 172.20.34.19 [29/Jul/2026:17:21:14 +0000] "GET /ws/conc-test-1-2111da HTTP/1.1" 101 0 "-" "Python/3.14 websockets/16.1.1"
2026-07-29 22:52:05+05:30 CONNECT /ws/conc-test-1-2111da -> 101 Switching Protocols  (duration: 51.4 s, execution: 51.4 s)
2026-07-29 22:52:05+05:30 2026-07-29 17:22:05,939 [INFO] streaming.state_manager: [SM] TRANSITION_TO_LIVE -> LIVE
2026-07-29 22:52:06+05:30 2026-07-29 17:22:06,177 [INFO] stream_processor: [NATIVE-DIAG] {'event': 'participant_disconnected', 't': 123.098, 'identity': 'viewer-conc-test-2-50d159'}
2026-07-29 22:52:06+05:30 2026-07-29 17:22:06,187 [INFO] streaming.state_manager: [SM] LIVE -> TRANSITION_TO_IDLE (crossfade 8 frames)
2026-07-29 22:52:06+05:30 2026-07-29 17:22:06,235 [INFO] FlashHeadStreamingEngine: ENGINE_METRICS windowMs=1542 inputSamples=16000 inputRateHz=10375 pendingSamples=640 pendingSeconds=0.04 slices=0 avgInferenceMs=0.0 maxInferenceMs=0.0 frameQueue=0 audioQueue=0
2026-07-29 22:52:06+05:30 2026-07-29 17:22:06,237 [INFO] FlashHeadStreamingEngine: FlashHeadStreamingEngine closed
2026-07-29 22:52:06+05:30 2026-07-29 17:22:06,238 [INFO] streaming.websocket_server: Unregistered WebSocket session: conc-test-2-50d159
2026-07-29 22:52:06+05:30 2026-07-29 17:22:06,277 [INFO] stream_processor: [NATIVE-DIAG] {'event': 'connection_state_changed', 't': 123.197, 'state': '0'}
2026-07-29 22:52:06+05:30 2026-07-29 17:22:06,277 [INFO] stream_processor: [NATIVE-DIAG] {'event': 'disconnected', 't': 123.198, 'state': '0', 'reason': '1'}
2026-07-29 22:52:06+05:30 2026-07-29 17:22:06,278 [INFO] aiohttp.access: 172.20.34.19 [29/Jul/2026:17:22:06 +0000] "POST /sessions/conc-test-2-50d159/end HTTP/1.1" 200 232 "-" "Python/3.14 aiohttp/3.14.1"
2026-07-29 22:52:06+05:30    POST /sessions/conc-test-2-50d159/end -> 200 OK  (duration: 133.4 ms, execution: 97.8 ms)
2026-07-29 22:52:06+05:30 2026-07-29 17:22:06,748 [INFO] FlashHeadStreamingEngine: ENGINE_METRICS windowMs=3003 inputSamples=16000 inputRateHz=5328 pendingSamples=640 pendingSeconds=0.04 slices=0 avgInferenceMs=0.0 maxInferenceMs=0.0 frameQueue=0 audioQueue=0
2026-07-29 22:52:06+05:30 2026-07-29 17:22:06,750 [INFO] FlashHeadStreamingEngine: FlashHeadStreamingEngine closed
2026-07-29 22:52:06+05:30 2026-07-29 17:22:06,750 [INFO] streaming.websocket_server: Unregistered WebSocket session: conc-test-1-2111da
2026-07-29 22:52:06+05:30 2026-07-29 17:22:06,794 [INFO] stream_processor: [NATIVE-DIAG] {'event': 'connection_state_changed', 't': 128.805, 'state': '0'}
2026-07-29 22:52:06+05:30 2026-07-29 17:22:06,798 [INFO] livekit: livekit::room:1687:livekit::room - disconnected from room with reason: ClientInitiated
2026-07-29 22:52:06+05:30 2026-07-29 17:22:06,801 [INFO] aiohttp.access: 172.20.34.19 [29/Jul/2026:17:22:06 +0000] "POST /sessions/conc-test-1-2111da/end HTTP/1.1" 200 232 "-" "Python/3.14 aiohttp/3.14.1"
2026-07-29 22:52:06+05:30    POST /sessions/conc-test-1-2111da/end -> 200 OK  (duration: 138.1 ms, execution: 91.8 ms)
2026-07-29 22:52:06+05:30 2026-07-29 17:22:06.996 | INFO     | flash_head.src.pipeline.flash_head_pipeline:generate:374 - [generate] GPU_BREAKDOWN denoise=2893.0ms decode=182.4ms color=19.6ms encode=65.8ms total=3173.0ms
2026-07-29 22:52:06+05:30 2026-07-29 17:22:06.997 | INFO     | flash_head.src.pipeline.flash_head_pipeline:generate:381 - [generate] DENOISE_STEPS total=2893.0ms steps=[s0=676.9 s1=795.1 s2=640.4 s3=780.6] n_steps=4
2026-07-29 22:52:07+05:30 2026-07-29 17:22:07,095 [INFO] FlashHeadStreamingEngine: ENGINE_BREAKDOWN deque=1.0ms ctx=0.3ms embed=60.8ms infer=3175.3ms xfer=96.6ms total=3334.0ms
2026-07-29 22:52:07+05:30 2026-07-29 17:22:07,101 [INFO] streaming.state_manager: [SM] LIVE -> TRANSITION_TO_IDLE (crossfade 8 frames)
2026-07-29 22:52:07+05:30 2026-07-29 17:22:07,262 [INFO] VideoPublisher: VIDEO_PUBLISH_METRICS windowMs=5000 frames=125 effectiveFps=25.0 liveFrames=34 repeatedLiveFrames=24 idleFrames=67 maxGapMs=58.7 maxCaptureMs=1.2
2026-07-29 22:52:07+05:30 2026-07-29 17:22:07.400 | INFO     | flash_head.src.pipeline.flash_head_pipeline:generate:374 - [generate] GPU_BREAKDOWN denoise=2467.1ms decode=88.5ms color=10.8ms encode=33.9ms total=2609.4ms
2026-07-29 22:52:07+05:30 2026-07-29 17:22:07.400 | INFO     | flash_head.src.pipeline.flash_head_pipeline:generate:381 - [generate] DENOISE_STEPS total=2467.1ms steps=[s0=626.5 s1=748.4 s2=745.2 s3=347.0] n_steps=4
2026-07-29 22:52:07+05:30 2026-07-29 17:22:07,418 [INFO] streaming.state_manager: [SM] TRANSITION_TO_IDLE -> IDLE
2026-07-29 22:52:07+05:30 2026-07-29 17:22:07,497 [INFO] FlashHeadStreamingEngine: ENGINE_BREAKDOWN deque=1.0ms ctx=0.3ms embed=65.0ms infer=2610.3ms xfer=95.9ms total=2772.5ms
2026-07-29 22:52:07+05:30 2026-07-29 17:22:07.624 | INFO     | flash_head.src.pipeline.flash_head_pipeline:generate:374 - [generate] GPU_BREAKDOWN denoise=1842.0ms decode=72.2ms color=6.5ms encode=17.3ms total=1938.5ms
2026-07-29 22:52:07+05:30 2026-07-29 17:22:07.624 | INFO     | flash_head.src.pipeline.flash_head_pipeline:generate:381 - [generate] DENOISE_STEPS total=1842.0ms steps=[s0=776.5 s1=641.3 s2=251.2 s3=173.1] n_steps=4
2026-07-29 22:52:07+05:30 2026-07-29 17:22:07,720 [INFO] FlashHeadStreamingEngine: ENGINE_BREAKDOWN deque=0.9ms ctx=0.3ms embed=53.0ms infer=1939.1ms xfer=95.6ms total=2088.9ms
2026-07-29 22:52:07+05:30 2026-07-29 17:22:07,720 [INFO] FlashHeadStreamingEngine: ENGINE_METRICS windowMs=5609 inputSamples=30400 inputRateHz=5420 pendingSamples=0 pendingSeconds=0.00 slices=2 avgInferenceMs=2630.3 maxInferenceMs=3321.5 frameQueue=24 audioQueue=0
2026-07-29 22:52:07+05:30 2026-07-29 17:22:07,739 [INFO] streaming.state_manager: [SM] IDLE -> TRANSITION_TO_LIVE (crossfade 8 frames, queue=24)
2026-07-29 22:52:07+05:30 2026-07-29 17:22:07,824 [INFO] handler: WS_CLOSED session=conc-test-3-d14b44 ip=172.20.34.19
2026-07-29 22:52:07+05:30 2026-07-29 17:22:07,824 [INFO] handler: WS_CONNECTION_LOST session=conc-test-3-d14b44 ip=172.20.34.19
2026-07-29 22:52:07+05:30 2026-07-29 17:22:07,824 [INFO] aiohttp.access: 172.20.34.19 [29/Jul/2026:17:20:08 +0000] "GET /ws/conc-test-3-d14b44 HTTP/1.1" 101 0 "-" "Python/3.14 websockets/16.1.1"
2026-07-29 22:52:07+05:30 CONNECT /ws/conc-test-3-d14b44 -> 101 Switching Protocols  (duration: 119.3 s, execution: 119.2 s)
2026-07-29 22:52:08+05:30 2026-07-29 17:22:08,059 [INFO] streaming.state_manager: [SM] TRANSITION_TO_LIVE -> LIVE
2026-07-29 22:52:08+05:30 2026-07-29 17:22:08.067 | INFO     | flash_head.src.pipeline.flash_head_pipeline:generate:374 - [generate] GPU_BREAKDOWN denoise=231.6ms decode=72.2ms color=6.4ms encode=17.2ms total=328.0ms
2026-07-29 22:52:08+05:30 2026-07-29 17:22:08.067 | INFO     | flash_head.src.pipeline.flash_head_pipeline:generate:381 - [generate] DENOISE_STEPS total=231.6ms steps=[s0=58.0 s1=65.5 s2=54.7 s3=53.3] n_steps=4
2026-07-29 22:52:08+05:30 2026-07-29 17:22:08,163 [INFO] FlashHeadStreamingEngine: ENGINE_BREAKDOWN deque=1.0ms ctx=0.3ms embed=10.3ms infer=328.4ms xfer=95.6ms total=435.6ms
2026-07-29 22:52:08+05:30 2026-07-29 17:22:08,166 [INFO] stream_processor: UTTERANCE_DRAIN_STARTED session=conc-test-3-d14b44
2026-07-29 22:52:08+05:30 2026-07-29 17:22:08,179 [INFO] streaming.state_manager: [SM] Dropped 7 stale frames to protect A/V sync (qsize now 30)
2026-07-29 22:52:08+05:30 [METRICS] GPU_util=54% GPU_temp=49C GPU_mem=4.2GB/44.4GB (reserved=6.1GB) RSS=11886MB CPU_user=278.9s CPU_sys=24.6s sessions=1 pool=2/3
2026-07-29 22:52:08+05:30 2026-07-29 17:22:08,831 [INFO] FlashHeadStreamingEngine: ENGINE_METRICS windowMs=1111 inputSamples=21674 inputRateHz=19508 pendingSamples=0 pendingSeconds=0.00 slices=1 avgInferenceMs=328.4 maxInferenceMs=328.4 frameQueue=14 audioQueue=0
2026-07-29 22:52:08+05:30 2026-07-29 17:22:08,832 [INFO] FlashHeadStreamingEngine: FlashHeadStreamingEngine closed
2026-07-29 22:52:08+05:30 2026-07-29 17:22:08,833 [INFO] streaming.websocket_server: Unregistered WebSocket session: conc-test-3-d14b44
2026-07-29 22:52:08+05:30 2026-07-29 17:22:08,980 [INFO] stream_processor: [NATIVE-DIAG] {'event': 'connection_state_changed', 't': 122.787, 'state': '0'}
2026-07-29 22:52:08+05:30 2026-07-29 17:22:08,980 [INFO] stream_processor: [NATIVE-DIAG] {'event': 'disconnected', 't': 122.787, 'state': '0', 'reason': '1'}
2026-07-29 22:52:08+05:30 2026-07-29 17:22:08,981 [INFO] aiohttp.access: 172.20.34.19 [29/Jul/2026:17:22:08 +0000] "POST /sessions/conc-test-3-d14b44/end HTTP/1.1" 200 232 "-" "Python/3.14 aiohttp/3.14.1"
2026-07-29 22:52:09+05:30    POST /sessions/conc-test-3-d14b44/end -> 200 OK  (duration: 208.6 ms, execution: 172.1 ms)
2026-07-29 22:52:09+05:30 2026-07-29 17:22:09.044 | INFO     | flash_head.src.pipeline.flash_head_pipeline:generate:374 - [generate] GPU_BREAKDOWN denoise=246.8ms decode=72.0ms color=6.6ms encode=17.1ms total=342.8ms
2026-07-29 22:52:09+05:30 2026-07-29 17:22:09.044 | INFO     | flash_head.src.pipeline.flash_head_pipeline:generate:381 - [generate] DENOISE_STEPS total=246.8ms steps=[s0=55.7 s1=53.2 s2=86.9 s3=51.1] n_steps=4
2026-07-29 22:52:09+05:30 2026-07-29 17:22:09,135 [INFO] FlashHeadStreamingEngine: ENGINE_BREAKDOWN deque=1.0ms ctx=0.3ms embed=10.7ms infer=343.1ms xfer=91.0ms total=446.1ms
2026-07-29 22:52:13+05:30 [METRICS] GPU_util=0% GPU_temp=43C GPU_mem=4.2GB/44.4GB (reserved=6.1GB) RSS=11886MB CPU_user=280.0s CPU_sys=24.7s sessions=0 pool=3/3
2026-07-29 22:52:18+05:30 [METRICS] GPU_util=0% GPU_temp=43C GPU_mem=4.2GB/44.4GB (reserved=6.1GB) RSS=11886MB CPU_user=280.5s CPU_sys=24.7s sessions=0 pool=3/3
2026-07-29 22:52:23+05:30 [METRICS] GPU_util=0% GPU_temp=42C GPU_mem=4.2GB/44.4GB (reserved=6.1GB) RSS=11886MB CPU_user=280.9s CPU_sys=24.8s sessions=0 pool=3/3
2026-07-29 22:52:28+05:30 [METRICS] GPU_util=0% GPU_temp=42C GPU_mem=4.2GB/44.4GB (reserved=6.1GB) RSS=11886MB CPU_user=281.3s CPU_sys=24.8s sessions=0 pool=3/3
2026-07-29 22:52:33+05:30 [METRICS] GPU_util=0% GPU_temp=41C GPU_mem=4.2GB/44.4GB (reserved=6.1GB) RSS=11886MB CPU_user=281.8s CPU_sys=24.8s sessions=0 pool=3/3
2026-07-29 22:52:38+05:30 [METRICS] GPU_util=0% GPU_temp=41C GPU_mem=4.2GB/44.4GB (reserved=6.1GB) RSS=11886MB CPU_user=282.2s CPU_sys=24.9s sessions=0 pool=3/3
2026-07-29 22:52:43+05:30 [METRICS] GPU_util=0% GPU_temp=40C GPU_mem=4.2GB/44.4GB (reserved=6.1GB) RSS=11886MB CPU_user=282.7s CPU_sys=24.9s sessions=0 pool=3/3
